Rank,Recommended action,Status,Points achieved,Score impact,Category,Product,Have license?,Regressed,Tenant,Control ID,Notes
10,Ensure Administrative accounts are separate and cloud-only,Completed,2.6 / 3,3%,Identity,Microsoft Entra ID,Yes,No,A. Datum Legal,aad_admin_accounts_separate_unassigned_cloud_only,"Small legal firm posture: MFA gaps, mail hygiene drift, and guest access debt."
10,Ensure the admin consent workflow is enabled,To address,0.83 / 5,5%,Identity,Microsoft Entra ID,Yes,No,A. Datum Legal,aad_admin_consent_workflow,"Small legal firm posture: MFA gaps, mail hygiene drift, and guest access debt."
10,Ensure custom banned passwords lists are used,Planned,3.32 / 5,5%,Identity,Microsoft Entra ID,Yes,No,A. Datum Legal,aad_custom_banned_passwords,"Small legal firm posture: MFA gaps, mail hygiene drift, and guest access debt."
10,Ensure 'Microsoft Azure Management' is limited to administrative roles,To address,0.13 / 3,3%,Identity,Microsoft Entra ID,Yes,No,A. Datum Legal,aad_limited_administrative_roles,"Small legal firm posture: MFA gaps, mail hygiene drift, and guest access debt."
10,Ensure 'LinkedIn account connections' is disabled,To address,0.9 / 3,3%,Identity,Microsoft Entra ID,Yes,No,A. Datum Legal,aad_linkedin_connection_disables,"Small legal firm posture: MFA gaps, mail hygiene drift, and guest access debt."
10,Ensure that only organizationally managed/approved public groups exist,Planned,1.07 / 3,3%,Identity,Microsoft Entra ID,Yes,No,A. Datum Legal,aad_managed_approved_public_groups_only,"Small legal firm posture: MFA gaps, mail hygiene drift, and guest access debt."
10,Ensure password protection is enabled for on-prem Active Directory,Planned,2.99 / 6,6%,Identity,Microsoft Entra ID,No,No,A. Datum Legal,aad_password_protection,"Small legal firm posture: MFA gaps, mail hygiene drift, and guest access debt."
10,Ensure 'Phishing-resistant MFA strength' is required for Administrators,Planned,3.16 / 7,7%,Identity,Microsoft Entra ID,Yes,No,A. Datum Legal,aad_phishing_MFA_strength,"Small legal firm posture: MFA gaps, mail hygiene drift, and guest access debt."
10,Ensure Sign-in frequency is enabled and browser sessions are not persistent for Administrative users,Completed,4.51 / 5,5%,Identity,Microsoft Entra ID,Yes,No,A. Datum Legal,aad_sign_in_freq_session_timeout,"Small legal firm posture: MFA gaps, mail hygiene drift, and guest access debt."
10,Ensure third party integrated applications are not allowed,Planned,3.14 / 5,5%,Identity,Microsoft Entra ID,Yes,No,A. Datum Legal,aad_third_party_apps,"Small legal firm posture: MFA gaps, mail hygiene drift, and guest access debt."
65,Locate accounts in built-in Operator Groups,Planned,4.37 / 8,8%,Identity,Microsoft Entra ID,Yes,Yes,A. Datum Legal,AATP_AccountsInOperatorGroups,"Small legal firm posture: MFA gaps, mail hygiene drift, and guest access debt."
65,Accounts with non-default Primary Group ID,To address,0.3 / 5,5%,Identity,Microsoft Entra ID,Yes,No,A. Datum Legal,AATP_AccountsWithNonDefaultPrimaryGroup,"Small legal firm posture: MFA gaps, mail hygiene drift, and guest access debt."
65,Change password for accounts with leaked credentials,Planned,2.42 / 5,5%,Identity,Microsoft Entra ID,Yes,No,A. Datum Legal,AATP_AccountWithLeakedCredentials,"Small legal firm posture: MFA gaps, mail hygiene drift, and guest access debt."
65,Change password for on-prem account with potentially leaked credentials,Planned,2.76 / 5,5%,Identity,Microsoft Entra ID,Yes,No,A. Datum Legal,AATP_AdAccountWithPotentiallyLeakedCredentials,"Small legal firm posture: MFA gaps, mail hygiene drift, and guest access debt."
65,Prevent Certificate Enrollment with arbitrary Application Policies (ESC15),To address,1.56 / 5,5%,Identity,Microsoft Entra ID,Yes,No,A. Datum Legal,AATP_ADCSCertificateTemplateArbitraryAppPolicies,"Small legal firm posture: MFA gaps, mail hygiene drift, and guest access debt."
65,Prevent users to request a certificate valid for arbitrary users based on the certificate template (ESC1),Planned,2.46 / 5,5%,Identity,Microsoft Entra ID,Yes,Yes,A. Datum Legal,AATP_ADCSCertificateTemplateEnrolementSuppliesSubject,"Small legal firm posture: MFA gaps, mail hygiene drift, and guest access debt."
65,Install Defender for Identity Sensor on ADCS servers,To address,1.33 / 4,4%,Identity,Microsoft Entra ID,Yes,No,A. Datum Legal,AATP_AdcsComputersWithNoMdiSensorInstalled,"Small legal firm posture: MFA gaps, mail hygiene drift, and guest access debt."
65,Edit insecure certificate enrollment IIS endpoints (ESC8),Planned,2.18 / 5,5%,Identity,Microsoft Intune,Yes,No,A. Datum Legal,AATP_ADCSInsecureCertificateEnrollmentIisEndpoints,"Small legal firm posture: MFA gaps, mail hygiene drift, and guest access debt."
65,Edit misconfigured Certificate Authority ACL (ESC7),Planned,2.69 / 5,5%,Identity,Microsoft Entra ID,Yes,No,A. Datum Legal,AATP_ADCSMisconfiguredCertificateAuthorityAcl,"Small legal firm posture: MFA gaps, mail hygiene drift, and guest access debt."
65,Edit misconfigured certificate templates ACL (ESC4),Planned,3.51 / 5,5%,Identity,Microsoft Entra ID,Yes,No,A. Datum Legal,AATP_ADCSMisconfiguredCertificateTemplateAcl,"Small legal firm posture: MFA gaps, mail hygiene drift, and guest access debt."
60,Edit overly permissive Certificate Template with privileged EKU (Any purpose EKU or No EKU) (ESC2),To address,1.15 / 5,5%,Identity,Microsoft Entra ID,Yes,No,A. Datum Legal,AATP_ADCSMisconfiguredCertificateTemplateEku,"Small legal firm posture: MFA gaps, mail hygiene drift, and guest access debt."
65,Edit misconfigured enrollment agent certificate template (ESC3),Planned,3.56 / 5,5%,Identity,Microsoft Entra ID,No,No,A. Datum Legal,AATP_ADCSMisconfiguredCertificateTemplateEnrollmentAgent,"Small legal firm posture: MFA gaps, mail hygiene drift, and guest access debt."
65,Edit misconfigured certificate templates owner (ESC4),To address,0.01 / 5,5%,Identity,Microsoft Entra ID,Yes,No,A. Datum Legal,AATP_ADCSMisconfiguredCertificateTemplateOwner,"Small legal firm posture: MFA gaps, mail hygiene drift, and guest access debt."
65,Enforce encryption for RPC certificate enrollment interface (ESC8),Planned,2.01 / 5,5%,Identity,Microsoft Entra ID,Yes,No,A. Datum Legal,AATP_ADCSMisconfiguredRpcEnrollmentSigning,"Small legal firm posture: MFA gaps, mail hygiene drift, and guest access debt."
65,Edit vulnerable Certificate Authority setting (ESC6),To address,1.25 / 5,5%,Identity,Microsoft Entra ID,Yes,No,A. Datum Legal,AATP_ADCSSanSpecifiedByUserEnabled,"Small legal firm posture: MFA gaps, mail hygiene drift, and guest access debt."
65,Install Defender for Identity Sensor on ADFS servers,To address,0.54 / 4,4%,Identity,Microsoft Entra ID,Yes,Yes,A. Datum Legal,AATP_AdfsComputersWithNoMdiSensorInstalled,"Small legal firm posture: MFA gaps, mail hygiene drift, and guest access debt."
67,Remove access rights on suspicious accounts with the Admin SDHolder permission,Planned,3.13 / 5,5%,Identity,Microsoft Entra ID,No,No,A. Datum Legal,AATP_AdminSDHolder,"Small legal firm posture: MFA gaps, mail hygiene drift, and guest access debt."
65,Change password for Entra seamless SSO account,Planned,3.72 / 5,5%,Identity,Microsoft Entra ID,Yes,Yes,A. Datum Legal,AATP_AzureSsoAccountOldPasswords,"Small legal firm posture: MFA gaps, mail hygiene drift, and guest access debt."
65,Change password of built-in domain Administrator account,Completed,4.14 / 5,5%,Identity,Microsoft Entra ID,Yes,No,A. Datum Legal,AATP_BuiltinAdministratorAccountWithOldPassword,"Small legal firm posture: MFA gaps, mail hygiene drift, and guest access debt."
65,Built-in Active Directory Guest account is enabled,Planned,3.62 / 5,5%,Identity,Microsoft Entra ID,Yes,No,A. Datum Legal,AATP_BuiltinGuestAccountIsEnabled,"Small legal firm posture: MFA gaps, mail hygiene drift, and guest access debt."
65,Change password for krbtgt account,Planned,3.7 / 5,5%,Identity,Microsoft Entra ID,No,No,A. Datum Legal,AATP_BuiltinKrbtgtAccountWithOldPassword,"Small legal firm posture: MFA gaps, mail hygiene drift, and guest access debt."
67,Stop clear text credentials exposure,Planned,1.83 / 5,5%,Identity,Microsoft Entra ID,Yes,Yes,A. Datum Legal,AATP_ClearText,"Small legal firm posture: MFA gaps, mail hygiene drift, and guest access debt."
65,Remove stale CyberArk Identity privileged accounts,To address,1.52 / 5,5%,Identity,Microsoft Entra ID,Yes,No,A. Datum Legal,AATP_CyberArk_DormantPriviledgedAccounts,"Small legal firm posture: MFA gaps, mail hygiene drift, and guest access debt."
65,High number of CyberArk Identity accounts with a privileged role assigned,To address,1.3 / 5,5%,Identity,Microsoft Entra ID,Yes,No,A. Datum Legal,AATP_CyberArk_HighNumberOfPriviledgedIdentityAccounts,"Small legal firm posture: MFA gaps, mail hygiene drift, and guest access debt."
65,Limit the number of CyberArk Identity accounts with system admin role,Planned,1.75 / 5,5%,Identity,Microsoft Entra ID,Yes,Yes,A. Datum Legal,AATP_CyberArk_HighNumberOfSystemAdmins,"Small legal firm posture: MFA gaps, mail hygiene drift, and guest access debt."
65,Change password for CyberArk Identity privileged User accounts,Planned,3.99 / 6,6%,Identity,Microsoft Entra ID,Yes,No,A. Datum Legal,AATP_CyberArk_PriviledgedUserAccountsWithOldPasswords,"Small legal firm posture: MFA gaps, mail hygiene drift, and guest access debt."
59,"Start your Defender for Identity deployment, installing Sensors on Domain Controllers and other eligible servers.",Planned,3.38 / 5,5%,Identity,Microsoft Entra ID,Yes,No,A. Datum Legal,AATP_DefenderForIdentityIsNotInstalled,"Small legal firm posture: MFA gaps, mail hygiene drift, and guest access debt."
65,Unsafe permissions on the DnsAdmins group,Completed,6.65 / 8,8%,Identity,Microsoft Entra ID,Yes,No,A. Datum Legal,AATP_DnsAdminsGroupWithUnsafePermissions,"Small legal firm posture: MFA gaps, mail hygiene drift, and guest access debt."
65,Remove local admins on identity assets,Completed,4.18 / 5,5%,Identity,Microsoft Entra ID,Yes,No,A. Datum Legal,AATP_DomainControllerLocalUsers,"Small legal firm posture: MFA gaps, mail hygiene drift, and guest access debt."
65,Change Domain Controller computer account old password,Planned,2.74 / 5,5%,Identity,Microsoft Entra ID,Yes,Yes,A. Datum Legal,AATP_DomainControllersWithOldPassword,"Small legal firm posture: MFA gaps, mail hygiene drift, and guest access debt."
67,Remove dormant accounts from sensitive groups,Planned,2.43 / 5,5%,Identity,Microsoft Entra ID,Yes,No,A. Datum Legal,AATP_DormantAccounts,"Small legal firm posture: MFA gaps, mail hygiene drift, and guest access debt."
65,Rotate password for Entra Connect AD DS Connector account,Planned,1.35 / 3,3%,Identity,Microsoft Entra ID,Yes,No,A. Datum Legal,AATP_EntraConnectAccountsOldPasswords,"Small legal firm posture: MFA gaps, mail hygiene drift, and guest access debt."
65,Replace Enterprise or Domain Admin account for Entra Connect AD DS Connector account,To address,0.98 / 3,3%,Identity,Microsoft Entra ID,Yes,No,A. Datum Legal,AATP_EntraConnectAccountsWithConnectorAccountAsDefaultAdmin,"Small legal firm posture: MFA gaps, mail hygiene drift, and guest access debt."
65,Remove unnecessary replication permissions for Entra Connect AD DS Connector Account,To address,2.59 / 8,8%,Identity,Microsoft Entra ID,Yes,No,A. Datum Legal,AATP_EntraConnectAccountUnnecessaryReplicationPermission,"Small legal firm posture: MFA gaps, mail hygiene drift, and guest access debt."
65,Install Defender for Identity Sensor on Entra Connect servers,Planned,2.27 / 4,4%,Identity,Microsoft Entra ID,Yes,No,A. Datum Legal,AATP_EntraConnectComputersWithNoMdiSensorInstalled,"Small legal firm posture: MFA gaps, mail hygiene drift, and guest access debt."
65,Remove unsafe permissions on sensitive Entra Connect accounts,Planned,6.75 / 9,9%,Identity,Microsoft Entra ID,Yes,No,A. Datum Legal,AATP_EntraConnectSensitiveAccountsWithUnsafePermissions,"Small legal firm posture: MFA gaps, mail hygiene drift, and guest access debt."
65,Remove discoverable passwords in Active Directory account attributes,Planned,5.23 / 8,8%,Identity,Microsoft Entra ID,Yes,No,A. Datum Legal,AATP_ExposedPasswordsInADAttributes,"Small legal firm posture: MFA gaps, mail hygiene drift, and guest access debt."
65,Set a valid password rotation interval for gMSA,Completed,4.97 / 6,6%,Identity,Microsoft Entra ID,Yes,No,A. Datum Legal,AATP_GroupManagedServiceAccountWithUnrecommendedPasswordChangeInterval,"Small legal firm posture: MFA gaps, mail hygiene drift, and guest access debt."
65,GPO can be modified by unprivileged accounts,Completed,4.63 / 5,5%,Identity,Microsoft Entra ID,Yes,No,A. Datum Legal,AATP_GroupPolicyAbnormalModificationAssignment,"Small legal firm posture: MFA gaps, mail hygiene drift, and guest access debt."
65,GPO assigns unprivileged identities to local groups with elevated privileges,Planned,5.01 / 7,7%,Identity,Microsoft Entra ID,Yes,No,A. Datum Legal,AATP_GroupPolicyAssignsUnprivilegedIdentitiesToElevatedLocalGroups,"Small legal firm posture: MFA gaps, mail hygiene drift, and guest access debt."
65,Reversible passwords found in GPOs,To address,2.37 / 8,8%,Identity,Microsoft Entra ID,Yes,No,A. Datum Legal,AATP_GroupPolicyPasswordInPreferences,"Small legal firm posture: MFA gaps, mail hygiene drift, and guest access debt."
61,Set a honeytoken account,To address,0.31 / 1,1%,Identity,Microsoft Entra ID,Yes,No,A. Datum Legal,AATP_HoneyToken,"Small legal firm posture: MFA gaps, mail hygiene drift, and guest access debt."
65,Remove stale service accounts,Planned,3.23 / 5,5%,Identity,Microsoft Entra ID,Yes,No,A. Datum Legal,AATP_InactiveServiceAccounts,"Small legal firm posture: MFA gaps, mail hygiene drift, and guest access debt."
67,Modify unsecure Kerberos delegations to prevent impersonation,Planned,2.72 / 5,5%,Identity,Microsoft Entra ID,Yes,No,A. Datum Legal,AATP_KerberosDelegations,"Small legal firm posture: MFA gaps, mail hygiene drift, and guest access debt."
66,Remove non-admin accounts with DCSync permissions,Planned,3.28 / 5,5%,Identity,Microsoft Entra ID,Yes,No,A. Datum Legal,AATP_NonAdminDCSyncAccounts,"Small legal firm posture: MFA gaps, mail hygiene drift, and guest access debt."
65,Remove dormant Okta privileged accounts,Completed,4.49 / 5,5%,Identity,Microsoft Entra ID,Yes,No,A. Datum Legal,AATP_Okta_Dormant,"Small legal firm posture: MFA gaps, mail hygiene drift, and guest access debt."
65,High number of Okta accounts with privileged role assigned,Planned,3.72 / 5,5%,Identity,Microsoft Entra ID,Yes,No,A. Datum Legal,AATP_Okta_HighNumberOfNonSuperAdminPrivilegedUserAccounts,"Small legal firm posture: MFA gaps, mail hygiene drift, and guest access debt."
65,Limit the Number of Okta Super Admins Accounts,Planned,2.76 / 5,5%,Identity,Microsoft Entra ID,No,No,A. Datum Legal,AATP_Okta_HighNumberOfSuperAdmins,"Small legal firm posture: MFA gaps, mail hygiene drift, and guest access debt."
65,Change password for Okta privileged User accounts,Planned,3.42 / 6,6%,Identity,Microsoft Entra ID,Yes,No,A. Datum Legal,AATP_Okta_SensitiveAccountWithOldPassword,"Small legal firm posture: MFA gaps, mail hygiene drift, and guest access debt."
65,Assign multi-factor authentication for Okta privileged user accounts,Planned,2.26 / 5,5%,Identity,Microsoft Entra ID,Yes,No,A. Datum Legal,AATP_Okta_SensitiveAccountWithoutFactorsAssigned,"Small legal firm posture: MFA gaps, mail hygiene drift, and guest access debt."
65,Highly Privileged Okta Api Token,Planned,1.81 / 5,5%,Identity,Microsoft Entra ID,Yes,No,A. Datum Legal,AATP_Okta_SensitiveApiToken,"Small legal firm posture: MFA gaps, mail hygiene drift, and guest access debt."
67,Reduce lateral movement path risk to sensitive entities,To address,0.1 / 5,5%,Identity,Microsoft Entra ID,Yes,No,A. Datum Legal,AATP_PathRisk,"Small legal firm posture: MFA gaps, mail hygiene drift, and guest access debt."
65,Remove stale PingOne privileged accounts,Planned,3.76 / 5,5%,Identity,Microsoft Entra ID,Yes,No,A. Datum Legal,AATP_Ping_Dormant,"Small legal firm posture: MFA gaps, mail hygiene drift, and guest access debt."
65,High number of PingOne accounts with a privileged role assigned,Completed,4.45 / 5,5%,Identity,Microsoft Entra ID,Yes,No,A. Datum Legal,AATP_Ping_HighNumberOfNonSuperAdminPrivilegedUserAccounts,"Small legal firm posture: MFA gaps, mail hygiene drift, and guest access debt."
65,Limit the number of PingOne accounts with organization admin role,Planned,3.31 / 5,5%,Identity,Microsoft Entra ID,Yes,Yes,A. Datum Legal,AATP_Ping_HighNumberOfSuperAdmins,"Small legal firm posture: MFA gaps, mail hygiene drift, and guest access debt."
65,Change password for PingOne privileged User accounts,Planned,3.04 / 6,6%,Identity,Microsoft Entra ID,Yes,No,A. Datum Legal,AATP_Ping_SensitiveAccountWithOldPassword,"Small legal firm posture: MFA gaps, mail hygiene drift, and guest access debt."
65,Assign multi-factor authentication for PingOne privileged user accounts,Planned,3.07 / 5,5%,Identity,Microsoft Entra ID,Yes,Yes,A. Datum Legal,AATP_Ping_SensitiveAccountWithoutFactorsAssigned,"Small legal firm posture: MFA gaps, mail hygiene drift, and guest access debt."
67,Disable Print spooler service on domain controllers,Planned,2.43 / 5,5%,Identity,Microsoft Entra ID,Yes,No,A. Datum Legal,AATP_PrintSpooler,"Small legal firm posture: MFA gaps, mail hygiene drift, and guest access debt."
65,Ensure privileged accounts are not delegated,To address,0.81 / 5,5%,Identity,Microsoft Entra ID,Yes,No,A. Datum Legal,AATP_PrivilegedAccountsWithDelegationAllowed,"Small legal firm posture: MFA gaps, mail hygiene drift, and guest access debt."
65,Identify Entra ID privileged accounts that are also privileged in Active Directory,Planned,3.36 / 9,9%,Identity,Microsoft Entra ID,Yes,No,A. Datum Legal,AATP_PrivilegedEntraIdAndActiveDirectoryAccounts,"Small legal firm posture: MFA gaps, mail hygiene drift, and guest access debt."
67,Protect and manage local admin passwords with Microsoft LAPS,Planned,3.98 / 5,5%,Identity,Microsoft Entra ID,Yes,No,A. Datum Legal,AATP_PwdLAPS,"Small legal firm posture: MFA gaps, mail hygiene drift, and guest access debt."
65,Remove stale SailPoint privileged accounts,Completed,4.36 / 5,5%,Identity,Microsoft Entra ID,Yes,No,A. Datum Legal,AATP_SailPoint_DormantPriviledgedAccounts,"Small legal firm posture: MFA gaps, mail hygiene drift, and guest access debt."
65,High number of SailPoint accounts with a privileged role assigned,Completed,4.46 / 5,5%,Identity,Microsoft Entra ID,Yes,No,A. Datum Legal,AATP_SailPoint_HighNumberOfPriviledgedIdentityAccounts,"Small legal firm posture: MFA gaps, mail hygiene drift, and guest access debt."
65,Limit the number of SailPoint accounts with system admin role,Planned,2.97 / 5,5%,Identity,Microsoft Entra ID,Yes,No,A. Datum Legal,AATP_SailPoint_HighNumberOfSystemAdmins,"Small legal firm posture: MFA gaps, mail hygiene drift, and guest access debt."
65,Assign multi-factor authentication for SailPoint privileged user accounts,Planned,2.42 / 5,5%,Identity,Microsoft Entra ID,Yes,No,A. Datum Legal,AATP_SailPoint_MFAforPriviledgedUserAccounts,"Small legal firm posture: MFA gaps, mail hygiene drift, and guest access debt."
65,Change password for SailPoint privileged User accounts,Planned,2.25 / 5,5%,Identity,Microsoft Entra ID,No,No,A. Datum Legal,AATP_SailPoint_PriviledgedUserAccountsWithOldPasswords,"Small legal firm posture: MFA gaps, mail hygiene drift, and guest access debt."
60,Install Defender for Identity Sensor on all Domain Controllers,Planned,1.9 / 4,4%,Identity,Microsoft Entra ID,Yes,No,A. Datum Legal,AATP_Sensor,"Small legal firm posture: MFA gaps, mail hygiene drift, and guest access debt."
65,Identify service accounts in privileged groups,Planned,2.91 / 7,7%,Identity,Microsoft Entra ID,Yes,No,A. Datum Legal,AATP_ServiceAccountsInPrivilegedGroup,"Small legal firm posture: MFA gaps, mail hygiene drift, and guest access debt."
67,Remove unsecure SID history attributes from entities,Planned,2.97 / 5,5%,Identity,Microsoft Entra ID,Yes,No,A. Datum Legal,AATP_SIDHistory,"Small legal firm posture: MFA gaps, mail hygiene drift, and guest access debt."
65,Rotate old password for sMSA and set up valid rotation interval in the GPO,Planned,4.44 / 6,6%,Identity,Microsoft Entra ID,Yes,No,A. Datum Legal,AATP_SingleManagedServiceAccountsWithOldPassword,"Small legal firm posture: MFA gaps, mail hygiene drift, and guest access debt."
65,Remove stale Active Directory accounts,Planned,3.73 / 5,5%,Identity,Microsoft Entra ID,Yes,No,A. Datum Legal,AATP_StaleAccounts,"Small legal firm posture: MFA gaps, mail hygiene drift, and guest access debt."
67,Resolve unsecure account attributes,To address,0.85 / 5,5%,Identity,Microsoft Entra ID,Yes,No,A. Datum Legal,AATP_UnsecureAccount,"Small legal firm posture: MFA gaps, mail hygiene drift, and guest access debt."
60,Resolve unsecure domain configurations,Completed,4.32 / 5,5%,Identity,Microsoft Entra ID,Yes,No,A. Datum Legal,AATP_UnsecureDomain,"Small legal firm posture: MFA gaps, mail hygiene drift, and guest access debt."
63,Configure VPN integration,Planned,0.49 / 1,1%,Identity,Microsoft Entra ID,Yes,No,A. Datum Legal,AATP_Vpn,"Small legal firm posture: MFA gaps, mail hygiene drift, and guest access debt."
67,Stop weak cipher usage,Planned,3.21 / 5,5%,Identity,Microsoft Entra ID,Yes,No,A. Datum Legal,AATP_WeakCipher,"Small legal firm posture: MFA gaps, mail hygiene drift, and guest access debt."
10,Ensure 'User owned apps and services' is restricted,Planned,1.41 / 3,3%,Identity,Microsoft Entra ID,Yes,No,A. Datum Legal,admincenter_owned_apps_and_services,"Small legal firm posture: MFA gaps, mail hygiene drift, and guest access debt."
1,Ensure multifactor authentication is enabled for all users in administrative roles,Planned,5.26 / 10,10%,Identity,Microsoft Entra ID,Yes,No,A. Datum Legal,AdminMFAV2,"Small legal firm posture: MFA gaps, mail hygiene drift, and guest access debt."
9,Regulate cloud app access to sensitive data,Planned,4.25 / 7,7%,Apps,AppG,Yes,No,A. Datum Legal,AppG_regulate_access_to_sensitive_data,"Small legal firm posture: MFA gaps, mail hygiene drift, and guest access debt."
10,Regulate apps with priority account consent,Planned,3.13 / 7,7%,Apps,AppG,No,No,A. Datum Legal,AppG_unusual_activity_with_priority_account,"Small legal firm posture: MFA gaps, mail hygiene drift, and guest access debt."
68,Enable Conditional Access policies to block legacy authentication,Planned,5.41 / 8,8%,Identity,Microsoft Entra ID,Yes,No,A. Datum Legal,BlockLegacyAuthentication,"Small legal firm posture: MFA gaps, mail hygiene drift, and guest access debt."
127,Ensure the customer lockbox feature is enabled,Completed,0.95 / 1,1%,Apps,Exchange Online,Yes,No,A. Datum Legal,CustomerLockBoxEnabled,"Small legal firm posture: MFA gaps, mail hygiene drift, and guest access debt."
128,Ensure DLP policies are enabled,Planned,2.99 / 5,5%,Data,MIP,Yes,No,A. Datum Legal,dlp_datalossprevention,"Small legal firm posture: MFA gaps, mail hygiene drift, and guest access debt."
128,Ensure 'External sharing' of calendars is not available,Planned,2.91 / 5,5%,Apps,Exchange Online,Yes,No,A. Datum Legal,exo_individualsharing,"Small legal firm posture: MFA gaps, mail hygiene drift, and guest access debt."
10,Ensure mailbox auditing for all users is Enabled,Planned,1.47 / 3,3%,Apps,Exchange Online,Yes,Yes,A. Datum Legal,exo_mailboxaudit,"Small legal firm posture: MFA gaps, mail hygiene drift, and guest access debt."
10,Ensure MailTips are enabled for end users,Planned,1.15 / 3,3%,Apps,Exchange Online,Yes,Yes,A. Datum Legal,exo_mailtipsenabled,"Small legal firm posture: MFA gaps, mail hygiene drift, and guest access debt."
10,Ensure modern authentication for Exchange Online is enabled,Planned,1.11 / 3,3%,Identity,Exchange Online,Yes,No,A. Datum Legal,exo_oauth2clientprofileenabled,"Small legal firm posture: MFA gaps, mail hygiene drift, and guest access debt."
10,Ensure users installing Outlook add-ins is not allowed,Planned,1.29 / 3,3%,Apps,Exchange Online,No,No,A. Datum Legal,exo_outlookaddins,"Small legal firm posture: MFA gaps, mail hygiene drift, and guest access debt."
10,Ensure that SPF records are published for all Exchange Domains,Planned,3.28 / 5,5%,Apps,Exchange Online,Yes,No,A. Datum Legal,exo_SPF_records_for_all_domains,"Small legal firm posture: MFA gaps, mail hygiene drift, and guest access debt."
10,Ensure additional storage providers are restricted in Outlook on the web,Planned,3.64 / 5,5%,Apps,Exchange Online,Yes,No,A. Datum Legal,exo_storageproviderrestricted,"Small legal firm posture: MFA gaps, mail hygiene drift, and guest access debt."
128,Ensure Spam confidence level (SCL) is configured in mail transport rules with specific domains,Planned,1.67 / 3,3%,Apps,Exchange Online,No,No,A. Datum Legal,exo_transportrulesallowlistdomains,"Small legal firm posture: MFA gaps, mail hygiene drift, and guest access debt."
10,Ensure internal phishing protection for Forms is enabled,To address,0.47 / 6,6%,Apps,FORMS,Yes,No,A. Datum Legal,forms_phishing_protection,"Small legal firm posture: MFA gaps, mail hygiene drift, and guest access debt."
35,Ensure user consent to apps accessing company data on their behalf is not allowed,Planned,1.94 / 4,4%,Identity,Microsoft Entra ID,Yes,No,A. Datum Legal,IntegratedApps,"Small legal firm posture: MFA gaps, mail hygiene drift, and guest access debt."
10,Ensure Microsoft Defender for Cloud Apps is enabled and configured,Planned,2.68 / 5,5%,Apps,Microsoft Defender,Yes,No,A. Datum Legal,mcas_mda_enabled,"Small legal firm posture: MFA gaps, mail hygiene drift, and guest access debt."
82,Deploy a log collector to discover shadow IT activity,Planned,0.6 / 1,1%,Apps,MCAS,Yes,Yes,A. Datum Legal,McasFirewallLogUpload,"Small legal firm posture: MFA gaps, mail hygiene drift, and guest access debt."
10,Enable multi-factor authentication (MFA),Planned,2.91 / 7,7%,Identity,Microsoft Entra ID,Yes,No,A. Datum Legal,MDA_Atlassian_EnableTwoFactorAuth,"Small legal firm posture: MFA gaps, mail hygiene drift, and guest access debt."
10,Enable Single Sing On (SSO),To address,0.19 / 7,7%,Identity,Microsoft Entra ID,No,No,A. Datum Legal,MDA_Atlassian_ForceSSO,"Small legal firm posture: MFA gaps, mail hygiene drift, and guest access debt."
10,Enable session timeout for web users,Planned,4.89 / 6,6%,Identity,Microsoft Entra ID,Yes,No,A. Datum Legal,MDA_Atlassian_InactiveTimeoutMins,"Small legal firm posture: MFA gaps, mail hygiene drift, and guest access debt."
10,Atlassian mobile app security - App access requirement,Completed,4.99 / 6,6%,Identity,Microsoft Entra ID,Yes,No,A. Datum Legal,MDA_Atlassian_mobile_access,"Small legal firm posture: MFA gaps, mail hygiene drift, and guest access debt."
10,Atlassian mobile app security - App data protection,Planned,4.26 / 6,6%,Apps,MDA_Atlassian,Yes,No,A. Datum Legal,MDA_Atlassian_mobile_dataprotection,"Small legal firm posture: MFA gaps, mail hygiene drift, and guest access debt."
10,Atlassian mobile app security - Users that are affected by policies,To address,0.42 / 3,3%,Identity,Microsoft Entra ID,No,No,A. Datum Legal,MDA_Atlassian_mobile_UsersAffected,"Small legal firm posture: MFA gaps, mail hygiene drift, and guest access debt."
10,Enable Password expiration policies,Planned,4.12 / 6,6%,Identity,Microsoft Entra ID,Yes,No,A. Datum Legal,MDA_Atlassian_passwordExpiry,"Small legal firm posture: MFA gaps, mail hygiene drift, and guest access debt."
10,Enable multi-factor authentication (MFA),Planned,3.8 / 7,7%,Identity,Microsoft Entra ID,Yes,No,A. Datum Legal,MDA_CitrixSF_EnableTwoFactorAuth,"Small legal firm posture: MFA gaps, mail hygiene drift, and guest access debt."
10,Enable Single Sign on (SSO),To address,0.18 / 7,7%,Identity,Microsoft Entra ID,Yes,No,A. Datum Legal,MDA_CitrixSF_ForceSSO,"Small legal firm posture: MFA gaps, mail hygiene drift, and guest access debt."
10,Enable session timeout for web users,To address,0.38 / 6,6%,Identity,Microsoft Entra ID,Yes,No,A. Datum Legal,MDA_CitrixSF_InactiveTimeoutMins,"Small legal firm posture: MFA gaps, mail hygiene drift, and guest access debt."
10,Enhance 'login maximum attempts' - Lockout timer,Planned,3.88 / 6,6%,Identity,Microsoft Entra ID,Yes,No,A. Datum Legal,MDA_CitrixSF_LoginFailLockoutSecs,"Small legal firm posture: MFA gaps, mail hygiene drift, and guest access debt."
10,Enhance 'login maximum attempts' - Number of attempts,To address,1.91 / 6,6%,Identity,Microsoft Entra ID,Yes,No,A. Datum Legal,MDA_CitrixSF_LoginFailMaxAttempts,"Small legal firm posture: MFA gaps, mail hygiene drift, and guest access debt."
10,Enable password minimum length,Planned,2.56 / 4,4%,Identity,Microsoft Entra ID,Yes,No,A. Datum Legal,MDA_CitrixSF_MinimumLength,"Small legal firm posture: MFA gaps, mail hygiene drift, and guest access debt."
10,Enable password minimum numeric characters,Completed,3.49 / 4,4%,Identity,Microsoft Entra ID,No,No,A. Datum Legal,MDA_CitrixSF_MinimumNumeric,"Small legal firm posture: MFA gaps, mail hygiene drift, and guest access debt."
10,Enable password minimum special characters,Planned,3.01 / 4,4%,Identity,Microsoft Entra ID,No,No,A. Datum Legal,MDA_CitrixSF_MinimumSpecialCharacters,"Small legal firm posture: MFA gaps, mail hygiene drift, and guest access debt."
10,Enable password expiration policies,Planned,2.93 / 4,4%,Identity,Microsoft Entra ID,Yes,Yes,A. Datum Legal,MDA_CitrixSF_PasswordMaxAgeDays,"Small legal firm posture: MFA gaps, mail hygiene drift, and guest access debt."
10,Enhance password requirements,To address,0.46 / 4,4%,Identity,Microsoft Entra ID,Yes,No,A. Datum Legal,MDA_DocuSign_EnhancedPassword,"Small legal firm posture: MFA gaps, mail hygiene drift, and guest access debt."
10,Password expiry requirements,To address,1.11 / 4,4%,Identity,Microsoft Entra ID,Yes,No,A. Datum Legal,MDA_DocuSign_PasswordExpires,"Small legal firm posture: MFA gaps, mail hygiene drift, and guest access debt."
10,Enable session timeout for web users,Planned,3.14 / 6,6%,Identity,Microsoft Entra ID,Yes,No,A. Datum Legal,MDA_DocuSign_SessionTimeout,"Small legal firm posture: MFA gaps, mail hygiene drift, and guest access debt."
10,Enable web session timeout for web users,Planned,4.5 / 6,6%,Identity,Microsoft Entra ID,Yes,No,A. Datum Legal,MDA_Dropbox_InactiveTimeoutMins,"Small legal firm posture: MFA gaps, mail hygiene drift, and guest access debt."
10,Disable 'Allow members to view dependency insights',Completed,3.44 / 4,4%,Identity,Microsoft Entra ID,Yes,No,A. Datum Legal,MDA_GitHub_DependencyInsights,"Small legal firm posture: MFA gaps, mail hygiene drift, and guest access debt."
10,Enabled 'email notification delivery for this enterprise is restricted to verified or approved domains',Planned,1.8 / 3,3%,Apps,Exchange Online,Yes,No,A. Datum Legal,MDA_GitHub_EmailNotificationRestrictedToVerifiedOrApprovedDomains,"Small legal firm posture: MFA gaps, mail hygiene drift, and guest access debt."
10,Enforce IP allow list configuration for org resources,Completed,3.53 / 4,4%,Identity,Microsoft Entra ID,No,No,A. Datum Legal,MDA_GitHub_IPallowListConfigurationForOrgResources,"Small legal firm posture: MFA gaps, mail hygiene drift, and guest access debt."
10,Disable 'Allow repository administrators to invite outside collaborators to repositories for this organization,To address,0.8 / 4,4%,Identity,Microsoft Entra ID,Yes,No,A. Datum Legal,MDA_GitHub_OutsideCollabInvitation,"Small legal firm posture: MFA gaps, mail hygiene drift, and guest access debt."
10,Disable private repository forking,To address,0.34 / 7,7%,Apps,MDA_GitHub,Yes,No,A. Datum Legal,MDA_GitHub_PrivateRepositoryForkingSetting,"Small legal firm posture: MFA gaps, mail hygiene drift, and guest access debt."
10,"Disable 'Members will be able to create public repositories, visible to anyone'",To address,0.6 / 4,4%,Identity,Microsoft Entra ID,Yes,No,A. Datum Legal,MDA_GitHub_PublicRepoCreation,"Small legal firm posture: MFA gaps, mail hygiene drift, and guest access debt."
10,Disable 'members with admin permissions for repositories can delete or transfer repositories',Planned,4.12 / 6,6%,Identity,Microsoft Entra ID,Yes,No,A. Datum Legal,MDA_GitHub_RepoTransferOrDeletion,"Small legal firm posture: MFA gaps, mail hygiene drift, and guest access debt."
10,Disable 'Allow members to change repository visibilities for this organization',Planned,3.22 / 6,6%,Apps,MDA_GitHub,No,No,A. Datum Legal,MDA_GitHub_RepoVisibility_change,"Small legal firm posture: MFA gaps, mail hygiene drift, and guest access debt."
10,Enable single sign on (SSO),Planned,1.92 / 3,3%,Identity,Microsoft Entra ID,Yes,No,A. Datum Legal,MDA_GitHub_SAML,"Small legal firm posture: MFA gaps, mail hygiene drift, and guest access debt."
10,Enable multi-factor authentication (MFA),Completed,6.51 / 7,7%,Identity,Microsoft Entra ID,No,No,A. Datum Legal,MDA_Google_EnableTwoFactorAuth,"Small legal firm posture: MFA gaps, mail hygiene drift, and guest access debt."
10,Adopt SSO (Single sign on) in netDocuments,Planned,5.02 / 7,7%,Identity,Microsoft Entra ID,Yes,No,A. Datum Legal,MDA_NetDocuments_SSO,"Small legal firm posture: MFA gaps, mail hygiene drift, and guest access debt."
10,Enhance password requirements,Completed,3.35 / 4,4%,Identity,Microsoft Entra ID,Yes,No,A. Datum Legal,MDA_Okta_EnhancedPassword,"Small legal firm posture: MFA gaps, mail hygiene drift, and guest access debt."
10,Enable multi-factor authentication,Planned,5.61 / 7,7%,Identity,Microsoft Entra ID,Yes,No,A. Datum Legal,MDA_Okta_MFA,"Small legal firm posture: MFA gaps, mail hygiene drift, and guest access debt."
10,Password expiry requirements,Planned,1.79 / 4,4%,Identity,Microsoft Entra ID,Yes,No,A. Datum Legal,MDA_Okta_PasswordExpires,"Small legal firm posture: MFA gaps, mail hygiene drift, and guest access debt."
10,Enable session timeout for web users,Planned,2.69 / 6,6%,Identity,Microsoft Entra ID,No,No,A. Datum Legal,MDA_Okta_SessionTimeout,"Small legal firm posture: MFA gaps, mail hygiene drift, and guest access debt."
10,Remote Site,Planned,1.97 / 5,5%,Apps,MDA_SF,Yes,No,A. Datum Legal,MDA_SF_disableProtocolSecurity,"Small legal firm posture: MFA gaps, mail hygiene drift, and guest access debt."
10,Disable Administrators Can Log In As Any User,To address,0.93 / 3,3%,Identity,Microsoft Entra ID,Yes,No,A. Datum Legal,MDA_SF_enableAdminLoginAsAnyUser,"Small legal firm posture: MFA gaps, mail hygiene drift, and guest access debt."
10,Disable Caching and Autocomplete on Login Page via Session settings,Planned,2.67 / 4,4%,Identity,Microsoft Entra ID,Yes,No,A. Datum Legal,MDA_SF_enableCacheAndAutocomplete,"Small legal firm posture: MFA gaps, mail hygiene drift, and guest access debt."
10,Enable clickjack protection for non-Setup for Salesforce pages,To address,0.05 / 3,3%,Apps,MDA_SF,Yes,Yes,A. Datum Legal,MDA_SF_enableClickjackNonsetupSFDC,"Small legal firm posture: MFA gaps, mail hygiene drift, and guest access debt."
10,Enable clickjack protection for customer VisualForce pages with standard headers,Completed,2.8 / 3,3%,Apps,MDA_SF,Yes,No,A. Datum Legal,MDA_SF_enableClickjackNonsetupUser,"Small legal firm posture: MFA gaps, mail hygiene drift, and guest access debt."
10,Enable clickjack protection for customer VisualForce pages with headers disabled,Planned,2.34 / 3,3%,Apps,MDA_SF,Yes,No,A. Datum Legal,MDA_SF_enableClickjackNonsetupUserHeaderless,"Small legal firm posture: MFA gaps, mail hygiene drift, and guest access debt."
10,Enable clickjack protection for Setup pages,Planned,1.9 / 3,3%,Apps,MDA_SF,Yes,No,A. Datum Legal,MDA_SF_enableClickjackSetup,"Small legal firm posture: MFA gaps, mail hygiene drift, and guest access debt."
10,Enable Content Sniffing protection,Planned,1.43 / 3,3%,Apps,MDA_SF,Yes,Yes,A. Datum Legal,MDA_SF_enableContentSniffingProtection,"Small legal firm posture: MFA gaps, mail hygiene drift, and guest access debt."
10,Enable Content Security Policy protection for email templates,To address,0.11 / 3,3%,Apps,Exchange Online,No,No,A. Datum Legal,MDA_SF_enableCSPOnEmail,"Small legal firm posture: MFA gaps, mail hygiene drift, and guest access debt."
10,Enable CSRF protection on GET requests on non-setup pages,Planned,2.27 / 3,3%,Apps,MDA_SF,Yes,No,A. Datum Legal,MDA_SF_enableCSRFOnGet,"Small legal firm posture: MFA gaps, mail hygiene drift, and guest access debt."
10,Enable CSRF protection on POST requests on non-setup pages,Planned,1.11 / 3,3%,Apps,MDA_SF,Yes,No,A. Datum Legal,MDA_SF_enableCSRFOnPost,"Small legal firm posture: MFA gaps, mail hygiene drift, and guest access debt."
33,Require identity verification during multi-factor authentication (MFA) registration,Planned,4.58 / 7,7%,Identity,Microsoft Entra ID,Yes,No,A. Datum Legal,MDA_SF_enableMultipleSamlConfigs,"Small legal firm posture: MFA gaps, mail hygiene drift, and guest access debt."
10,Let users verify their identity by text (SMS),Planned,5.3 / 7,7%,Identity,Microsoft Entra ID,Yes,Yes,A. Datum Legal,MDA_SF_enableSMSIdentity,"Small legal firm posture: MFA gaps, mail hygiene drift, and guest access debt."
10,Enforce login IP ranges on every request,To address,1.03 / 5,5%,Identity,Microsoft Entra ID,Yes,No,A. Datum Legal,MDA_SF_enforceIpRangesEveryRequest,"Small legal firm posture: MFA gaps, mail hygiene drift, and guest access debt."
10,Force logout on session timeout,Planned,4.54 / 7,7%,Identity,Microsoft Entra ID,Yes,No,A. Datum Legal,MDA_SF_forceLogoutOnSessionTimeout,"Small legal firm posture: MFA gaps, mail hygiene drift, and guest access debt."
10,Force (admin) relogin after Login-As-User,Planned,2.06 / 3,3%,Identity,Microsoft Entra ID,No,No,A. Datum Legal,MDA_SF_forceRelogin,"Small legal firm posture: MFA gaps, mail hygiene drift, and guest access debt."
10,Require identity verification for change of email address,To address,1.27 / 5,5%,Identity,Exchange Online,Yes,No,A. Datum Legal,MDA_SF_identityConfirmationOnEmailChange,"Small legal firm posture: MFA gaps, mail hygiene drift, and guest access debt."
10,Lock sessions to the domain in which they were first used,To address,1.99 / 7,7%,Identity,Microsoft Entra ID,Yes,No,A. Datum Legal,MDA_SF_lockSessionsToDomain,"Small legal firm posture: MFA gaps, mail hygiene drift, and guest access debt."
10,Maximum invalid login attempts,Planned,1.95 / 5,5%,Identity,Microsoft Entra ID,Yes,No,A. Datum Legal,MDA_SF_maxLoginAttempts,"Small legal firm posture: MFA gaps, mail hygiene drift, and guest access debt."
10,Require a minimum 1 day password lifetime,Planned,3.39 / 5,5%,Identity,Microsoft Entra ID,No,Yes,A. Datum Legal,MDA_SF_minimumPasswordLifetime,"Small legal firm posture: MFA gaps, mail hygiene drift, and guest access debt."
10,Password complexity requirement,Planned,2.46 / 4,4%,Identity,Microsoft Entra ID,No,No,A. Datum Legal,MDA_SF_password_complexity,"Small legal firm posture: MFA gaps, mail hygiene drift, and guest access debt."
10,User passwords expire in 90 days or less,Completed,4.48 / 5,5%,Identity,Microsoft Entra ID,Yes,No,A. Datum Legal,MDA_SF_password_expiration,"Small legal firm posture: MFA gaps, mail hygiene drift, and guest access debt."
10,Enforce password history,Planned,2.85 / 4,4%,Identity,Microsoft Entra ID,Yes,No,A. Datum Legal,MDA_SF_password_historyRestriction,"Small legal firm posture: MFA gaps, mail hygiene drift, and guest access debt."
10,Lockout effective period,Planned,4.43 / 7,7%,Identity,Microsoft Entra ID,Yes,No,A. Datum Legal,MDA_SF_password_lockoutInterval,"Small legal firm posture: MFA gaps, mail hygiene drift, and guest access debt."
10,Minimum password length,To address,1.35 / 4,4%,Identity,Microsoft Entra ID,Yes,No,A. Datum Legal,MDA_SF_password_minimumPasswordLength,"Small legal firm posture: MFA gaps, mail hygiene drift, and guest access debt."
10,Obscure secret answer for password resets,Planned,1.4 / 3,3%,Identity,Microsoft Entra ID,No,No,A. Datum Legal,MDA_SF_password_obscureSecretAnswer,"Small legal firm posture: MFA gaps, mail hygiene drift, and guest access debt."
10,Password question requirement,To address,0.53 / 3,3%,Identity,Microsoft Entra ID,Yes,No,A. Datum Legal,MDA_SF_password_questionRestriction,"Small legal firm posture: MFA gaps, mail hygiene drift, and guest access debt."
10,Session timeout,Planned,3.45 / 7,7%,Identity,Microsoft Entra ID,Yes,No,A. Datum Legal,MDA_SF_password_sessionTimeout,"Small legal firm posture: MFA gaps, mail hygiene drift, and guest access debt."
10,Require HttpOnly attribute,Planned,2.17 / 3,3%,Apps,MDA_SF,Yes,No,A. Datum Legal,MDA_SF_requireHttpOnly,"Small legal firm posture: MFA gaps, mail hygiene drift, and guest access debt."
10,Enable multi-factor authentication,Planned,3.47 / 6,6%,Identity,Microsoft Entra ID,Yes,No,A. Datum Legal,MDA_SNOW_authenticateMultifactor,"Small legal firm posture: MFA gaps, mail hygiene drift, and guest access debt."
10,Enable enforcing JSONv2 requests with basic authorization,Planned,3.54 / 5,5%,Identity,Microsoft Entra ID,Yes,No,A. Datum Legal,MDA_SNOW_authRequiredJson2,"Small legal firm posture: MFA gaps, mail hygiene drift, and guest access debt."
10,Enable enforcing SOAP requests with basic authorization,To address,0.93 / 5,5%,Identity,Microsoft Entra ID,Yes,Yes,A. Datum Legal,MDA_SNOW_authRequiredSOAP,"Small legal firm posture: MFA gaps, mail hygiene drift, and guest access debt."
10,Enable unload request authorization,Planned,3.89 / 6,6%,Identity,Microsoft Entra ID,Yes,Yes,A. Datum Legal,MDA_SNOW_authRequiredUnl,"Small legal firm posture: MFA gaps, mail hygiene drift, and guest access debt."
10,Enable script request authorization,To address,0.66 / 4,4%,Identity,Microsoft Entra ID,Yes,Yes,A. Datum Legal,MDA_SNOW_cauthRequiredScriptedProcessor,"Small legal firm posture: MFA gaps, mail hygiene drift, and guest access debt."
10,Enable URL allow list for cross-origin iframe communication,To address,1.56 / 6,6%,Apps,MDA_SNOW,Yes,No,A. Datum Legal,MDA_SNOW_concourseOnmessageEnforceSameOrigin,"Small legal firm posture: MFA gaps, mail hygiene drift, and guest access debt."
10,Enable Password Reset Policy Checks,Planned,2.3 / 4,4%,Identity,Microsoft Entra ID,Yes,No,A. Datum Legal,MDA_SNOW_enablePasswordPolicy,"Small legal firm posture: MFA gaps, mail hygiene drift, and guest access debt."
10,Enable high security plugin,Planned,3.31 / 7,7%,Apps,MDA_SNOW,Yes,No,A. Datum Legal,MDA_SNOW_highSecurity,"Small legal firm posture: MFA gaps, mail hygiene drift, and guest access debt."
10,Set default cache-control HTTP header value to private,Planned,4.23 / 6,6%,Apps,MDA_SNOW,No,No,A. Datum Legal,MDA_SNOW_httpCacheControl,"Small legal firm posture: MFA gaps, mail hygiene drift, and guest access debt."
10,Disable password-less authentication,Planned,4.37 / 6,6%,Identity,Microsoft Entra ID,Yes,No,A. Datum Legal,MDA_SNOW_loginNoBlankPassword,"Small legal firm posture: MFA gaps, mail hygiene drift, and guest access debt."
10,Enable Contextual Security: Role Management plugin,Completed,5.39 / 6,6%,Identity,Microsoft Entra ID,Yes,No,A. Datum Legal,MDA_SNOW_roleManagement,"Small legal firm posture: MFA gaps, mail hygiene drift, and guest access debt."
10,Set client-callable script includes to private,Planned,1.82 / 4,4%,Apps,MDA_SNOW,Yes,No,A. Datum Legal,MDA_SNOW_scriptCcsiIsPublic,"Small legal firm posture: MFA gaps, mail hygiene drift, and guest access debt."
10,Apply access control rule (ACL) validation when server-side records are accessed using GlideAjax APIs within a client script,Planned,2.62 / 4,4%,Apps,MDA_SNOW,Yes,No,A. Datum Legal,MDA_SNOW_scriptSecureAjaxgliderecord,"Small legal firm posture: MFA gaps, mail hygiene drift, and guest access debt."
10,Enable client generated scripts sandbox,Planned,2.78 / 6,6%,Apps,MDA_SNOW,Yes,No,A. Datum Legal,MDA_SNOW_scriptUseSandbox,"Small legal firm posture: MFA gaps, mail hygiene drift, and guest access debt."
10,Enable default deny with new ACL rules,Planned,2.46 / 5,5%,Apps,MDA_SNOW,Yes,No,A. Datum Legal,MDA_SNOW_smDefaultMode,"Small legal firm posture: MFA gaps, mail hygiene drift, and guest access debt."
10,Enable managing failed login attempts,To address,0.79 / 4,4%,Identity,Microsoft Entra ID,Yes,Yes,A. Datum Legal,MDA_SNOW_sncUserLockoutCheck,"Small legal firm posture: MFA gaps, mail hygiene drift, and guest access debt."
10,Enable SOAP content type checking,Planned,3.47 / 6,6%,Apps,MDA_SNOW,Yes,No,A. Datum Legal,MDA_SNOW_soapRequireContentTypeXml,"Small legal firm posture: MFA gaps, mail hygiene drift, and guest access debt."
10,Enable SOAP request strict security,Planned,3.65 / 6,6%,Apps,MDA_SNOW,Yes,No,A. Datum Legal,MDA_SNOW_soapStrictSecurity,"Small legal firm posture: MFA gaps, mail hygiene drift, and guest access debt."
10,Activate security jump start (ACL rules) plugin,Planned,2.89 / 4,4%,Identity,Microsoft Entra ID,Yes,No,A. Datum Legal,MDA_SNOW_systemSecurity,"Small legal firm posture: MFA gaps, mail hygiene drift, and guest access debt."
10,Enable session activity timeout,Completed,3.63 / 4,4%,Identity,Microsoft Entra ID,Yes,No,A. Datum Legal,MDA_SNOW_uiSessionTimeout,"Small legal firm posture: MFA gaps, mail hygiene drift, and guest access debt."
10,Enable anti-CSRF token,Planned,3.89 / 6,6%,Identity,Microsoft Entra ID,Yes,No,A. Datum Legal,MDA_SNOW_useCsrfToken,"Small legal firm posture: MFA gaps, mail hygiene drift, and guest access debt."
10,Enable absolute session timeout,Planned,2.62 / 4,4%,Identity,Microsoft Entra ID,Yes,No,A. Datum Legal,MDA_SNOW_userCookieMaxLifeSpanInDays,"Small legal firm posture: MFA gaps, mail hygiene drift, and guest access debt."
10,Adopt SSO (Single sign on) in Workplace by Meta,To address,1.95 / 7,7%,Identity,Microsoft Entra ID,Yes,No,A. Datum Legal,MDA_Workplace_SSO,"Small legal firm posture: MFA gaps, mail hygiene drift, and guest access debt."
10,Block admins to set passwords,To address,0.73 / 3,3%,Identity,Microsoft Entra ID,Yes,No,A. Datum Legal,MDA_Zendesk_AdminPassChange,"Small legal firm posture: MFA gaps, mail hygiene drift, and guest access debt."
10,Block account assumption,To address,1.06 / 4,4%,Identity,Microsoft Entra ID,Yes,No,A. Datum Legal,MDA_Zendesk_BlockAccountAssumption,"Small legal firm posture: MFA gaps, mail hygiene drift, and guest access debt."
10,Block customers to bypass IP restrictions,Planned,1.81 / 3,3%,Identity,Microsoft Entra ID,Yes,No,A. Datum Legal,MDA_Zendesk_bypassIPrestrictions,"Small legal firm posture: MFA gaps, mail hygiene drift, and guest access debt."
10,"Send a notification on password change for admins, agents, and end users",Planned,2.26 / 3,3%,Identity,Microsoft Entra ID,Yes,No,A. Datum Legal,MDA_Zendesk_EmailNotificationsforPassChange,"Small legal firm posture: MFA gaps, mail hygiene drift, and guest access debt."
10,Admins and agents can use the Zendesk Support mobile app,Completed,2.68 / 3,3%,Apps,MDA_Zendesk,Yes,No,A. Datum Legal,MDA_Zendesk_enableapp,"Small legal firm posture: MFA gaps, mail hygiene drift, and guest access debt."
10,Enable IP restrictions,Planned,2.44 / 3,3%,Identity,Microsoft Entra ID,Yes,No,A. Datum Legal,MDA_Zendesk_IPrestrictions,"Small legal firm posture: MFA gaps, mail hygiene drift, and guest access debt."
10,Enable and adopt two-factor authentication (2FA),Planned,5.3 / 7,7%,Identity,Microsoft Entra ID,Yes,No,A. Datum Legal,MDA_Zendesk_MFA,"Small legal firm posture: MFA gaps, mail hygiene drift, and guest access debt."
10,Enable session timeout for users,Planned,2.64 / 6,6%,Identity,Microsoft Entra ID,Yes,No,A. Datum Legal,MDA_Zendesk_sessionexpiry,"Small legal firm posture: MFA gaps, mail hygiene drift, and guest access debt."
10,Enable external Authentication (google or microsoft or SSO),Planned,2.78 / 7,7%,Identity,Microsoft Entra ID,Yes,No,A. Datum Legal,MDA_Zendesk_SSO,"Small legal firm posture: MFA gaps, mail hygiene drift, and guest access debt."
10,Enable Zendesk authentication,To address,0.68 / 7,7%,Identity,Microsoft Entra ID,Yes,No,A. Datum Legal,MDA_Zendesk_ZanAuth,"Small legal firm posture: MFA gaps, mail hygiene drift, and guest access debt."
10,Block users in specific domains from joining meetings and webinars,To address,0.75 / 3,3%,Apps,MDA_Zoom,Yes,No,A. Datum Legal,MDA_Zoom_BlockDomains,"Small legal firm posture: MFA gaps, mail hygiene drift, and guest access debt."
10,Enforce end to end encryption in all Zoom meetings,Planned,1.66 / 3,3%,Apps,MDA_Zoom,Yes,No,A. Datum Legal,MDA_Zoom_MeetingE2eEncryption,"Small legal firm posture: MFA gaps, mail hygiene drift, and guest access debt."
10,Enable multi-factor authentication,Planned,5.11 / 7,7%,Apps,MDA_Zoom,Yes,No,A. Datum Legal,MDA_Zoom_MFA,"Small legal firm posture: MFA gaps, mail hygiene drift, and guest access debt."
10,Enhance password requirements,Planned,2.46 / 4,4%,Apps,MDA_Zoom,Yes,No,A. Datum Legal,MDA_Zoom_PasswordReq,"Small legal firm posture: MFA gaps, mail hygiene drift, and guest access debt."
10,Enable session timeout for client users,Planned,3.47 / 6,6%,Apps,MDA_Zoom,Yes,No,A. Datum Legal,MDA_Zoom_SessionTimeoutClient,"Small legal firm posture: MFA gaps, mail hygiene drift, and guest access debt."
10,Enable session timeout for web users,To address,0.2 / 6,6%,Apps,MDA_Zoom,Yes,No,A. Datum Legal,MDA_Zoom_SessionTimeoutWeb,"Small legal firm posture: MFA gaps, mail hygiene drift, and guest access debt."
128,Ensure that no sender domains are allowed for anti-spam policies,Planned,0.81 / 2,2%,Apps,MDO,Yes,No,A. Datum Legal,mdo_allowedsenderscombined,"Small legal firm posture: MFA gaps, mail hygiene drift, and guest access debt."
10,Ensure that an anti-phishing policy has been created,Planned,1.19 / 3,3%,Apps,MDO,Yes,No,A. Datum Legal,mdo_antiphishingpolicies,"Small legal firm posture: MFA gaps, mail hygiene drift, and guest access debt."
128,"Turn on Microsoft Defender for Office 365 in SharePoint, OneDrive, and Microsoft Teams",To address,1.66 / 5,5%,Apps,Microsoft Teams,Yes,Yes,A. Datum Legal,mdo_atpprotection,"Small legal firm posture: MFA gaps, mail hygiene drift, and guest access debt."
128,Set automatic email forwarding rules to be system controlled,Planned,0.57 / 1,1%,Apps,Exchange Online,Yes,No,A. Datum Legal,mdo_autoforwardingmode,"Small legal firm posture: MFA gaps, mail hygiene drift, and guest access debt."
10,Ensure all forms of mail forwarding are blocked and/or disabled,To address,0.27 / 5,5%,Apps,Exchange Online,Yes,No,A. Datum Legal,mdo_blockmailforward,"Small legal firm posture: MFA gaps, mail hygiene drift, and guest access debt."
128,Set action to take on bulk spam detection,Planned,1.87 / 3,3%,Apps,MDO,Yes,No,A. Datum Legal,mdo_bulkspamaction,"Small legal firm posture: MFA gaps, mail hygiene drift, and guest access debt."
128,Set the email bulk complaint level (BCL) threshold to be 6 or lower,Planned,0.77 / 1,1%,Apps,Exchange Online,Yes,No,A. Datum Legal,mdo_bulkthreshold,"Small legal firm posture: MFA gaps, mail hygiene drift, and guest access debt."
128,Ensure the Common Attachment Types Filter is enabled,To address,1.19 / 5,5%,Apps,MDO,Yes,No,A. Datum Legal,mdo_commonattachmentsfilter,"Small legal firm posture: MFA gaps, mail hygiene drift, and guest access debt."
128,Don't add allowed IP addresses in the connection filter policy,Planned,0.7 / 1,1%,Apps,MDO,Yes,Yes,A. Datum Legal,mdo_connectionfilter,"Small legal firm posture: MFA gaps, mail hygiene drift, and guest access debt."
128,Enable impersonated domain protection,Planned,4.71 / 8,8%,Apps,MDO,Yes,No,A. Datum Legal,mdo_enabledomainstoprotect,"Small legal firm posture: MFA gaps, mail hygiene drift, and guest access debt."
128,Ensure that mailbox intelligence is enabled,Planned,3.75 / 8,8%,Apps,Exchange Online,Yes,No,A. Datum Legal,mdo_enablemailboxintelligence,"Small legal firm posture: MFA gaps, mail hygiene drift, and guest access debt."
128,Set action to take on high confidence phishing detection,Planned,1.8 / 5,5%,Apps,MDO,Yes,No,A. Datum Legal,mdo_highconfidencephishaction,"Small legal firm posture: MFA gaps, mail hygiene drift, and guest access debt."
128,Set action to take on high confidence spam detection,Planned,3.02 / 5,5%,Apps,MDO,Yes,No,A. Datum Legal,mdo_highconfidencespamaction,"Small legal firm posture: MFA gaps, mail hygiene drift, and guest access debt."
128,Ensure that intelligence for impersonation protection is enabled,Planned,4.4 / 8,8%,Apps,MDO,Yes,No,A. Datum Legal,mdo_mailboxintelligenceprotection,"Small legal firm posture: MFA gaps, mail hygiene drift, and guest access debt."
128,Move messages that are detected as impersonated users by mailbox intelligence,Planned,5.69 / 8,8%,Apps,Exchange Online,Yes,No,A. Datum Legal,mdo_mailboxintelligenceprotectionaction,"Small legal firm posture: MFA gaps, mail hygiene drift, and guest access debt."
128,Set the phishing email level threshold at 2 or higher,Completed,7.06 / 8,8%,Apps,Exchange Online,Yes,No,A. Datum Legal,mdo_phishthresholdlevel,"Small legal firm posture: MFA gaps, mail hygiene drift, and guest access debt."
128,Set action to take on phishing detection,Planned,3.57 / 5,5%,Apps,MDO,Yes,Yes,A. Datum Legal,mdo_phisspamacation,"Small legal firm posture: MFA gaps, mail hygiene drift, and guest access debt."
128,Retain spam in quarantine for 30 days,Planned,0.73 / 1,1%,Apps,MDO,Yes,No,A. Datum Legal,mdo_quarantineretentionperiod,"Small legal firm posture: MFA gaps, mail hygiene drift, and guest access debt."
128,Set maximum number of external recipients that a user can email per hour,Planned,0.38 / 1,1%,Apps,Exchange Online,Yes,No,A. Datum Legal,mdo_recipientexternallimitperhour,"Small legal firm posture: MFA gaps, mail hygiene drift, and guest access debt."
128,Set maximum number of internal recipients that a user can send to within an hour,Planned,0.47 / 1,1%,Apps,MDO,No,No,A. Datum Legal,mdo_recipientinternallimitperhour,"Small legal firm posture: MFA gaps, mail hygiene drift, and guest access debt."
128,Set a daily message limit,To address,0.21 / 1,1%,Apps,MDO,Yes,No,A. Datum Legal,mdo_recipientlimitperday,"Small legal firm posture: MFA gaps, mail hygiene drift, and guest access debt."
10,Ensure Safe Attachments policy is enabled,To address,0.68 / 5,5%,Apps,MDO,Yes,No,A. Datum Legal,mdo_safeattachmentpolicy,"Small legal firm posture: MFA gaps, mail hygiene drift, and guest access debt."
128,Turn on Safe Attachments in block mode,To address,0.76 / 8,8%,Apps,MDO,Yes,No,A. Datum Legal,mdo_safeattachments,"Small legal firm posture: MFA gaps, mail hygiene drift, and guest access debt."
128,Turn on Safe Documents for Office Clients,Planned,2.81 / 5,5%,Apps,MDO,Yes,No,A. Datum Legal,mdo_safedocuments,"Small legal firm posture: MFA gaps, mail hygiene drift, and guest access debt."
128,Create Safe Links policies for email messages,Planned,5.98 / 9,9%,Apps,Exchange Online,Yes,No,A. Datum Legal,mdo_safelinksforemail,"Small legal firm posture: MFA gaps, mail hygiene drift, and guest access debt."
10,Ensure Safe Links for Office Applications is Enabled,Planned,1.87 / 3,3%,Apps,MDO,Yes,No,A. Datum Legal,mdo_safelinksforOfficeApps,"Small legal firm posture: MFA gaps, mail hygiene drift, and guest access debt."
128,Enable the domain impersonation safety tip,Planned,1.85 / 3,3%,Apps,MDO,No,No,A. Datum Legal,mdo_similardomainssafetytips,"Small legal firm posture: MFA gaps, mail hygiene drift, and guest access debt."
128,Enable the user impersonation safety tip,Planned,1.63 / 3,3%,Apps,MDO,No,Yes,A. Datum Legal,mdo_similaruserssafetytips,"Small legal firm posture: MFA gaps, mail hygiene drift, and guest access debt."
10,Ensure Exchange Online Spam Policies are set to notify administrators,Planned,2.08 / 3,3%,Apps,Exchange Online,Yes,No,A. Datum Legal,mdo_spam_notifications_only_for_admins,"Small legal firm posture: MFA gaps, mail hygiene drift, and guest access debt."
128,Set action to take on spam detection,To address,1.24 / 5,5%,Apps,MDO,Yes,No,A. Datum Legal,mdo_spamaction,"Small legal firm posture: MFA gaps, mail hygiene drift, and guest access debt."
128,Quarantine messages that are detected from impersonated domains,Planned,2.05 / 6,6%,Apps,MDO,Yes,No,A. Datum Legal,mdo_targeteddomainprotectionaction,"Small legal firm posture: MFA gaps, mail hygiene drift, and guest access debt."
128,Quarantine messages that are detected from impersonated users,To address,1.05 / 6,6%,Apps,MDO,Yes,No,A. Datum Legal,mdo_targeteduserprotectionaction,"Small legal firm posture: MFA gaps, mail hygiene drift, and guest access debt."
128,Enable impersonated user protection,Planned,4.39 / 8,8%,Apps,MDO,Yes,No,A. Datum Legal,mdo_targetedusersprotection,"Small legal firm posture: MFA gaps, mail hygiene drift, and guest access debt."
128,Block users who reached the message limit,Completed,0.92 / 1,1%,Apps,MDO,Yes,No,A. Datum Legal,mdo_thresholdreachedaction,"Small legal firm posture: MFA gaps, mail hygiene drift, and guest access debt."
128,Enable the user impersonation unusual characters safety tip,Completed,2.63 / 3,3%,Apps,MDO,No,No,A. Datum Legal,mdo_unusualcharacterssafetytips,"Small legal firm posture: MFA gaps, mail hygiene drift, and guest access debt."
128,Create zero-hour auto purge policies for malware,Planned,3.11 / 6,6%,Apps,MDO,Yes,No,A. Datum Legal,mdo_zapmalware,"Small legal firm posture: MFA gaps, mail hygiene drift, and guest access debt."
128,Create zero-hour auto purge policies for phishing messages,Planned,1.73 / 3,3%,Apps,MDO,Yes,Yes,A. Datum Legal,mdo_zapphish,"Small legal firm posture: MFA gaps, mail hygiene drift, and guest access debt."
128,Create zero-hour auto purge policies for spam messages,To address,0.11 / 1,1%,Apps,MDO,Yes,No,A. Datum Legal,mdo_zapspam,"Small legal firm posture: MFA gaps, mail hygiene drift, and guest access debt."
246,Restrict anonymous users from starting Teams meetings,To address,0.3 / 1,1%,Apps,Microsoft Teams,Yes,No,A. Datum Legal,meeting_anonymousstartmeeting_v1,"Small legal firm posture: MFA gaps, mail hygiene drift, and guest access debt."
247,Only invited users should be automatically admitted to Teams meetings,Planned,0.69 / 2,2%,Apps,Microsoft Teams,Yes,Yes,A. Datum Legal,meeting_autoadmitusers_v1,"Small legal firm posture: MFA gaps, mail hygiene drift, and guest access debt."
248,Configure which users are allowed to present in Teams meetings,To address,0.61 / 2,2%,Apps,Microsoft Teams,Yes,No,A. Datum Legal,meeting_designatedpresenter_v1,"Small legal firm posture: MFA gaps, mail hygiene drift, and guest access debt."
249,Limit external participants from having control in a Teams meeting,Completed,0.82 / 1,1%,Apps,Microsoft Teams,Yes,No,A. Datum Legal,meeting_externalrequestcontrol_v1,"Small legal firm posture: MFA gaps, mail hygiene drift, and guest access debt."
250,Restrict dial-in users from bypassing a meeting lobby,Completed,0.85 / 1,1%,Apps,Microsoft Teams,Yes,No,A. Datum Legal,meeting_pstnusersbypasslobby_v1,"Small legal firm posture: MFA gaps, mail hygiene drift, and guest access debt."
251,Restrict anonymous users from joining meetings,Planned,0.75 / 1,1%,Apps,Microsoft Teams,Yes,Yes,A. Datum Legal,meeting_restrictanonymousjoin_v1,"Small legal firm posture: MFA gaps, mail hygiene drift, and guest access debt."
12,Ensure multifactor authentication is enabled for all users,Planned,3.47 / 9,9%,Identity,Microsoft Entra ID,Yes,No,A. Datum Legal,MFARegistrationV2,"Small legal firm posture: MFA gaps, mail hygiene drift, and guest access debt."
129,Ensure that Auto-labeling data classification policies are set up and used,To address,0.31 / 1,1%,Data,MIP,Yes,No,A. Datum Legal,mip_autosensitivitylabelspolicies,"Small legal firm posture: MFA gaps, mail hygiene drift, and guest access debt."
10,Ensure DLP policies are enabled for Microsoft Teams,Planned,1.17 / 3,3%,Apps,Microsoft Teams,Yes,No,A. Datum Legal,mip_DLP_policies_Teams,"Small legal firm posture: MFA gaps, mail hygiene drift, and guest access debt."
10,Ensure Office 365 Management Activity API is Enabled for some workloads (see description),To address,0.69 / 3,3%,Apps,MIP,Yes,No,A. Datum Legal,mip_management_API_enabled_four_workloads,"Small legal firm posture: MFA gaps, mail hygiene drift, and guest access debt."
129,Extend M365 sensitivity labeling to assets in Microsoft Purview data map,Planned,0.56 / 1,1%,Data,MIP,Yes,No,A. Datum Legal,mip_purviewlabelconsent,"Small legal firm posture: MFA gaps, mail hygiene drift, and guest access debt."
10,Ensure Microsoft 365 audit log search is Enabled,Completed,2.92 / 3,3%,Apps,MIP,Yes,No,A. Datum Legal,mip_search_auditlog,"Small legal firm posture: MFA gaps, mail hygiene drift, and guest access debt."
129,Publish M365 sensitivity label data classification policies,Completed,1.74 / 2,2%,Data,MIP,Yes,No,A. Datum Legal,mip_sensitivitylabelspolicies,"Small legal firm posture: MFA gaps, mail hygiene drift, and guest access debt."
27,Designate more than one global admin,Completed,0.95 / 1,1%,Identity,Microsoft Entra ID,Yes,No,A. Datum Legal,OneAdmin,"Small legal firm posture: MFA gaps, mail hygiene drift, and guest access debt."
9,Ensure that password hash sync is enabled for hybrid deployments,Planned,2.8 / 5,5%,Identity,Microsoft Entra ID,Yes,No,A. Datum Legal,PasswordHashSync,"Small legal firm posture: MFA gaps, mail hygiene drift, and guest access debt."
33,Ensure the 'Password expiration policy' is set to 'Set passwords to never expire (recommended)',Planned,5.71 / 8,8%,Identity,Microsoft Entra ID,Yes,No,A. Datum Legal,PWAgePolicyNew,"Small legal firm posture: MFA gaps, mail hygiene drift, and guest access debt."
50,Use least privileged administrative roles,To address,0.02 / 1,1%,Identity,Microsoft Entra ID,Yes,No,A. Datum Legal,RoleOverlap,"Small legal firm posture: MFA gaps, mail hygiene drift, and guest access debt."
162,Disable JavaScript on Adobe Reader 2015,To address,0.35 / 5,5%,Device,Microsoft Intune,No,No,A. Datum Legal,scid_100,"Small legal firm posture: MFA gaps, mail hygiene drift, and guest access debt."
163,Disable JavaScript on Adobe 2015,To address,1.37 / 5,5%,Device,Microsoft Intune,Yes,Yes,A. Datum Legal,scid_101,"Small legal firm posture: MFA gaps, mail hygiene drift, and guest access debt."
208,Enable 'Local Security Authority (LSA) protection' on Windows 11 22h2 and higher,Planned,3.36 / 8,8%,Device,Microsoft Intune,Yes,No,A. Datum Legal,scid_102,"Small legal firm posture: MFA gaps, mail hygiene drift, and guest access debt."
209,Require LDAP client signing to prevent tampering and protect directory authentication,Planned,3.93 / 7,7%,Device,Microsoft Intune,Yes,No,A. Datum Legal,scid_103,"Small legal firm posture: MFA gaps, mail hygiene drift, and guest access debt."
210,Encrypt LDAP client traffic to protect sensitive data in transit,Planned,4 / 7,7%,Device,Microsoft Intune,Yes,No,A. Datum Legal,scid_104,"Small legal firm posture: MFA gaps, mail hygiene drift, and guest access debt."
211,Enforce LDAP channel binding to protect authentication sessions from interception,Planned,5.27 / 7,7%,Device,Microsoft Intune,Yes,No,A. Datum Legal,scid_105,"Small legal firm posture: MFA gaps, mail hygiene drift, and guest access debt."
212,Require LDAP server signing to ensure integrity of directory traffic,Planned,5.27 / 8,8%,Device,Microsoft Intune,Yes,No,A. Datum Legal,scid_106,"Small legal firm posture: MFA gaps, mail hygiene drift, and guest access debt."
213,Disable Remote Registry Service on Windows,Planned,4.66 / 8,8%,Device,Microsoft Intune,Yes,No,A. Datum Legal,scid_108,"Small legal firm posture: MFA gaps, mail hygiene drift, and guest access debt."
214,Disable NTLM authentication for Windows,Planned,2.93 / 8,8%,Device,Microsoft Intune,Yes,No,A. Datum Legal,scid_109,"Small legal firm posture: MFA gaps, mail hygiene drift, and guest access debt."
228,Ensure devices are updated to Secure Boot 2023 certificates and boot manager,To address,1.33 / 7,7%,Device,Microsoft Intune,Yes,No,A. Datum Legal,scid_112,"Small legal firm posture: MFA gaps, mail hygiene drift, and guest access debt."
33,Enable Automatic Updates,To address,0.43 / 5,5%,Device,Microsoft Intune,Yes,No,A. Datum Legal,scid_15,"Small legal firm posture: MFA gaps, mail hygiene drift, and guest access debt."
34,Enable 'Hide Option to Enable or Disable Updates',Planned,2.87 / 5,5%,Device,Microsoft Intune,Yes,No,A. Datum Legal,scid_16,"Small legal firm posture: MFA gaps, mail hygiene drift, and guest access debt."
35,Disable 'Allow running plugins that are outdated',Planned,4.82 / 8,8%,Device,Microsoft Intune,Yes,No,A. Datum Legal,scid_17,"Small legal firm posture: MFA gaps, mail hygiene drift, and guest access debt."
37,Disable 'Continue running background apps when Google Chrome is closed',Completed,4.43 / 5,5%,Device,Microsoft Intune,Yes,No,A. Datum Legal,scid_19,"Small legal firm posture: MFA gaps, mail hygiene drift, and guest access debt."
38,Disable 'AutoFill',Completed,4.18 / 5,5%,Device,Microsoft Intune,No,No,A. Datum Legal,scid_20,"Small legal firm posture: MFA gaps, mail hygiene drift, and guest access debt."
99,Turn on Microsoft Defender for Endpoint sensor,Planned,4.69 / 10,10%,Device,Microsoft Intune,No,No,A. Datum Legal,scid_2000,"Small legal firm posture: MFA gaps, mail hygiene drift, and guest access debt."
100,Fix Microsoft Defender for Endpoint sensor data collection,Completed,8.93 / 10,10%,Device,Microsoft Intune,Yes,No,A. Datum Legal,scid_2001,"Small legal firm posture: MFA gaps, mail hygiene drift, and guest access debt."
101,Fix Microsoft Defender for Endpoint impaired communications,To address,2.42 / 10,10%,Device,Microsoft Intune,Yes,No,A. Datum Legal,scid_2002,"Small legal firm posture: MFA gaps, mail hygiene drift, and guest access debt."
281,Turn on Tamper Protection,Planned,3.6 / 8,8%,Device,Microsoft Intune,Yes,No,A. Datum Legal,scid_2003,"Small legal firm posture: MFA gaps, mail hygiene drift, and guest access debt."
167,Enable EDR in block mode,To address,0.23 / 8,8%,Device,Microsoft Intune,Yes,No,A. Datum Legal,scid_2004,"Small legal firm posture: MFA gaps, mail hygiene drift, and guest access debt."
102,Turn on Microsoft Defender Antivirus,Planned,6.35 / 10,10%,Device,Microsoft Intune,Yes,No,A. Datum Legal,scid_2010,"Small legal firm posture: MFA gaps, mail hygiene drift, and guest access debt."
103,Update Microsoft Defender Antivirus definitions,Planned,4.66 / 9,9%,Device,Microsoft Intune,Yes,No,A. Datum Legal,scid_2011,"Small legal firm posture: MFA gaps, mail hygiene drift, and guest access debt."
104,Turn on real-time protection,To address,2.84 / 10,10%,Device,Microsoft Intune,Yes,No,A. Datum Legal,scid_2012,"Small legal firm posture: MFA gaps, mail hygiene drift, and guest access debt."
105,Turn on PUA protection in block mode,Completed,8.07 / 9,9%,Device,Microsoft Intune,No,No,A. Datum Legal,scid_2013,"Small legal firm posture: MFA gaps, mail hygiene drift, and guest access debt."
106,Fix Windows Defender Antivirus cloud service connectivity,Completed,7.76 / 8,8%,Device,Microsoft Intune,Yes,No,A. Datum Legal,scid_2014,"Small legal firm posture: MFA gaps, mail hygiene drift, and guest access debt."
288,Enable cloud-delivered protection,To address,2.49 / 8,8%,Device,Microsoft Intune,Yes,No,A. Datum Legal,scid_2016,"Small legal firm posture: MFA gaps, mail hygiene drift, and guest access debt."
108,Turn on all system-level Exploit protection settings,To address,2.59 / 8,8%,Device,Microsoft Intune,Yes,No,A. Datum Legal,scid_2020,"Small legal firm posture: MFA gaps, mail hygiene drift, and guest access debt."
109,Set controlled folder access to enabled or audit mode,To address,2.04 / 8,8%,Device,Microsoft Intune,Yes,No,A. Datum Legal,scid_2021,"Small legal firm posture: MFA gaps, mail hygiene drift, and guest access debt."
207,Update Microsoft Defender for Endpoint core components,To address,2.95 / 10,10%,Device,Microsoft Intune,Yes,No,A. Datum Legal,scid_2030,"Small legal firm posture: MFA gaps, mail hygiene drift, and guest access debt."
114,Set Microsoft Defender SmartScreen app and file checking to block or warn,Planned,3.73 / 9,9%,Device,Microsoft Intune,Yes,No,A. Datum Legal,scid_2060,"Small legal firm posture: MFA gaps, mail hygiene drift, and guest access debt."
115,Set Microsoft Defender SmartScreen Microsoft Edge site and download checking to block or warn,Planned,7.09 / 9,9%,Device,Microsoft Intune,Yes,No,A. Datum Legal,scid_2061,"Small legal firm posture: MFA gaps, mail hygiene drift, and guest access debt."
117,Turn on Microsoft Defender Firewall,Completed,8.47 / 10,10%,Device,Microsoft Intune,Yes,No,A. Datum Legal,scid_2070,"Small legal firm posture: MFA gaps, mail hygiene drift, and guest access debt."
118,Secure Microsoft Defender Firewall domain profile,Planned,5.31 / 9,9%,Device,Microsoft Intune,Yes,No,A. Datum Legal,scid_2071,"Small legal firm posture: MFA gaps, mail hygiene drift, and guest access debt."
119,Secure Microsoft Defender firewall private profile,Planned,6.48 / 9,9%,Device,Microsoft Intune,Yes,No,A. Datum Legal,scid_2072,"Small legal firm posture: MFA gaps, mail hygiene drift, and guest access debt."
120,Secure Microsoft Defender Firewall public profile,To address,2.92 / 9,9%,Device,Microsoft Intune,Yes,No,A. Datum Legal,scid_2073,"Small legal firm posture: MFA gaps, mail hygiene drift, and guest access debt."
122,Turn on Microsoft Defender Credential Guard,Planned,4.01 / 8,8%,Device,Microsoft Intune,Yes,No,A. Datum Legal,scid_2080,"Small legal firm posture: MFA gaps, mail hygiene drift, and guest access debt."
124,Encrypt all BitLocker-supported drives,To address,0.76 / 9,9%,Device,Microsoft Intune,Yes,Yes,A. Datum Legal,scid_2090,"Small legal firm posture: MFA gaps, mail hygiene drift, and guest access debt."
125,Resume BitLocker protection on all drives,Planned,3.17 / 9,9%,Device,Microsoft Intune,Yes,Yes,A. Datum Legal,scid_2091,"Small legal firm posture: MFA gaps, mail hygiene drift, and guest access debt."
126,Ensure BitLocker drive compatibility,Planned,2.89 / 8,8%,Device,Microsoft Intune,Yes,No,A. Datum Legal,scid_2093,"Small legal firm posture: MFA gaps, mail hygiene drift, and guest access debt."
39,Block webpages from automatically running Flash plugins,Planned,3.01 / 5,5%,Device,Microsoft Intune,Yes,No,A. Datum Legal,scid_21,"Small legal firm posture: MFA gaps, mail hygiene drift, and guest access debt."
215,Enable UEFI Secure Boot mode,Planned,6.65 / 9,9%,Device,Microsoft Intune,Yes,No,A. Datum Legal,scid_2100,"Small legal firm posture: MFA gaps, mail hygiene drift, and guest access debt."
40,Disable 'Password Manager',To address,0.83 / 5,5%,Device,Microsoft Intune,Yes,No,A. Datum Legal,scid_22,"Small legal firm posture: MFA gaps, mail hygiene drift, and guest access debt."
41,Enable 'Block third party cookies',Planned,0.81 / 2,2%,Device,Microsoft Intune,Yes,No,A. Datum Legal,scid_23,"Small legal firm posture: MFA gaps, mail hygiene drift, and guest access debt."
42,Set 'Remote Desktop security level' to 'TLS',To address,1.3 / 8,8%,Device,Microsoft Intune,Yes,No,A. Datum Legal,scid_24,"Small legal firm posture: MFA gaps, mail hygiene drift, and guest access debt."
43,Enable 'Local Security Authority (LSA) protection',Planned,3.89 / 8,8%,Device,Microsoft Intune,Yes,No,A. Datum Legal,scid_25,"Small legal firm posture: MFA gaps, mail hygiene drift, and guest access debt."
308,Block executable content from email client and webmail,To address,1.5 / 9,9%,Device,Exchange Online,Yes,No,A. Datum Legal,scid_2500,"Small legal firm posture: MFA gaps, mail hygiene drift, and guest access debt."
309,Block all Office applications from creating child processes,To address,3.02 / 9,9%,Device,Microsoft Intune,Yes,No,A. Datum Legal,scid_2501,"Small legal firm posture: MFA gaps, mail hygiene drift, and guest access debt."
310,Block Office applications from creating executable content,Planned,4.92 / 9,9%,Device,Microsoft Intune,Yes,Yes,A. Datum Legal,scid_2502,"Small legal firm posture: MFA gaps, mail hygiene drift, and guest access debt."
311,Block Office applications from injecting code into other processes,Planned,7.2 / 9,9%,Device,Microsoft Intune,Yes,No,A. Datum Legal,scid_2503,"Small legal firm posture: MFA gaps, mail hygiene drift, and guest access debt."
312,Block JavaScript or VBScript from launching downloaded executable content,Completed,8.04 / 9,9%,Device,Microsoft Intune,Yes,No,A. Datum Legal,scid_2504,"Small legal firm posture: MFA gaps, mail hygiene drift, and guest access debt."
313,Block execution of potentially obfuscated scripts,Planned,6.49 / 9,9%,Device,Microsoft Intune,Yes,No,A. Datum Legal,scid_2505,"Small legal firm posture: MFA gaps, mail hygiene drift, and guest access debt."
314,Block Win32 API calls from Office macros,Planned,6.04 / 9,9%,Device,Microsoft Intune,Yes,No,A. Datum Legal,scid_2506,"Small legal firm posture: MFA gaps, mail hygiene drift, and guest access debt."
315,"Block executable files from running unless they meet a prevalence, age, or trusted list criterion",Planned,3.63 / 9,9%,Device,Microsoft Intune,Yes,No,A. Datum Legal,scid_2507,"Small legal firm posture: MFA gaps, mail hygiene drift, and guest access debt."
316,Use advanced protection against ransomware,Planned,4.87 / 9,9%,Device,Microsoft Intune,Yes,No,A. Datum Legal,scid_2508,"Small legal firm posture: MFA gaps, mail hygiene drift, and guest access debt."
126,Block credential stealing from the Windows local security authority subsystem (lsass.exe),Planned,3.16 / 9,9%,Device,Microsoft Intune,Yes,No,A. Datum Legal,scid_2509,"Small legal firm posture: MFA gaps, mail hygiene drift, and guest access debt."
318,Block process creations originating from PSExec and WMI commands,Planned,6.81 / 9,9%,Device,Microsoft Intune,Yes,No,A. Datum Legal,scid_2510,"Small legal firm posture: MFA gaps, mail hygiene drift, and guest access debt."
319,Block untrusted and unsigned processes that run from USB,Planned,5.62 / 9,9%,Device,Microsoft Intune,Yes,No,A. Datum Legal,scid_2511,"Small legal firm posture: MFA gaps, mail hygiene drift, and guest access debt."
320,Block Office communication application from creating child processes,Planned,6.17 / 9,9%,Device,Microsoft Intune,Yes,Yes,A. Datum Legal,scid_2512,"Small legal firm posture: MFA gaps, mail hygiene drift, and guest access debt."
321,Block Adobe Reader from creating child processes,Planned,5.58 / 9,9%,Device,Microsoft Intune,Yes,Yes,A. Datum Legal,scid_2513,"Small legal firm posture: MFA gaps, mail hygiene drift, and guest access debt."
322,Block persistence through WMI event subscription,Planned,4.29 / 9,9%,Device,Microsoft Intune,Yes,No,A. Datum Legal,scid_2514,"Small legal firm posture: MFA gaps, mail hygiene drift, and guest access debt."
323,Block abuse of exploited vulnerable signed drivers,To address,1.58 / 9,9%,Device,Microsoft Intune,Yes,No,A. Datum Legal,scid_2515,"Small legal firm posture: MFA gaps, mail hygiene drift, and guest access debt."
216,Block Webshell creation for Servers,Planned,3.3 / 9,9%,Device,Microsoft Intune,No,No,A. Datum Legal,scid_2516,"Small legal firm posture: MFA gaps, mail hygiene drift, and guest access debt."
217,Block use of copied or impersonated system tools,To address,2.45 / 9,9%,Device,Microsoft Intune,No,No,A. Datum Legal,scid_2517,"Small legal firm posture: MFA gaps, mail hygiene drift, and guest access debt."
218,Block rebooting machine in Safe Mode,Planned,6.28 / 9,9%,Device,Microsoft Intune,Yes,No,A. Datum Legal,scid_2518,"Small legal firm posture: MFA gaps, mail hygiene drift, and guest access debt."
44,Enable 'Safe DLL Search Mode',Planned,3.46 / 8,8%,Device,Microsoft Intune,No,No,A. Datum Legal,scid_26,"Small legal firm posture: MFA gaps, mail hygiene drift, and guest access debt."
45,Set User Account Control (UAC) to automatically deny elevation requests,Planned,5.9 / 8,8%,Device,Microsoft Intune,Yes,No,A. Datum Legal,scid_27,"Small legal firm posture: MFA gaps, mail hygiene drift, and guest access debt."
177,Set 'Interactive logon: Machine inactivity limit' to '1-900 seconds',Planned,3.32 / 5,5%,Device,Microsoft Intune,Yes,No,A. Datum Legal,scid_28,"Small legal firm posture: MFA gaps, mail hygiene drift, and guest access debt."
46,Disable 'Enumerate administrator accounts on elevation',Planned,5.35 / 8,8%,Device,Microsoft Intune,Yes,No,A. Datum Legal,scid_29,"Small legal firm posture: MFA gaps, mail hygiene drift, and guest access debt."
47,Disable 'Insecure guest logons' in SMB,To address,1.46 / 8,8%,Device,Microsoft Intune,Yes,No,A. Datum Legal,scid_30,"Small legal firm posture: MFA gaps, mail hygiene drift, and guest access debt."
164,Fix unquoted service path for Windows services,Planned,5.54 / 8,8%,Device,Microsoft Intune,Yes,Yes,A. Datum Legal,scid_3001,"Small legal firm posture: MFA gaps, mail hygiene drift, and guest access debt."
165,Change service executable path to a common protected location,To address,2.67 / 8,8%,Device,Microsoft Intune,Yes,No,A. Datum Legal,scid_3002,"Small legal firm posture: MFA gaps, mail hygiene drift, and guest access debt."
166,Change service account to avoid cached password in windows registry,Planned,2.97 / 8,8%,Device,Microsoft Intune,Yes,No,A. Datum Legal,scid_3003,"Small legal firm posture: MFA gaps, mail hygiene drift, and guest access debt."
168,Disable the built-in Administrator account,To address,0.92 / 8,8%,Device,Microsoft Intune,Yes,No,A. Datum Legal,scid_3010,"Small legal firm posture: MFA gaps, mail hygiene drift, and guest access debt."
169,Disable the built-in Guest account,Planned,4.18 / 8,8%,Device,Microsoft Intune,No,No,A. Datum Legal,scid_3011,"Small legal firm posture: MFA gaps, mail hygiene drift, and guest access debt."
170,Set 'Minimum password length' to '14 or more characters',Planned,3.57 / 5,5%,Device,Microsoft Intune,Yes,No,A. Datum Legal,scid_32,"Small legal firm posture: MFA gaps, mail hygiene drift, and guest access debt."
171,Set 'Enforce password history' to '24 or more password(s)',Completed,4.6 / 5,5%,Device,Microsoft Intune,Yes,No,A. Datum Legal,scid_33,"Small legal firm posture: MFA gaps, mail hygiene drift, and guest access debt."
172,"Set 'Maximum password age' to '60 or fewer days, but not 0'",Planned,3.82 / 5,5%,Device,Microsoft Intune,Yes,No,A. Datum Legal,scid_34,"Small legal firm posture: MFA gaps, mail hygiene drift, and guest access debt."
173,Set 'Minimum password age' to '1 or more day(s)',Planned,3.5 / 5,5%,Device,Microsoft Intune,Yes,No,A. Datum Legal,scid_35,"Small legal firm posture: MFA gaps, mail hygiene drift, and guest access debt."
49,Enable 'Domain member: Require strong (Windows 2000 or later) session key',To address,0.27 / 5,5%,Device,Microsoft Intune,No,No,A. Datum Legal,scid_36,"Small legal firm posture: MFA gaps, mail hygiene drift, and guest access debt."
50,Enable 'Domain member: Digitally encrypt or sign secure channel data (always)',To address,0.29 / 5,5%,Device,Microsoft Intune,Yes,No,A. Datum Legal,scid_37,"Small legal firm posture: MFA gaps, mail hygiene drift, and guest access debt."
51,Enable Set 'Domain member: Digitally encrypt secure channel data (when possible)',To address,1.06 / 5,5%,Device,Microsoft Intune,No,No,A. Datum Legal,scid_38,"Small legal firm posture: MFA gaps, mail hygiene drift, and guest access debt."
52,Enable 'Domain member: Digitally sign secure channel data (when possible)',Planned,1.92 / 5,5%,Device,Microsoft Intune,Yes,No,A. Datum Legal,scid_39,"Small legal firm posture: MFA gaps, mail hygiene drift, and guest access debt."
53,Disable 'Domain member: Disable machine account password changes',Planned,1.03 / 2,2%,Device,Microsoft Intune,Yes,No,A. Datum Legal,scid_40,"Small legal firm posture: MFA gaps, mail hygiene drift, and guest access debt."
203,Disallow offline access to shares,Planned,4.54 / 8,8%,Device,Microsoft Intune,No,No,A. Datum Legal,scid_4000,"Small legal firm posture: MFA gaps, mail hygiene drift, and guest access debt."
204,Remove share write permission set to ‘Everyone’,To address,0.94 / 8,8%,Device,Microsoft Intune,Yes,No,A. Datum Legal,scid_4001,"Small legal firm posture: MFA gaps, mail hygiene drift, and guest access debt."
205,Remove shares from the root folder,To address,1.14 / 8,8%,Device,Microsoft Intune,Yes,No,A. Datum Legal,scid_4002,"Small legal firm posture: MFA gaps, mail hygiene drift, and guest access debt."
206,Set folder access-based enumeration for shares,Planned,4.74 / 8,8%,Device,Microsoft Intune,Yes,No,A. Datum Legal,scid_4003,"Small legal firm posture: MFA gaps, mail hygiene drift, and guest access debt."
175,Set 'Account lockout duration' to 15 minutes or more,Planned,3.83 / 6,6%,Device,Microsoft Intune,No,No,A. Datum Legal,scid_41,"Small legal firm posture: MFA gaps, mail hygiene drift, and guest access debt."
178,Set 'Reset account lockout counter after' to 15 minutes or more,Planned,4.54 / 6,6%,Device,Microsoft Intune,Yes,No,A. Datum Legal,scid_42,"Small legal firm posture: MFA gaps, mail hygiene drift, and guest access debt."
54,Disable Microsoft Defender Firewall notifications when programs are blocked for Domain profile,Planned,1.12 / 2,2%,Device,Microsoft Intune,No,No,A. Datum Legal,scid_43,"Small legal firm posture: MFA gaps, mail hygiene drift, and guest access debt."
176,Set 'Account lockout threshold' to 1-10 invalid login attempts,To address,0.16 / 6,6%,Device,Microsoft Intune,No,Yes,A. Datum Legal,scid_44,"Small legal firm posture: MFA gaps, mail hygiene drift, and guest access debt."
202,Set user authentication for remote connections by using Network Level Authentication to 'Enabled',Planned,2.68 / 5,5%,Device,Microsoft Intune,Yes,No,A. Datum Legal,scid_45,"Small legal firm posture: MFA gaps, mail hygiene drift, and guest access debt."
55,Disable Microsoft Defender Firewall notifications when programs are blocked for Private profile,Planned,1.55 / 2,2%,Device,Microsoft Intune,No,No,A. Datum Legal,scid_46,"Small legal firm posture: MFA gaps, mail hygiene drift, and guest access debt."
56,Disable Microsoft Defender Firewall notifications when programs are blocked for Public profile,Completed,2 / 2,2%,Device,Microsoft Intune,Yes,No,A. Datum Legal,scid_49,"Small legal firm posture: MFA gaps, mail hygiene drift, and guest access debt."
57,Disable merging of local Microsoft Defender Firewall rules with group policy firewall rules for the Public profile,Planned,2.7 / 5,5%,Device,Microsoft Intune,Yes,No,A. Datum Legal,scid_50,"Small legal firm posture: MFA gaps, mail hygiene drift, and guest access debt."
179,Fix Microsoft Defender for Endpoint sensor data collection in macOS,To address,2.24 / 10,10%,Device,Microsoft Intune,Yes,No,A. Datum Legal,scid_5001,"Small legal firm posture: MFA gaps, mail hygiene drift, and guest access debt."
180,Fix Microsoft Defender for Endpoint impaired communications in macOS,To address,3.17 / 10,10%,Device,Microsoft Intune,Yes,No,A. Datum Legal,scid_5002,"Small legal firm posture: MFA gaps, mail hygiene drift, and guest access debt."
181,Set minimum password length to 15 or more characters in macOS,Planned,2.49 / 6,6%,Device,Microsoft Intune,Yes,No,A. Datum Legal,scid_5003,"Small legal firm posture: MFA gaps, mail hygiene drift, and guest access debt."
182,Set 'Enforce password history' to '24 or more password(s)' in macOS,Planned,2.5 / 5,5%,Device,Microsoft Intune,Yes,Yes,A. Datum Legal,scid_5004,"Small legal firm posture: MFA gaps, mail hygiene drift, and guest access debt."
183,"Set 'Maximum password age' to '90 or fewer days, but not 0' in macOS",To address,1.58 / 5,5%,Device,Microsoft Intune,Yes,No,A. Datum Legal,scid_5005,"Small legal firm posture: MFA gaps, mail hygiene drift, and guest access debt."
184,Set account lockout threshold to 5 or lower in macOS,Planned,2.85 / 7,7%,Device,Microsoft Intune,Yes,No,A. Datum Legal,scid_5006,"Small legal firm posture: MFA gaps, mail hygiene drift, and guest access debt."
185,Turn on Firewall in macOS,Planned,5.95 / 10,10%,Device,Microsoft Intune,Yes,No,A. Datum Legal,scid_5007,"Small legal firm posture: MFA gaps, mail hygiene drift, and guest access debt."
186,Enable Gatekeeper in macOS,Planned,5.61 / 8,8%,Device,Microsoft Intune,Yes,No,A. Datum Legal,scid_5009,"Small legal firm posture: MFA gaps, mail hygiene drift, and guest access debt."
187,Enable System Integrity Protection (SIP) in macOS,To address,1.88 / 7,7%,Device,Microsoft Intune,Yes,No,A. Datum Legal,scid_5010,"Small legal firm posture: MFA gaps, mail hygiene drift, and guest access debt."
187,Enable FileVault Disk Encryption in macOS,Completed,6.71 / 7,7%,Device,Microsoft Intune,Yes,No,A. Datum Legal,scid_5011,"Small legal firm posture: MFA gaps, mail hygiene drift, and guest access debt."
189,Ensure screensaver is set to start in 20 minutes or less in macOS,Planned,2.38 / 5,5%,Device,Microsoft Intune,Yes,No,A. Datum Legal,scid_5013,"Small legal firm posture: MFA gaps, mail hygiene drift, and guest access debt."
190,Secure Home Folders in macOS,To address,1.15 / 6,6%,Device,Microsoft Intune,Yes,No,A. Datum Legal,scid_5014,"Small legal firm posture: MFA gaps, mail hygiene drift, and guest access debt."
191,Turn on Microsoft Defender Antivirus real-time protection in macOS,To address,1.83 / 10,10%,Device,Microsoft Intune,Yes,No,A. Datum Legal,scid_5090,"Small legal firm posture: MFA gaps, mail hygiene drift, and guest access debt."
192,Turn on Microsoft Defender Antivirus PUA protection in block mode in macOS,Planned,3.21 / 9,9%,Device,Microsoft Intune,Yes,No,A. Datum Legal,scid_5091,"Small legal firm posture: MFA gaps, mail hygiene drift, and guest access debt."
219,Turn on Tamper Protection for MacOS,Planned,5.58 / 8,8%,Device,Microsoft Intune,Yes,Yes,A. Datum Legal,scid_5092,"Small legal firm posture: MFA gaps, mail hygiene drift, and guest access debt."
220,Enable Microsoft Defender Antivirus real-time behavior monitoring in macOS,Planned,2.91 / 5,5%,Device,Microsoft Intune,Yes,No,A. Datum Legal,scid_5093,"Small legal firm posture: MFA gaps, mail hygiene drift, and guest access debt."
193,Enable Microsoft Defender Antivirus cloud-delivered protection in macOS,Completed,6.69 / 8,8%,Device,Microsoft Intune,Yes,No,A. Datum Legal,scid_5094,"Small legal firm posture: MFA gaps, mail hygiene drift, and guest access debt."
194,Update Microsoft Defender Antivirus definitions in macOS,Planned,4.35 / 9,9%,Device,Microsoft Intune,Yes,No,A. Datum Legal,scid_5095,"Small legal firm posture: MFA gaps, mail hygiene drift, and guest access debt."
58,Disable merging of local Microsoft Defender Firewall connection rules with group policy firewall rules for the Public profile,Planned,3.27 / 5,5%,Device,Microsoft Intune,Yes,No,A. Datum Legal,scid_51,"Small legal firm posture: MFA gaps, mail hygiene drift, and guest access debt."
59,Enable 'Apply UAC restrictions to local accounts on network logons',Planned,2.62 / 5,5%,Device,Microsoft Intune,Yes,Yes,A. Datum Legal,scid_52,"Small legal firm posture: MFA gaps, mail hygiene drift, and guest access debt."
60,Disable SMBv1 client driver,Planned,3.83 / 8,8%,Device,Microsoft Intune,Yes,No,A. Datum Legal,scid_53,"Small legal firm posture: MFA gaps, mail hygiene drift, and guest access debt."
61,Disable SMBv1 server,Planned,3.15 / 8,8%,Device,Microsoft Intune,Yes,No,A. Datum Legal,scid_54,"Small legal firm posture: MFA gaps, mail hygiene drift, and guest access debt."
174,Disable 'Network access: Let Everyone permissions apply to anonymous users',Completed,4.13 / 5,5%,Device,Microsoft Intune,No,No,A. Datum Legal,scid_55,"Small legal firm posture: MFA gaps, mail hygiene drift, and guest access debt."
62,Disable 'WDigest Authentication',Planned,3.63 / 5,5%,Device,Microsoft Intune,Yes,No,A. Datum Legal,scid_57,"Small legal firm posture: MFA gaps, mail hygiene drift, and guest access debt."
63,Disable 'Installation and configuration of Network Bridge on your DNS domain network',Planned,3.14 / 5,5%,Device,Microsoft Intune,Yes,No,A. Datum Legal,scid_58,"Small legal firm posture: MFA gaps, mail hygiene drift, and guest access debt."
64,Enable 'Require domain users to elevate when setting a network's location',Planned,1.17 / 2,2%,Device,Microsoft Intune,Yes,No,A. Datum Legal,scid_59,"Small legal firm posture: MFA gaps, mail hygiene drift, and guest access debt."
65,Prohibit use of Internet Connection Sharing on your DNS domain network,Planned,3.68 / 5,5%,Device,Microsoft Intune,Yes,No,A. Datum Legal,scid_60,"Small legal firm posture: MFA gaps, mail hygiene drift, and guest access debt."
195,Fix Microsoft Defender for Endpoint sensor data collection for Linux,Planned,5.89 / 10,10%,Device,Microsoft Intune,Yes,No,A. Datum Legal,scid_6001,"Small legal firm posture: MFA gaps, mail hygiene drift, and guest access debt."
196,Fix Microsoft Defender for Endpoint impaired communications for Linux,Planned,6.77 / 10,10%,Device,Microsoft Intune,Yes,No,A. Datum Legal,scid_6002,"Small legal firm posture: MFA gaps, mail hygiene drift, and guest access debt."
197,Unrestricted Access Accounts for Linux,To address,1.34 / 6,6%,Device,Microsoft Intune,Yes,Yes,A. Datum Legal,scid_6014,"Small legal firm posture: MFA gaps, mail hygiene drift, and guest access debt."
198,Turn on Microsoft Defender Antivirus real-time protection for Linux,To address,3.36 / 10,10%,Device,Microsoft Intune,Yes,No,A. Datum Legal,scid_6090,"Small legal firm posture: MFA gaps, mail hygiene drift, and guest access debt."
199,Turn on Microsoft Defender Antivirus PUA protection in block mode for Linux,Planned,3.88 / 9,9%,Device,Microsoft Intune,Yes,No,A. Datum Legal,scid_6091,"Small legal firm posture: MFA gaps, mail hygiene drift, and guest access debt."
221,Turn on Microsoft Defender Antivirus Tamper Protection for Linux,Planned,4.99 / 8,8%,Device,Microsoft Intune,Yes,Yes,A. Datum Legal,scid_6092,"Small legal firm posture: MFA gaps, mail hygiene drift, and guest access debt."
222,Enable Microsoft Defender Antivirus real-time behavior monitoring for Linux,Completed,4.52 / 5,5%,Device,Microsoft Intune,Yes,No,A. Datum Legal,scid_6093,"Small legal firm posture: MFA gaps, mail hygiene drift, and guest access debt."
200,Enable Microsoft Defender Antivirus cloud-delivered protection for Linux,Planned,4.52 / 8,8%,Device,Microsoft Intune,Yes,No,A. Datum Legal,scid_6094,"Small legal firm posture: MFA gaps, mail hygiene drift, and guest access debt."
201,Update Microsoft Defender Antivirus definitions for Linux,Planned,4.49 / 9,9%,Device,Microsoft Intune,Yes,No,A. Datum Legal,scid_6095,"Small legal firm posture: MFA gaps, mail hygiene drift, and guest access debt."
66,Set 'Minimum PIN length for startup' to '6 or more characters',Planned,3.63 / 5,5%,Device,Microsoft Intune,Yes,No,A. Datum Legal,scid_61,"Small legal firm posture: MFA gaps, mail hygiene drift, and guest access debt."
223,Enable 'Microsoft Defender for Endpoint Plug-in for WSL',Planned,2.33 / 5,5%,Device,Microsoft Intune,Yes,No,A. Datum Legal,scid_6100,"Small legal firm posture: MFA gaps, mail hygiene drift, and guest access debt."
67,Enable 'Require additional authentication at startup',Planned,4.28 / 8,8%,Device,Microsoft Intune,Yes,No,A. Datum Legal,scid_62,"Small legal firm posture: MFA gaps, mail hygiene drift, and guest access debt."
68,Disable 'Configure Offer Remote Assistance',Planned,1.71 / 5,5%,Device,Microsoft Intune,Yes,No,A. Datum Legal,scid_63,"Small legal firm posture: MFA gaps, mail hygiene drift, and guest access debt."
69,Restrict anonymous access to named pipes and Shares,Planned,4.72 / 8,8%,Device,Microsoft Intune,Yes,No,A. Datum Legal,scid_64,"Small legal firm posture: MFA gaps, mail hygiene drift, and guest access debt."
70,Disable 'Store LAN Manager hash value on next password change',Planned,5.89 / 8,8%,Device,Microsoft Intune,Yes,No,A. Datum Legal,scid_65,"Small legal firm posture: MFA gaps, mail hygiene drift, and guest access debt."
71,Disable 'Always install with elevated privileges',Completed,6.79 / 8,8%,Device,Microsoft Intune,Yes,No,A. Datum Legal,scid_66,"Small legal firm posture: MFA gaps, mail hygiene drift, and guest access debt."
72,Disable 'Autoplay for non-volume devices',Planned,2.93 / 5,5%,Device,Microsoft Intune,Yes,Yes,A. Datum Legal,scid_67,"Small legal firm posture: MFA gaps, mail hygiene drift, and guest access debt."
73,Disable 'Anonymous enumeration of SAM accounts',Planned,4.32 / 8,8%,Device,Microsoft Intune,Yes,No,A. Datum Legal,scid_68,"Small legal firm posture: MFA gaps, mail hygiene drift, and guest access debt."
74,Disable 'Autoplay' for all drives,Planned,3.32 / 8,8%,Device,Microsoft Intune,Yes,No,A. Datum Legal,scid_69,"Small legal firm posture: MFA gaps, mail hygiene drift, and guest access debt."
75,Set default behavior for 'AutoRun' to 'Enabled: Do not execute any autorun commands',Planned,3.53 / 8,8%,Device,Microsoft Intune,Yes,No,A. Datum Legal,scid_70,"Small legal firm posture: MFA gaps, mail hygiene drift, and guest access debt."
76,Enable 'Limit local account use of blank passwords to console logon only',Planned,2.6 / 5,5%,Device,Microsoft Intune,Yes,No,A. Datum Legal,scid_71,"Small legal firm posture: MFA gaps, mail hygiene drift, and guest access debt."
77,Set LAN Manager authentication level to 'Send NTLMv2 response only. Refuse LM & NTLM',To address,2.11 / 8,8%,Device,Microsoft Intune,Yes,No,A. Datum Legal,scid_72,"Small legal firm posture: MFA gaps, mail hygiene drift, and guest access debt."
78,Disable 'Allow Basic authentication' for WinRM Client,Planned,3.18 / 8,8%,Device,Microsoft Intune,Yes,No,A. Datum Legal,scid_73,"Small legal firm posture: MFA gaps, mail hygiene drift, and guest access debt."
79,Disable 'Allow Basic authentication' for WinRM Service,Completed,6.72 / 8,8%,Device,Microsoft Intune,Yes,No,A. Datum Legal,scid_74,"Small legal firm posture: MFA gaps, mail hygiene drift, and guest access debt."
80,Disable Flash on Adobe Reader DC,Planned,3.64 / 5,5%,Device,Microsoft Intune,Yes,Yes,A. Datum Legal,scid_75,"Small legal firm posture: MFA gaps, mail hygiene drift, and guest access debt."
81,Disable JavaScript on Adobe Reader DC,Planned,2.91 / 5,5%,Device,Microsoft Intune,Yes,No,A. Datum Legal,scid_76,"Small legal firm posture: MFA gaps, mail hygiene drift, and guest access debt."
82,Disable Flash on Adobe Acrobat Pro XI,To address,1.11 / 5,5%,Device,Microsoft Intune,No,No,A. Datum Legal,scid_77,"Small legal firm posture: MFA gaps, mail hygiene drift, and guest access debt."
83,Disable JavaScript on Adobe Acrobat Pro XI,To address,1.51 / 5,5%,Device,Microsoft Intune,Yes,No,A. Datum Legal,scid_78,"Small legal firm posture: MFA gaps, mail hygiene drift, and guest access debt."
84,Disable running or installing downloaded software with invalid signature,Planned,1.86 / 5,5%,Device,Microsoft Intune,Yes,No,A. Datum Legal,scid_79,"Small legal firm posture: MFA gaps, mail hygiene drift, and guest access debt."
85,Block Flash activation in Office documents,Planned,1.77 / 5,5%,Device,Microsoft Intune,Yes,No,A. Datum Legal,scid_80,"Small legal firm posture: MFA gaps, mail hygiene drift, and guest access debt."
86,Set IPv6 source routing to highest protection,To address,1.45 / 5,5%,Device,Microsoft Intune,Yes,No,A. Datum Legal,scid_81,"Small legal firm posture: MFA gaps, mail hygiene drift, and guest access debt."
87,Disable IP source routing,Planned,3.54 / 5,5%,Device,Microsoft Intune,Yes,No,A. Datum Legal,scid_82,"Small legal firm posture: MFA gaps, mail hygiene drift, and guest access debt."
88,Enable Explorer Data Execution Prevention (DEP),Completed,4.41 / 5,5%,Device,Microsoft Intune,Yes,No,A. Datum Legal,scid_83,"Small legal firm posture: MFA gaps, mail hygiene drift, and guest access debt."
90,Block outdated ActiveX controls for Internet Explorer,To address,0.46 / 5,5%,Device,Microsoft Intune,Yes,No,A. Datum Legal,scid_85,"Small legal firm posture: MFA gaps, mail hygiene drift, and guest access debt."
91,Disable Solicited Remote Assistance,Planned,5.72 / 8,8%,Device,Microsoft Intune,Yes,No,A. Datum Legal,scid_87,"Small legal firm posture: MFA gaps, mail hygiene drift, and guest access debt."
92,Disable Anonymous enumeration of shares,Completed,7.14 / 8,8%,Device,Microsoft Intune,Yes,No,A. Datum Legal,scid_88,"Small legal firm posture: MFA gaps, mail hygiene drift, and guest access debt."
92,Enable scanning of removable drives during a full scan,Planned,4 / 8,8%,Device,Microsoft Intune,Yes,No,A. Datum Legal,scid_89,"Small legal firm posture: MFA gaps, mail hygiene drift, and guest access debt."
422,Enable 'Local Machine Zone Lockdown Security',Planned,3.24 / 5,5%,Device,Microsoft Intune,Yes,Yes,A. Datum Legal,scid_9,"Small legal firm posture: MFA gaps, mail hygiene drift, and guest access debt."
93,Enable Microsoft Defender Antivirus email scanning,Planned,4.74 / 9,9%,Device,Exchange Online,Yes,No,A. Datum Legal,scid_90,"Small legal firm posture: MFA gaps, mail hygiene drift, and guest access debt."
94,Enable Microsoft Defender Antivirus real-time behavior monitoring,To address,1.28 / 5,5%,Device,Microsoft Intune,No,No,A. Datum Legal,scid_91,"Small legal firm posture: MFA gaps, mail hygiene drift, and guest access debt."
95,Enable Microsoft Defender Antivirus scanning of downloaded files and attachments,Planned,5.92 / 10,10%,Device,Microsoft Intune,No,No,A. Datum Legal,scid_92,"Small legal firm posture: MFA gaps, mail hygiene drift, and guest access debt."
96,Disable the local storage of passwords and credentials,Planned,3.7 / 5,5%,Device,Microsoft Intune,Yes,Yes,A. Datum Legal,scid_93,"Small legal firm posture: MFA gaps, mail hygiene drift, and guest access debt."
97,Disable sending unencrypted password to third-party SMB servers,Planned,3.55 / 5,5%,Device,Microsoft Intune,No,Yes,A. Datum Legal,scid_94,"Small legal firm posture: MFA gaps, mail hygiene drift, and guest access debt."
98,Enable 'Microsoft network client: Digitally sign communications (always)',To address,1.63 / 5,5%,Device,Microsoft Intune,Yes,No,A. Datum Legal,scid_95,"Small legal firm posture: MFA gaps, mail hygiene drift, and guest access debt."
429,Enable 'Network Protection',Planned,4.35 / 8,8%,Device,Microsoft Intune,Yes,No,A. Datum Legal,scid_96,"Small legal firm posture: MFA gaps, mail hygiene drift, and guest access debt."
159,Disable JavaScript on Adobe DC,To address,0.38 / 5,5%,Device,Microsoft Intune,Yes,No,A. Datum Legal,scid_97,"Small legal firm posture: MFA gaps, mail hygiene drift, and guest access debt."
160,Disable JavaScript on Adobe Reader 2017,Planned,2.32 / 5,5%,Device,Microsoft Intune,No,No,A. Datum Legal,scid_98,"Small legal firm posture: MFA gaps, mail hygiene drift, and guest access debt."
161,Disable JavaScript on Adobe Acrobat 2017,To address,1.2 / 5,5%,Device,Microsoft Intune,Yes,No,A. Datum Legal,scid_99,"Small legal firm posture: MFA gaps, mail hygiene drift, and guest access debt."
20,Ensure 'Self service password reset enabled' is set to 'All',To address,0.3 / 1,1%,Identity,Microsoft Entra ID,Yes,No,A. Datum Legal,SelfServicePasswordReset,"Small legal firm posture: MFA gaps, mail hygiene drift, and guest access debt."
58,Enable Microsoft Entra ID Identity Protection sign-in risk policies,Planned,3.85 / 7,7%,Identity,Microsoft Entra ID,Yes,No,A. Datum Legal,SigninRiskPolicy,"Small legal firm posture: MFA gaps, mail hygiene drift, and guest access debt."
10,Block OneDrive for Business sync from unmanaged devices,Planned,1.64 / 3,3%,Apps,SharePoint Online,No,No,A. Datum Legal,spo_block_onedrive_sync_unmanaged_devices,"Small legal firm posture: MFA gaps, mail hygiene drift, and guest access debt."
10,Ensure SharePoint external sharing is managed through domain whitelist/blacklists,Planned,1.71 / 3,3%,Apps,SharePoint Online,Yes,No,A. Datum Legal,spo_external_sharing_managed,"Small legal firm posture: MFA gaps, mail hygiene drift, and guest access debt."
10,Ensure that SharePoint guest users cannot share items they don't own,Planned,2.44 / 3,3%,Identity,SharePoint Online,Yes,No,A. Datum Legal,spo_external_users_sharing,"Small legal firm posture: MFA gaps, mail hygiene drift, and guest access debt."
128,Sign out inactive users in SharePoint Online,Planned,0.66 / 1,1%,Identity,SharePoint Online,Yes,No,A. Datum Legal,spo_idle_session_timeout,"Small legal firm posture: MFA gaps, mail hygiene drift, and guest access debt."
128,Ensure modern authentication for SharePoint applications is required,Planned,0.69 / 1,1%,Identity,SharePoint Online,Yes,No,A. Datum Legal,spo_legacy_auth,"Small legal firm posture: MFA gaps, mail hygiene drift, and guest access debt."
10,Ensure that Sways cannot be shared with people outside of your organization,Planned,1.37 / 3,3%,Apps,SWAY,Yes,Yes,A. Datum Legal,sway_block_sharing_with_outside_users,"Small legal firm posture: MFA gaps, mail hygiene drift, and guest access debt."
59,Enable Microsoft Entra ID Identity Protection user risk policies,Planned,2.93 / 7,7%,Identity,Microsoft Entra ID,Yes,No,A. Datum Legal,UserRiskPolicy,"Small legal firm posture: MFA gaps, mail hygiene drift, and guest access debt."
