Rank,Recommended action,Status,Points achieved,Score impact,Category,Product,Have license?,Regressed,Tenant,Control ID,Notes
10,Ensure Administrative accounts are separate and cloud-only,Planned,1.35 / 3,3%,Identity,Microsoft Entra ID,Yes,No,Blue Yonder Nonprofit,aad_admin_accounts_separate_unassigned_cloud_only,Budget-constrained tenant with licenses missing and security controls deferred.
10,Ensure the admin consent workflow is enabled,Planned,3.92 / 5,5%,Identity,Microsoft Entra ID,Yes,Yes,Blue Yonder Nonprofit,aad_admin_consent_workflow,Budget-constrained tenant with licenses missing and security controls deferred.
10,Ensure custom banned passwords lists are used,To address,1.02 / 5,5%,Identity,Microsoft Entra ID,Yes,Yes,Blue Yonder Nonprofit,aad_custom_banned_passwords,Budget-constrained tenant with licenses missing and security controls deferred.
10,Ensure 'Microsoft Azure Management' is limited to administrative roles,Planned,1.9 / 3,3%,Identity,Microsoft Entra ID,Yes,No,Blue Yonder Nonprofit,aad_limited_administrative_roles,Budget-constrained tenant with licenses missing and security controls deferred.
10,Ensure 'LinkedIn account connections' is disabled,To address,0.09 / 3,3%,Identity,Microsoft Entra ID,No,No,Blue Yonder Nonprofit,aad_linkedin_connection_disables,Budget-constrained tenant with licenses missing and security controls deferred.
10,Ensure that only organizationally managed/approved public groups exist,To address,0 / 3,3%,Identity,Microsoft Entra ID,Yes,No,Blue Yonder Nonprofit,aad_managed_approved_public_groups_only,Budget-constrained tenant with licenses missing and security controls deferred.
10,Ensure password protection is enabled for on-prem Active Directory,To address,0 / 6,6%,Identity,Microsoft Entra ID,No,No,Blue Yonder Nonprofit,aad_password_protection,Budget-constrained tenant with licenses missing and security controls deferred.
10,Ensure 'Phishing-resistant MFA strength' is required for Administrators,To address,0 / 7,7%,Identity,Microsoft Entra ID,Yes,No,Blue Yonder Nonprofit,aad_phishing_MFA_strength,Budget-constrained tenant with licenses missing and security controls deferred.
10,Ensure Sign-in frequency is enabled and browser sessions are not persistent for Administrative users,Planned,2.24 / 5,5%,Identity,Microsoft Entra ID,Yes,No,Blue Yonder Nonprofit,aad_sign_in_freq_session_timeout,Budget-constrained tenant with licenses missing and security controls deferred.
10,Ensure third party integrated applications are not allowed,Planned,2.59 / 5,5%,Identity,Microsoft Entra ID,Yes,No,Blue Yonder Nonprofit,aad_third_party_apps,Budget-constrained tenant with licenses missing and security controls deferred.
65,Locate accounts in built-in Operator Groups,To address,2.51 / 8,8%,Identity,Microsoft Entra ID,Yes,No,Blue Yonder Nonprofit,AATP_AccountsInOperatorGroups,Budget-constrained tenant with licenses missing and security controls deferred.
65,Accounts with non-default Primary Group ID,Planned,1.87 / 5,5%,Identity,Microsoft Entra ID,Yes,No,Blue Yonder Nonprofit,AATP_AccountsWithNonDefaultPrimaryGroup,Budget-constrained tenant with licenses missing and security controls deferred.
65,Change password for accounts with leaked credentials,To address,0.05 / 5,5%,Identity,Microsoft Entra ID,Yes,No,Blue Yonder Nonprofit,AATP_AccountWithLeakedCredentials,Budget-constrained tenant with licenses missing and security controls deferred.
65,Change password for on-prem account with potentially leaked credentials,To address,0 / 5,5%,Identity,Microsoft Entra ID,Yes,No,Blue Yonder Nonprofit,AATP_AdAccountWithPotentiallyLeakedCredentials,Budget-constrained tenant with licenses missing and security controls deferred.
65,Prevent Certificate Enrollment with arbitrary Application Policies (ESC15),Planned,2.25 / 5,5%,Identity,Microsoft Entra ID,Yes,No,Blue Yonder Nonprofit,AATP_ADCSCertificateTemplateArbitraryAppPolicies,Budget-constrained tenant with licenses missing and security controls deferred.
65,Prevent users to request a certificate valid for arbitrary users based on the certificate template (ESC1),To address,0 / 5,5%,Identity,Microsoft Entra ID,No,Yes,Blue Yonder Nonprofit,AATP_ADCSCertificateTemplateEnrolementSuppliesSubject,Budget-constrained tenant with licenses missing and security controls deferred.
65,Install Defender for Identity Sensor on ADCS servers,Planned,1.49 / 4,4%,Identity,Microsoft Entra ID,No,No,Blue Yonder Nonprofit,AATP_AdcsComputersWithNoMdiSensorInstalled,Budget-constrained tenant with licenses missing and security controls deferred.
65,Edit insecure certificate enrollment IIS endpoints (ESC8),Planned,2.39 / 5,5%,Identity,Microsoft Intune,Yes,Yes,Blue Yonder Nonprofit,AATP_ADCSInsecureCertificateEnrollmentIisEndpoints,Budget-constrained tenant with licenses missing and security controls deferred.
65,Edit misconfigured Certificate Authority ACL (ESC7),Planned,2.59 / 5,5%,Identity,Microsoft Entra ID,No,No,Blue Yonder Nonprofit,AATP_ADCSMisconfiguredCertificateAuthorityAcl,Budget-constrained tenant with licenses missing and security controls deferred.
65,Edit misconfigured certificate templates ACL (ESC4),Planned,3.85 / 5,5%,Identity,Microsoft Entra ID,Yes,Yes,Blue Yonder Nonprofit,AATP_ADCSMisconfiguredCertificateTemplateAcl,Budget-constrained tenant with licenses missing and security controls deferred.
60,Edit overly permissive Certificate Template with privileged EKU (Any purpose EKU or No EKU) (ESC2),Planned,1.72 / 5,5%,Identity,Microsoft Entra ID,Yes,Yes,Blue Yonder Nonprofit,AATP_ADCSMisconfiguredCertificateTemplateEku,Budget-constrained tenant with licenses missing and security controls deferred.
65,Edit misconfigured enrollment agent certificate template (ESC3),Planned,2.06 / 5,5%,Identity,Microsoft Entra ID,Yes,No,Blue Yonder Nonprofit,AATP_ADCSMisconfiguredCertificateTemplateEnrollmentAgent,Budget-constrained tenant with licenses missing and security controls deferred.
65,Edit misconfigured certificate templates owner (ESC4),To address,0 / 5,5%,Identity,Microsoft Entra ID,Yes,No,Blue Yonder Nonprofit,AATP_ADCSMisconfiguredCertificateTemplateOwner,Budget-constrained tenant with licenses missing and security controls deferred.
65,Enforce encryption for RPC certificate enrollment interface (ESC8),To address,0 / 5,5%,Identity,Microsoft Entra ID,Yes,No,Blue Yonder Nonprofit,AATP_ADCSMisconfiguredRpcEnrollmentSigning,Budget-constrained tenant with licenses missing and security controls deferred.
65,Edit vulnerable Certificate Authority setting (ESC6),To address,0.72 / 5,5%,Identity,Microsoft Entra ID,No,No,Blue Yonder Nonprofit,AATP_ADCSSanSpecifiedByUserEnabled,Budget-constrained tenant with licenses missing and security controls deferred.
65,Install Defender for Identity Sensor on ADFS servers,To address,1.14 / 4,4%,Identity,Microsoft Entra ID,Yes,No,Blue Yonder Nonprofit,AATP_AdfsComputersWithNoMdiSensorInstalled,Budget-constrained tenant with licenses missing and security controls deferred.
67,Remove access rights on suspicious accounts with the Admin SDHolder permission,To address,0.05 / 5,5%,Identity,Microsoft Entra ID,Yes,No,Blue Yonder Nonprofit,AATP_AdminSDHolder,Budget-constrained tenant with licenses missing and security controls deferred.
65,Change password for Entra seamless SSO account,To address,1.15 / 5,5%,Identity,Microsoft Entra ID,No,No,Blue Yonder Nonprofit,AATP_AzureSsoAccountOldPasswords,Budget-constrained tenant with licenses missing and security controls deferred.
65,Change password of built-in domain Administrator account,To address,0.66 / 5,5%,Identity,Microsoft Entra ID,Yes,No,Blue Yonder Nonprofit,AATP_BuiltinAdministratorAccountWithOldPassword,Budget-constrained tenant with licenses missing and security controls deferred.
65,Built-in Active Directory Guest account is enabled,Planned,2.91 / 5,5%,Identity,Microsoft Entra ID,Yes,No,Blue Yonder Nonprofit,AATP_BuiltinGuestAccountIsEnabled,Budget-constrained tenant with licenses missing and security controls deferred.
65,Change password for krbtgt account,To address,0.07 / 5,5%,Identity,Microsoft Entra ID,Yes,No,Blue Yonder Nonprofit,AATP_BuiltinKrbtgtAccountWithOldPassword,Budget-constrained tenant with licenses missing and security controls deferred.
67,Stop clear text credentials exposure,To address,0.24 / 5,5%,Identity,Microsoft Entra ID,No,No,Blue Yonder Nonprofit,AATP_ClearText,Budget-constrained tenant with licenses missing and security controls deferred.
65,Remove stale CyberArk Identity privileged accounts,To address,0 / 5,5%,Identity,Microsoft Entra ID,Yes,No,Blue Yonder Nonprofit,AATP_CyberArk_DormantPriviledgedAccounts,Budget-constrained tenant with licenses missing and security controls deferred.
65,High number of CyberArk Identity accounts with a privileged role assigned,To address,0 / 5,5%,Identity,Microsoft Entra ID,Yes,Yes,Blue Yonder Nonprofit,AATP_CyberArk_HighNumberOfPriviledgedIdentityAccounts,Budget-constrained tenant with licenses missing and security controls deferred.
65,Limit the number of CyberArk Identity accounts with system admin role,To address,0 / 5,5%,Identity,Microsoft Entra ID,Yes,No,Blue Yonder Nonprofit,AATP_CyberArk_HighNumberOfSystemAdmins,Budget-constrained tenant with licenses missing and security controls deferred.
65,Change password for CyberArk Identity privileged User accounts,To address,0.33 / 6,6%,Identity,Microsoft Entra ID,Yes,Yes,Blue Yonder Nonprofit,AATP_CyberArk_PriviledgedUserAccountsWithOldPasswords,Budget-constrained tenant with licenses missing and security controls deferred.
59,"Start your Defender for Identity deployment, installing Sensors on Domain Controllers and other eligible servers.",Planned,2.11 / 5,5%,Identity,Microsoft Entra ID,No,No,Blue Yonder Nonprofit,AATP_DefenderForIdentityIsNotInstalled,Budget-constrained tenant with licenses missing and security controls deferred.
65,Unsafe permissions on the DnsAdmins group,Planned,3.97 / 8,8%,Identity,Microsoft Entra ID,Yes,No,Blue Yonder Nonprofit,AATP_DnsAdminsGroupWithUnsafePermissions,Budget-constrained tenant with licenses missing and security controls deferred.
65,Remove local admins on identity assets,To address,0.59 / 5,5%,Identity,Microsoft Entra ID,Yes,No,Blue Yonder Nonprofit,AATP_DomainControllerLocalUsers,Budget-constrained tenant with licenses missing and security controls deferred.
65,Change Domain Controller computer account old password,To address,0.47 / 5,5%,Identity,Microsoft Entra ID,Yes,Yes,Blue Yonder Nonprofit,AATP_DomainControllersWithOldPassword,Budget-constrained tenant with licenses missing and security controls deferred.
67,Remove dormant accounts from sensitive groups,To address,0 / 5,5%,Identity,Microsoft Entra ID,Yes,Yes,Blue Yonder Nonprofit,AATP_DormantAccounts,Budget-constrained tenant with licenses missing and security controls deferred.
65,Rotate password for Entra Connect AD DS Connector account,To address,0 / 3,3%,Identity,Microsoft Entra ID,Yes,No,Blue Yonder Nonprofit,AATP_EntraConnectAccountsOldPasswords,Budget-constrained tenant with licenses missing and security controls deferred.
65,Replace Enterprise or Domain Admin account for Entra Connect AD DS Connector account,To address,0.1 / 3,3%,Identity,Microsoft Entra ID,Yes,Yes,Blue Yonder Nonprofit,AATP_EntraConnectAccountsWithConnectorAccountAsDefaultAdmin,Budget-constrained tenant with licenses missing and security controls deferred.
65,Remove unnecessary replication permissions for Entra Connect AD DS Connector Account,To address,1.84 / 8,8%,Identity,Microsoft Entra ID,No,No,Blue Yonder Nonprofit,AATP_EntraConnectAccountUnnecessaryReplicationPermission,Budget-constrained tenant with licenses missing and security controls deferred.
65,Install Defender for Identity Sensor on Entra Connect servers,To address,1.3 / 4,4%,Identity,Microsoft Entra ID,No,No,Blue Yonder Nonprofit,AATP_EntraConnectComputersWithNoMdiSensorInstalled,Budget-constrained tenant with licenses missing and security controls deferred.
65,Remove unsafe permissions on sensitive Entra Connect accounts,To address,1.07 / 9,9%,Identity,Microsoft Entra ID,No,No,Blue Yonder Nonprofit,AATP_EntraConnectSensitiveAccountsWithUnsafePermissions,Budget-constrained tenant with licenses missing and security controls deferred.
65,Remove discoverable passwords in Active Directory account attributes,Planned,5.04 / 8,8%,Identity,Microsoft Entra ID,Yes,No,Blue Yonder Nonprofit,AATP_ExposedPasswordsInADAttributes,Budget-constrained tenant with licenses missing and security controls deferred.
65,Set a valid password rotation interval for gMSA,To address,1.71 / 6,6%,Identity,Microsoft Entra ID,Yes,Yes,Blue Yonder Nonprofit,AATP_GroupManagedServiceAccountWithUnrecommendedPasswordChangeInterval,Budget-constrained tenant with licenses missing and security controls deferred.
65,GPO can be modified by unprivileged accounts,To address,0 / 5,5%,Identity,Microsoft Entra ID,Yes,No,Blue Yonder Nonprofit,AATP_GroupPolicyAbnormalModificationAssignment,Budget-constrained tenant with licenses missing and security controls deferred.
65,GPO assigns unprivileged identities to local groups with elevated privileges,To address,0 / 7,7%,Identity,Microsoft Entra ID,Yes,Yes,Blue Yonder Nonprofit,AATP_GroupPolicyAssignsUnprivilegedIdentitiesToElevatedLocalGroups,Budget-constrained tenant with licenses missing and security controls deferred.
65,Reversible passwords found in GPOs,To address,0.35 / 8,8%,Identity,Microsoft Entra ID,Yes,No,Blue Yonder Nonprofit,AATP_GroupPolicyPasswordInPreferences,Budget-constrained tenant with licenses missing and security controls deferred.
61,Set a honeytoken account,To address,0.07 / 1,1%,Identity,Microsoft Entra ID,Yes,No,Blue Yonder Nonprofit,AATP_HoneyToken,Budget-constrained tenant with licenses missing and security controls deferred.
65,Remove stale service accounts,To address,0.7 / 5,5%,Identity,Microsoft Entra ID,Yes,Yes,Blue Yonder Nonprofit,AATP_InactiveServiceAccounts,Budget-constrained tenant with licenses missing and security controls deferred.
67,Modify unsecure Kerberos delegations to prevent impersonation,To address,0.75 / 5,5%,Identity,Microsoft Entra ID,No,No,Blue Yonder Nonprofit,AATP_KerberosDelegations,Budget-constrained tenant with licenses missing and security controls deferred.
66,Remove non-admin accounts with DCSync permissions,To address,0.03 / 5,5%,Identity,Microsoft Entra ID,Yes,No,Blue Yonder Nonprofit,AATP_NonAdminDCSyncAccounts,Budget-constrained tenant with licenses missing and security controls deferred.
65,Remove dormant Okta privileged accounts,Planned,2.41 / 5,5%,Identity,Microsoft Entra ID,Yes,No,Blue Yonder Nonprofit,AATP_Okta_Dormant,Budget-constrained tenant with licenses missing and security controls deferred.
65,High number of Okta accounts with privileged role assigned,To address,1.11 / 5,5%,Identity,Microsoft Entra ID,Yes,No,Blue Yonder Nonprofit,AATP_Okta_HighNumberOfNonSuperAdminPrivilegedUserAccounts,Budget-constrained tenant with licenses missing and security controls deferred.
65,Limit the Number of Okta Super Admins Accounts,To address,0.58 / 5,5%,Identity,Microsoft Entra ID,Yes,No,Blue Yonder Nonprofit,AATP_Okta_HighNumberOfSuperAdmins,Budget-constrained tenant with licenses missing and security controls deferred.
65,Change password for Okta privileged User accounts,To address,1.21 / 6,6%,Identity,Microsoft Entra ID,No,Yes,Blue Yonder Nonprofit,AATP_Okta_SensitiveAccountWithOldPassword,Budget-constrained tenant with licenses missing and security controls deferred.
65,Assign multi-factor authentication for Okta privileged user accounts,To address,0 / 5,5%,Identity,Microsoft Entra ID,Yes,Yes,Blue Yonder Nonprofit,AATP_Okta_SensitiveAccountWithoutFactorsAssigned,Budget-constrained tenant with licenses missing and security controls deferred.
65,Highly Privileged Okta Api Token,To address,0 / 5,5%,Identity,Microsoft Entra ID,Yes,No,Blue Yonder Nonprofit,AATP_Okta_SensitiveApiToken,Budget-constrained tenant with licenses missing and security controls deferred.
67,Reduce lateral movement path risk to sensitive entities,To address,0.44 / 5,5%,Identity,Microsoft Entra ID,Yes,No,Blue Yonder Nonprofit,AATP_PathRisk,Budget-constrained tenant with licenses missing and security controls deferred.
65,Remove stale PingOne privileged accounts,To address,1.19 / 5,5%,Identity,Microsoft Entra ID,Yes,Yes,Blue Yonder Nonprofit,AATP_Ping_Dormant,Budget-constrained tenant with licenses missing and security controls deferred.
65,High number of PingOne accounts with a privileged role assigned,To address,1.05 / 5,5%,Identity,Microsoft Entra ID,Yes,Yes,Blue Yonder Nonprofit,AATP_Ping_HighNumberOfNonSuperAdminPrivilegedUserAccounts,Budget-constrained tenant with licenses missing and security controls deferred.
65,Limit the number of PingOne accounts with organization admin role,To address,0.16 / 5,5%,Identity,Microsoft Entra ID,No,No,Blue Yonder Nonprofit,AATP_Ping_HighNumberOfSuperAdmins,Budget-constrained tenant with licenses missing and security controls deferred.
65,Change password for PingOne privileged User accounts,Planned,3.28 / 6,6%,Identity,Microsoft Entra ID,Yes,No,Blue Yonder Nonprofit,AATP_Ping_SensitiveAccountWithOldPassword,Budget-constrained tenant with licenses missing and security controls deferred.
65,Assign multi-factor authentication for PingOne privileged user accounts,To address,0.01 / 5,5%,Identity,Microsoft Entra ID,No,Yes,Blue Yonder Nonprofit,AATP_Ping_SensitiveAccountWithoutFactorsAssigned,Budget-constrained tenant with licenses missing and security controls deferred.
67,Disable Print spooler service on domain controllers,To address,0 / 5,5%,Identity,Microsoft Entra ID,Yes,No,Blue Yonder Nonprofit,AATP_PrintSpooler,Budget-constrained tenant with licenses missing and security controls deferred.
65,Ensure privileged accounts are not delegated,To address,0.27 / 5,5%,Identity,Microsoft Entra ID,Yes,No,Blue Yonder Nonprofit,AATP_PrivilegedAccountsWithDelegationAllowed,Budget-constrained tenant with licenses missing and security controls deferred.
65,Identify Entra ID privileged accounts that are also privileged in Active Directory,To address,0 / 9,9%,Identity,Microsoft Entra ID,Yes,Yes,Blue Yonder Nonprofit,AATP_PrivilegedEntraIdAndActiveDirectoryAccounts,Budget-constrained tenant with licenses missing and security controls deferred.
67,Protect and manage local admin passwords with Microsoft LAPS,Planned,2.72 / 5,5%,Identity,Microsoft Entra ID,Yes,No,Blue Yonder Nonprofit,AATP_PwdLAPS,Budget-constrained tenant with licenses missing and security controls deferred.
65,Remove stale SailPoint privileged accounts,To address,1.24 / 5,5%,Identity,Microsoft Entra ID,No,No,Blue Yonder Nonprofit,AATP_SailPoint_DormantPriviledgedAccounts,Budget-constrained tenant with licenses missing and security controls deferred.
65,High number of SailPoint accounts with a privileged role assigned,To address,0.99 / 5,5%,Identity,Microsoft Entra ID,Yes,No,Blue Yonder Nonprofit,AATP_SailPoint_HighNumberOfPriviledgedIdentityAccounts,Budget-constrained tenant with licenses missing and security controls deferred.
65,Limit the number of SailPoint accounts with system admin role,To address,0.39 / 5,5%,Identity,Microsoft Entra ID,Yes,No,Blue Yonder Nonprofit,AATP_SailPoint_HighNumberOfSystemAdmins,Budget-constrained tenant with licenses missing and security controls deferred.
65,Assign multi-factor authentication for SailPoint privileged user accounts,Planned,2.03 / 5,5%,Identity,Microsoft Entra ID,No,No,Blue Yonder Nonprofit,AATP_SailPoint_MFAforPriviledgedUserAccounts,Budget-constrained tenant with licenses missing and security controls deferred.
65,Change password for SailPoint privileged User accounts,To address,0 / 5,5%,Identity,Microsoft Entra ID,Yes,No,Blue Yonder Nonprofit,AATP_SailPoint_PriviledgedUserAccountsWithOldPasswords,Budget-constrained tenant with licenses missing and security controls deferred.
60,Install Defender for Identity Sensor on all Domain Controllers,To address,0 / 4,4%,Identity,Microsoft Entra ID,Yes,No,Blue Yonder Nonprofit,AATP_Sensor,Budget-constrained tenant with licenses missing and security controls deferred.
65,Identify service accounts in privileged groups,To address,1.15 / 7,7%,Identity,Microsoft Entra ID,Yes,No,Blue Yonder Nonprofit,AATP_ServiceAccountsInPrivilegedGroup,Budget-constrained tenant with licenses missing and security controls deferred.
67,Remove unsecure SID history attributes from entities,To address,0.1 / 5,5%,Identity,Microsoft Entra ID,Yes,Yes,Blue Yonder Nonprofit,AATP_SIDHistory,Budget-constrained tenant with licenses missing and security controls deferred.
65,Rotate old password for sMSA and set up valid rotation interval in the GPO,To address,0.03 / 6,6%,Identity,Microsoft Entra ID,No,Yes,Blue Yonder Nonprofit,AATP_SingleManagedServiceAccountsWithOldPassword,Budget-constrained tenant with licenses missing and security controls deferred.
65,Remove stale Active Directory accounts,Planned,1.99 / 5,5%,Identity,Microsoft Entra ID,Yes,No,Blue Yonder Nonprofit,AATP_StaleAccounts,Budget-constrained tenant with licenses missing and security controls deferred.
67,Resolve unsecure account attributes,Planned,3.23 / 5,5%,Identity,Microsoft Entra ID,Yes,No,Blue Yonder Nonprofit,AATP_UnsecureAccount,Budget-constrained tenant with licenses missing and security controls deferred.
60,Resolve unsecure domain configurations,To address,1.41 / 5,5%,Identity,Microsoft Entra ID,Yes,No,Blue Yonder Nonprofit,AATP_UnsecureDomain,Budget-constrained tenant with licenses missing and security controls deferred.
63,Configure VPN integration,Planned,0.5 / 1,1%,Identity,Microsoft Entra ID,Yes,Yes,Blue Yonder Nonprofit,AATP_Vpn,Budget-constrained tenant with licenses missing and security controls deferred.
67,Stop weak cipher usage,Planned,1.87 / 5,5%,Identity,Microsoft Entra ID,Yes,No,Blue Yonder Nonprofit,AATP_WeakCipher,Budget-constrained tenant with licenses missing and security controls deferred.
10,Ensure 'User owned apps and services' is restricted,To address,0.21 / 3,3%,Identity,Microsoft Entra ID,Yes,No,Blue Yonder Nonprofit,admincenter_owned_apps_and_services,Budget-constrained tenant with licenses missing and security controls deferred.
1,Ensure multifactor authentication is enabled for all users in administrative roles,To address,0 / 10,10%,Identity,Microsoft Entra ID,Yes,No,Blue Yonder Nonprofit,AdminMFAV2,Budget-constrained tenant with licenses missing and security controls deferred.
9,Regulate cloud app access to sensitive data,To address,0 / 7,7%,Apps,AppG,Yes,No,Blue Yonder Nonprofit,AppG_regulate_access_to_sensitive_data,Budget-constrained tenant with licenses missing and security controls deferred.
10,Regulate apps with priority account consent,To address,1.36 / 7,7%,Apps,AppG,Yes,No,Blue Yonder Nonprofit,AppG_unusual_activity_with_priority_account,Budget-constrained tenant with licenses missing and security controls deferred.
68,Enable Conditional Access policies to block legacy authentication,Planned,4.14 / 8,8%,Identity,Microsoft Entra ID,Yes,No,Blue Yonder Nonprofit,BlockLegacyAuthentication,Budget-constrained tenant with licenses missing and security controls deferred.
127,Ensure the customer lockbox feature is enabled,Planned,0.61 / 1,1%,Apps,Exchange Online,Yes,No,Blue Yonder Nonprofit,CustomerLockBoxEnabled,Budget-constrained tenant with licenses missing and security controls deferred.
128,Ensure DLP policies are enabled,To address,0.15 / 5,5%,Data,MIP,Yes,Yes,Blue Yonder Nonprofit,dlp_datalossprevention,Budget-constrained tenant with licenses missing and security controls deferred.
128,Ensure 'External sharing' of calendars is not available,To address,0.31 / 5,5%,Apps,Exchange Online,Yes,Yes,Blue Yonder Nonprofit,exo_individualsharing,Budget-constrained tenant with licenses missing and security controls deferred.
10,Ensure mailbox auditing for all users is Enabled,To address,0.46 / 3,3%,Apps,Exchange Online,Yes,No,Blue Yonder Nonprofit,exo_mailboxaudit,Budget-constrained tenant with licenses missing and security controls deferred.
10,Ensure MailTips are enabled for end users,To address,0.03 / 3,3%,Apps,Exchange Online,Yes,No,Blue Yonder Nonprofit,exo_mailtipsenabled,Budget-constrained tenant with licenses missing and security controls deferred.
10,Ensure modern authentication for Exchange Online is enabled,To address,0.54 / 3,3%,Identity,Exchange Online,Yes,No,Blue Yonder Nonprofit,exo_oauth2clientprofileenabled,Budget-constrained tenant with licenses missing and security controls deferred.
10,Ensure users installing Outlook add-ins is not allowed,To address,0.3 / 3,3%,Apps,Exchange Online,Yes,No,Blue Yonder Nonprofit,exo_outlookaddins,Budget-constrained tenant with licenses missing and security controls deferred.
10,Ensure that SPF records are published for all Exchange Domains,To address,1.06 / 5,5%,Apps,Exchange Online,No,No,Blue Yonder Nonprofit,exo_SPF_records_for_all_domains,Budget-constrained tenant with licenses missing and security controls deferred.
10,Ensure additional storage providers are restricted in Outlook on the web,To address,1.44 / 5,5%,Apps,Exchange Online,Yes,No,Blue Yonder Nonprofit,exo_storageproviderrestricted,Budget-constrained tenant with licenses missing and security controls deferred.
128,Ensure Spam confidence level (SCL) is configured in mail transport rules with specific domains,Planned,1.44 / 3,3%,Apps,Exchange Online,Yes,No,Blue Yonder Nonprofit,exo_transportrulesallowlistdomains,Budget-constrained tenant with licenses missing and security controls deferred.
10,Ensure internal phishing protection for Forms is enabled,Planned,3 / 6,6%,Apps,FORMS,No,No,Blue Yonder Nonprofit,forms_phishing_protection,Budget-constrained tenant with licenses missing and security controls deferred.
35,Ensure user consent to apps accessing company data on their behalf is not allowed,To address,0.14 / 4,4%,Identity,Microsoft Entra ID,Yes,No,Blue Yonder Nonprofit,IntegratedApps,Budget-constrained tenant with licenses missing and security controls deferred.
10,Ensure Microsoft Defender for Cloud Apps is enabled and configured,To address,0.36 / 5,5%,Apps,Microsoft Defender,Yes,No,Blue Yonder Nonprofit,mcas_mda_enabled,Budget-constrained tenant with licenses missing and security controls deferred.
82,Deploy a log collector to discover shadow IT activity,To address,0.15 / 1,1%,Apps,MCAS,Yes,Yes,Blue Yonder Nonprofit,McasFirewallLogUpload,Budget-constrained tenant with licenses missing and security controls deferred.
10,Enable multi-factor authentication (MFA),Planned,2.48 / 7,7%,Identity,Microsoft Entra ID,Yes,Yes,Blue Yonder Nonprofit,MDA_Atlassian_EnableTwoFactorAuth,Budget-constrained tenant with licenses missing and security controls deferred.
10,Enable Single Sing On (SSO),Planned,2.42 / 7,7%,Identity,Microsoft Entra ID,Yes,No,Blue Yonder Nonprofit,MDA_Atlassian_ForceSSO,Budget-constrained tenant with licenses missing and security controls deferred.
10,Enable session timeout for web users,Planned,3.64 / 6,6%,Identity,Microsoft Entra ID,Yes,No,Blue Yonder Nonprofit,MDA_Atlassian_InactiveTimeoutMins,Budget-constrained tenant with licenses missing and security controls deferred.
10,Atlassian mobile app security - App access requirement,To address,1.61 / 6,6%,Identity,Microsoft Entra ID,Yes,No,Blue Yonder Nonprofit,MDA_Atlassian_mobile_access,Budget-constrained tenant with licenses missing and security controls deferred.
10,Atlassian mobile app security - App data protection,To address,0.19 / 6,6%,Apps,MDA_Atlassian,Yes,No,Blue Yonder Nonprofit,MDA_Atlassian_mobile_dataprotection,Budget-constrained tenant with licenses missing and security controls deferred.
10,Atlassian mobile app security - Users that are affected by policies,To address,0.66 / 3,3%,Identity,Microsoft Entra ID,Yes,No,Blue Yonder Nonprofit,MDA_Atlassian_mobile_UsersAffected,Budget-constrained tenant with licenses missing and security controls deferred.
10,Enable Password expiration policies,To address,1.69 / 6,6%,Identity,Microsoft Entra ID,Yes,No,Blue Yonder Nonprofit,MDA_Atlassian_passwordExpiry,Budget-constrained tenant with licenses missing and security controls deferred.
10,Enable multi-factor authentication (MFA),To address,1.36 / 7,7%,Identity,Microsoft Entra ID,No,No,Blue Yonder Nonprofit,MDA_CitrixSF_EnableTwoFactorAuth,Budget-constrained tenant with licenses missing and security controls deferred.
10,Enable Single Sign on (SSO),To address,0.33 / 7,7%,Identity,Microsoft Entra ID,No,No,Blue Yonder Nonprofit,MDA_CitrixSF_ForceSSO,Budget-constrained tenant with licenses missing and security controls deferred.
10,Enable session timeout for web users,To address,0.36 / 6,6%,Identity,Microsoft Entra ID,Yes,Yes,Blue Yonder Nonprofit,MDA_CitrixSF_InactiveTimeoutMins,Budget-constrained tenant with licenses missing and security controls deferred.
10,Enhance 'login maximum attempts' - Lockout timer,To address,0.35 / 6,6%,Identity,Microsoft Entra ID,Yes,No,Blue Yonder Nonprofit,MDA_CitrixSF_LoginFailLockoutSecs,Budget-constrained tenant with licenses missing and security controls deferred.
10,Enhance 'login maximum attempts' - Number of attempts,Planned,3.53 / 6,6%,Identity,Microsoft Entra ID,Yes,No,Blue Yonder Nonprofit,MDA_CitrixSF_LoginFailMaxAttempts,Budget-constrained tenant with licenses missing and security controls deferred.
10,Enable password minimum length,Planned,2.31 / 4,4%,Identity,Microsoft Entra ID,Yes,No,Blue Yonder Nonprofit,MDA_CitrixSF_MinimumLength,Budget-constrained tenant with licenses missing and security controls deferred.
10,Enable password minimum numeric characters,Planned,2.02 / 4,4%,Identity,Microsoft Entra ID,Yes,No,Blue Yonder Nonprofit,MDA_CitrixSF_MinimumNumeric,Budget-constrained tenant with licenses missing and security controls deferred.
10,Enable password minimum special characters,Planned,2.3 / 4,4%,Identity,Microsoft Entra ID,Yes,No,Blue Yonder Nonprofit,MDA_CitrixSF_MinimumSpecialCharacters,Budget-constrained tenant with licenses missing and security controls deferred.
10,Enable password expiration policies,To address,0.59 / 4,4%,Identity,Microsoft Entra ID,Yes,No,Blue Yonder Nonprofit,MDA_CitrixSF_PasswordMaxAgeDays,Budget-constrained tenant with licenses missing and security controls deferred.
10,Enhance password requirements,To address,0 / 4,4%,Identity,Microsoft Entra ID,Yes,No,Blue Yonder Nonprofit,MDA_DocuSign_EnhancedPassword,Budget-constrained tenant with licenses missing and security controls deferred.
10,Password expiry requirements,To address,0 / 4,4%,Identity,Microsoft Entra ID,Yes,Yes,Blue Yonder Nonprofit,MDA_DocuSign_PasswordExpires,Budget-constrained tenant with licenses missing and security controls deferred.
10,Enable session timeout for web users,To address,0.52 / 6,6%,Identity,Microsoft Entra ID,Yes,No,Blue Yonder Nonprofit,MDA_DocuSign_SessionTimeout,Budget-constrained tenant with licenses missing and security controls deferred.
10,Enable web session timeout for web users,To address,0 / 6,6%,Identity,Microsoft Entra ID,Yes,No,Blue Yonder Nonprofit,MDA_Dropbox_InactiveTimeoutMins,Budget-constrained tenant with licenses missing and security controls deferred.
10,Disable 'Allow members to view dependency insights',Planned,2 / 4,4%,Identity,Microsoft Entra ID,Yes,Yes,Blue Yonder Nonprofit,MDA_GitHub_DependencyInsights,Budget-constrained tenant with licenses missing and security controls deferred.
10,Enabled 'email notification delivery for this enterprise is restricted to verified or approved domains',Planned,2.14 / 3,3%,Apps,Exchange Online,Yes,No,Blue Yonder Nonprofit,MDA_GitHub_EmailNotificationRestrictedToVerifiedOrApprovedDomains,Budget-constrained tenant with licenses missing and security controls deferred.
10,Enforce IP allow list configuration for org resources,Planned,1.8 / 4,4%,Identity,Microsoft Entra ID,Yes,No,Blue Yonder Nonprofit,MDA_GitHub_IPallowListConfigurationForOrgResources,Budget-constrained tenant with licenses missing and security controls deferred.
10,Disable 'Allow repository administrators to invite outside collaborators to repositories for this organization,To address,0.01 / 4,4%,Identity,Microsoft Entra ID,No,No,Blue Yonder Nonprofit,MDA_GitHub_OutsideCollabInvitation,Budget-constrained tenant with licenses missing and security controls deferred.
10,Disable private repository forking,To address,0 / 7,7%,Apps,MDA_GitHub,Yes,No,Blue Yonder Nonprofit,MDA_GitHub_PrivateRepositoryForkingSetting,Budget-constrained tenant with licenses missing and security controls deferred.
10,"Disable 'Members will be able to create public repositories, visible to anyone'",To address,0.79 / 4,4%,Identity,Microsoft Entra ID,Yes,Yes,Blue Yonder Nonprofit,MDA_GitHub_PublicRepoCreation,Budget-constrained tenant with licenses missing and security controls deferred.
10,Disable 'members with admin permissions for repositories can delete or transfer repositories',To address,0.16 / 6,6%,Identity,Microsoft Entra ID,No,Yes,Blue Yonder Nonprofit,MDA_GitHub_RepoTransferOrDeletion,Budget-constrained tenant with licenses missing and security controls deferred.
10,Disable 'Allow members to change repository visibilities for this organization',To address,0 / 6,6%,Apps,MDA_GitHub,Yes,No,Blue Yonder Nonprofit,MDA_GitHub_RepoVisibility_change,Budget-constrained tenant with licenses missing and security controls deferred.
10,Enable single sign on (SSO),Planned,1.81 / 3,3%,Identity,Microsoft Entra ID,Yes,No,Blue Yonder Nonprofit,MDA_GitHub_SAML,Budget-constrained tenant with licenses missing and security controls deferred.
10,Enable multi-factor authentication (MFA),Planned,5.16 / 7,7%,Identity,Microsoft Entra ID,No,No,Blue Yonder Nonprofit,MDA_Google_EnableTwoFactorAuth,Budget-constrained tenant with licenses missing and security controls deferred.
10,Adopt SSO (Single sign on) in netDocuments,Planned,5.42 / 7,7%,Identity,Microsoft Entra ID,No,No,Blue Yonder Nonprofit,MDA_NetDocuments_SSO,Budget-constrained tenant with licenses missing and security controls deferred.
10,Enhance password requirements,To address,0.58 / 4,4%,Identity,Microsoft Entra ID,Yes,No,Blue Yonder Nonprofit,MDA_Okta_EnhancedPassword,Budget-constrained tenant with licenses missing and security controls deferred.
10,Enable multi-factor authentication,To address,1.34 / 7,7%,Identity,Microsoft Entra ID,Yes,Yes,Blue Yonder Nonprofit,MDA_Okta_MFA,Budget-constrained tenant with licenses missing and security controls deferred.
10,Password expiry requirements,To address,1.2 / 4,4%,Identity,Microsoft Entra ID,Yes,No,Blue Yonder Nonprofit,MDA_Okta_PasswordExpires,Budget-constrained tenant with licenses missing and security controls deferred.
10,Enable session timeout for web users,To address,0 / 6,6%,Identity,Microsoft Entra ID,Yes,No,Blue Yonder Nonprofit,MDA_Okta_SessionTimeout,Budget-constrained tenant with licenses missing and security controls deferred.
10,Remote Site,To address,0 / 5,5%,Apps,MDA_SF,Yes,No,Blue Yonder Nonprofit,MDA_SF_disableProtocolSecurity,Budget-constrained tenant with licenses missing and security controls deferred.
10,Disable Administrators Can Log In As Any User,Planned,1.24 / 3,3%,Identity,Microsoft Entra ID,Yes,No,Blue Yonder Nonprofit,MDA_SF_enableAdminLoginAsAnyUser,Budget-constrained tenant with licenses missing and security controls deferred.
10,Disable Caching and Autocomplete on Login Page via Session settings,To address,0.24 / 4,4%,Identity,Microsoft Entra ID,Yes,Yes,Blue Yonder Nonprofit,MDA_SF_enableCacheAndAutocomplete,Budget-constrained tenant with licenses missing and security controls deferred.
10,Enable clickjack protection for non-Setup for Salesforce pages,Planned,1.1 / 3,3%,Apps,MDA_SF,Yes,No,Blue Yonder Nonprofit,MDA_SF_enableClickjackNonsetupSFDC,Budget-constrained tenant with licenses missing and security controls deferred.
10,Enable clickjack protection for customer VisualForce pages with standard headers,To address,0.68 / 3,3%,Apps,MDA_SF,Yes,No,Blue Yonder Nonprofit,MDA_SF_enableClickjackNonsetupUser,Budget-constrained tenant with licenses missing and security controls deferred.
10,Enable clickjack protection for customer VisualForce pages with headers disabled,Planned,1.5 / 3,3%,Apps,MDA_SF,Yes,Yes,Blue Yonder Nonprofit,MDA_SF_enableClickjackNonsetupUserHeaderless,Budget-constrained tenant with licenses missing and security controls deferred.
10,Enable clickjack protection for Setup pages,To address,0.31 / 3,3%,Apps,MDA_SF,No,No,Blue Yonder Nonprofit,MDA_SF_enableClickjackSetup,Budget-constrained tenant with licenses missing and security controls deferred.
10,Enable Content Sniffing protection,To address,0 / 3,3%,Apps,MDA_SF,Yes,No,Blue Yonder Nonprofit,MDA_SF_enableContentSniffingProtection,Budget-constrained tenant with licenses missing and security controls deferred.
10,Enable Content Security Policy protection for email templates,To address,0 / 3,3%,Apps,Exchange Online,Yes,No,Blue Yonder Nonprofit,MDA_SF_enableCSPOnEmail,Budget-constrained tenant with licenses missing and security controls deferred.
10,Enable CSRF protection on GET requests on non-setup pages,To address,0 / 3,3%,Apps,MDA_SF,Yes,No,Blue Yonder Nonprofit,MDA_SF_enableCSRFOnGet,Budget-constrained tenant with licenses missing and security controls deferred.
10,Enable CSRF protection on POST requests on non-setup pages,To address,0 / 3,3%,Apps,MDA_SF,Yes,No,Blue Yonder Nonprofit,MDA_SF_enableCSRFOnPost,Budget-constrained tenant with licenses missing and security controls deferred.
33,Require identity verification during multi-factor authentication (MFA) registration,To address,1.24 / 7,7%,Identity,Microsoft Entra ID,Yes,No,Blue Yonder Nonprofit,MDA_SF_enableMultipleSamlConfigs,Budget-constrained tenant with licenses missing and security controls deferred.
10,Let users verify their identity by text (SMS),Planned,2.78 / 7,7%,Identity,Microsoft Entra ID,Yes,No,Blue Yonder Nonprofit,MDA_SF_enableSMSIdentity,Budget-constrained tenant with licenses missing and security controls deferred.
10,Enforce login IP ranges on every request,Planned,2.15 / 5,5%,Identity,Microsoft Entra ID,Yes,No,Blue Yonder Nonprofit,MDA_SF_enforceIpRangesEveryRequest,Budget-constrained tenant with licenses missing and security controls deferred.
10,Force logout on session timeout,To address,0.64 / 7,7%,Identity,Microsoft Entra ID,Yes,Yes,Blue Yonder Nonprofit,MDA_SF_forceLogoutOnSessionTimeout,Budget-constrained tenant with licenses missing and security controls deferred.
10,Force (admin) relogin after Login-As-User,To address,0.78 / 3,3%,Identity,Microsoft Entra ID,Yes,No,Blue Yonder Nonprofit,MDA_SF_forceRelogin,Budget-constrained tenant with licenses missing and security controls deferred.
10,Require identity verification for change of email address,To address,0 / 5,5%,Identity,Exchange Online,Yes,No,Blue Yonder Nonprofit,MDA_SF_identityConfirmationOnEmailChange,Budget-constrained tenant with licenses missing and security controls deferred.
10,Lock sessions to the domain in which they were first used,To address,0 / 7,7%,Identity,Microsoft Entra ID,Yes,Yes,Blue Yonder Nonprofit,MDA_SF_lockSessionsToDomain,Budget-constrained tenant with licenses missing and security controls deferred.
10,Maximum invalid login attempts,To address,0.74 / 5,5%,Identity,Microsoft Entra ID,Yes,Yes,Blue Yonder Nonprofit,MDA_SF_maxLoginAttempts,Budget-constrained tenant with licenses missing and security controls deferred.
10,Require a minimum 1 day password lifetime,To address,0 / 5,5%,Identity,Microsoft Entra ID,No,No,Blue Yonder Nonprofit,MDA_SF_minimumPasswordLifetime,Budget-constrained tenant with licenses missing and security controls deferred.
10,Password complexity requirement,To address,0.44 / 4,4%,Identity,Microsoft Entra ID,Yes,No,Blue Yonder Nonprofit,MDA_SF_password_complexity,Budget-constrained tenant with licenses missing and security controls deferred.
10,User passwords expire in 90 days or less,To address,1.23 / 5,5%,Identity,Microsoft Entra ID,Yes,No,Blue Yonder Nonprofit,MDA_SF_password_expiration,Budget-constrained tenant with licenses missing and security controls deferred.
10,Enforce password history,To address,0.08 / 4,4%,Identity,Microsoft Entra ID,Yes,No,Blue Yonder Nonprofit,MDA_SF_password_historyRestriction,Budget-constrained tenant with licenses missing and security controls deferred.
10,Lockout effective period,To address,0.89 / 7,7%,Identity,Microsoft Entra ID,Yes,No,Blue Yonder Nonprofit,MDA_SF_password_lockoutInterval,Budget-constrained tenant with licenses missing and security controls deferred.
10,Minimum password length,To address,0.2 / 4,4%,Identity,Microsoft Entra ID,Yes,Yes,Blue Yonder Nonprofit,MDA_SF_password_minimumPasswordLength,Budget-constrained tenant with licenses missing and security controls deferred.
10,Obscure secret answer for password resets,To address,0 / 3,3%,Identity,Microsoft Entra ID,Yes,Yes,Blue Yonder Nonprofit,MDA_SF_password_obscureSecretAnswer,Budget-constrained tenant with licenses missing and security controls deferred.
10,Password question requirement,To address,0 / 3,3%,Identity,Microsoft Entra ID,Yes,No,Blue Yonder Nonprofit,MDA_SF_password_questionRestriction,Budget-constrained tenant with licenses missing and security controls deferred.
10,Session timeout,To address,0.71 / 7,7%,Identity,Microsoft Entra ID,No,No,Blue Yonder Nonprofit,MDA_SF_password_sessionTimeout,Budget-constrained tenant with licenses missing and security controls deferred.
10,Require HttpOnly attribute,To address,0 / 3,3%,Apps,MDA_SF,Yes,No,Blue Yonder Nonprofit,MDA_SF_requireHttpOnly,Budget-constrained tenant with licenses missing and security controls deferred.
10,Enable multi-factor authentication,Planned,2.18 / 6,6%,Identity,Microsoft Entra ID,Yes,Yes,Blue Yonder Nonprofit,MDA_SNOW_authenticateMultifactor,Budget-constrained tenant with licenses missing and security controls deferred.
10,Enable enforcing JSONv2 requests with basic authorization,Completed,5 / 5,5%,Identity,Microsoft Entra ID,Yes,No,Blue Yonder Nonprofit,MDA_SNOW_authRequiredJson2,Budget-constrained tenant with licenses missing and security controls deferred.
10,Enable enforcing SOAP requests with basic authorization,Planned,3.49 / 5,5%,Identity,Microsoft Entra ID,No,Yes,Blue Yonder Nonprofit,MDA_SNOW_authRequiredSOAP,Budget-constrained tenant with licenses missing and security controls deferred.
10,Enable unload request authorization,Planned,2.45 / 6,6%,Identity,Microsoft Entra ID,Yes,No,Blue Yonder Nonprofit,MDA_SNOW_authRequiredUnl,Budget-constrained tenant with licenses missing and security controls deferred.
10,Enable script request authorization,Planned,1.38 / 4,4%,Identity,Microsoft Entra ID,Yes,No,Blue Yonder Nonprofit,MDA_SNOW_cauthRequiredScriptedProcessor,Budget-constrained tenant with licenses missing and security controls deferred.
10,Enable URL allow list for cross-origin iframe communication,To address,0 / 6,6%,Apps,MDA_SNOW,Yes,No,Blue Yonder Nonprofit,MDA_SNOW_concourseOnmessageEnforceSameOrigin,Budget-constrained tenant with licenses missing and security controls deferred.
10,Enable Password Reset Policy Checks,To address,0 / 4,4%,Identity,Microsoft Entra ID,Yes,No,Blue Yonder Nonprofit,MDA_SNOW_enablePasswordPolicy,Budget-constrained tenant with licenses missing and security controls deferred.
10,Enable high security plugin,To address,0 / 7,7%,Apps,MDA_SNOW,Yes,Yes,Blue Yonder Nonprofit,MDA_SNOW_highSecurity,Budget-constrained tenant with licenses missing and security controls deferred.
10,Set default cache-control HTTP header value to private,Planned,2.86 / 6,6%,Apps,MDA_SNOW,Yes,No,Blue Yonder Nonprofit,MDA_SNOW_httpCacheControl,Budget-constrained tenant with licenses missing and security controls deferred.
10,Disable password-less authentication,Planned,2.22 / 6,6%,Identity,Microsoft Entra ID,Yes,No,Blue Yonder Nonprofit,MDA_SNOW_loginNoBlankPassword,Budget-constrained tenant with licenses missing and security controls deferred.
10,Enable Contextual Security: Role Management plugin,To address,1.27 / 6,6%,Identity,Microsoft Entra ID,Yes,Yes,Blue Yonder Nonprofit,MDA_SNOW_roleManagement,Budget-constrained tenant with licenses missing and security controls deferred.
10,Set client-callable script includes to private,Planned,2.14 / 4,4%,Apps,MDA_SNOW,No,No,Blue Yonder Nonprofit,MDA_SNOW_scriptCcsiIsPublic,Budget-constrained tenant with licenses missing and security controls deferred.
10,Apply access control rule (ACL) validation when server-side records are accessed using GlideAjax APIs within a client script,Planned,1.75 / 4,4%,Apps,MDA_SNOW,No,No,Blue Yonder Nonprofit,MDA_SNOW_scriptSecureAjaxgliderecord,Budget-constrained tenant with licenses missing and security controls deferred.
10,Enable client generated scripts sandbox,To address,0.66 / 6,6%,Apps,MDA_SNOW,Yes,No,Blue Yonder Nonprofit,MDA_SNOW_scriptUseSandbox,Budget-constrained tenant with licenses missing and security controls deferred.
10,Enable default deny with new ACL rules,To address,0 / 5,5%,Apps,MDA_SNOW,Yes,Yes,Blue Yonder Nonprofit,MDA_SNOW_smDefaultMode,Budget-constrained tenant with licenses missing and security controls deferred.
10,Enable managing failed login attempts,To address,0.01 / 4,4%,Identity,Microsoft Entra ID,Yes,No,Blue Yonder Nonprofit,MDA_SNOW_sncUserLockoutCheck,Budget-constrained tenant with licenses missing and security controls deferred.
10,Enable SOAP content type checking,To address,0 / 6,6%,Apps,MDA_SNOW,No,No,Blue Yonder Nonprofit,MDA_SNOW_soapRequireContentTypeXml,Budget-constrained tenant with licenses missing and security controls deferred.
10,Enable SOAP request strict security,Planned,2.73 / 6,6%,Apps,MDA_SNOW,Yes,No,Blue Yonder Nonprofit,MDA_SNOW_soapStrictSecurity,Budget-constrained tenant with licenses missing and security controls deferred.
10,Activate security jump start (ACL rules) plugin,To address,0.51 / 4,4%,Identity,Microsoft Entra ID,Yes,No,Blue Yonder Nonprofit,MDA_SNOW_systemSecurity,Budget-constrained tenant with licenses missing and security controls deferred.
10,Enable session activity timeout,Planned,2.01 / 4,4%,Identity,Microsoft Entra ID,Yes,Yes,Blue Yonder Nonprofit,MDA_SNOW_uiSessionTimeout,Budget-constrained tenant with licenses missing and security controls deferred.
10,Enable anti-CSRF token,Planned,2.89 / 6,6%,Identity,Microsoft Entra ID,Yes,Yes,Blue Yonder Nonprofit,MDA_SNOW_useCsrfToken,Budget-constrained tenant with licenses missing and security controls deferred.
10,Enable absolute session timeout,To address,0.48 / 4,4%,Identity,Microsoft Entra ID,Yes,Yes,Blue Yonder Nonprofit,MDA_SNOW_userCookieMaxLifeSpanInDays,Budget-constrained tenant with licenses missing and security controls deferred.
10,Adopt SSO (Single sign on) in Workplace by Meta,To address,0.44 / 7,7%,Identity,Microsoft Entra ID,Yes,No,Blue Yonder Nonprofit,MDA_Workplace_SSO,Budget-constrained tenant with licenses missing and security controls deferred.
10,Block admins to set passwords,To address,0.25 / 3,3%,Identity,Microsoft Entra ID,Yes,No,Blue Yonder Nonprofit,MDA_Zendesk_AdminPassChange,Budget-constrained tenant with licenses missing and security controls deferred.
10,Block account assumption,To address,0.38 / 4,4%,Identity,Microsoft Entra ID,Yes,No,Blue Yonder Nonprofit,MDA_Zendesk_BlockAccountAssumption,Budget-constrained tenant with licenses missing and security controls deferred.
10,Block customers to bypass IP restrictions,To address,0.65 / 3,3%,Identity,Microsoft Entra ID,Yes,No,Blue Yonder Nonprofit,MDA_Zendesk_bypassIPrestrictions,Budget-constrained tenant with licenses missing and security controls deferred.
10,"Send a notification on password change for admins, agents, and end users",Planned,1.58 / 3,3%,Identity,Microsoft Entra ID,Yes,No,Blue Yonder Nonprofit,MDA_Zendesk_EmailNotificationsforPassChange,Budget-constrained tenant with licenses missing and security controls deferred.
10,Admins and agents can use the Zendesk Support mobile app,Planned,1.66 / 3,3%,Apps,MDA_Zendesk,Yes,No,Blue Yonder Nonprofit,MDA_Zendesk_enableapp,Budget-constrained tenant with licenses missing and security controls deferred.
10,Enable IP restrictions,Planned,2.21 / 3,3%,Identity,Microsoft Entra ID,Yes,No,Blue Yonder Nonprofit,MDA_Zendesk_IPrestrictions,Budget-constrained tenant with licenses missing and security controls deferred.
10,Enable and adopt two-factor authentication (2FA),To address,0.92 / 7,7%,Identity,Microsoft Entra ID,Yes,Yes,Blue Yonder Nonprofit,MDA_Zendesk_MFA,Budget-constrained tenant with licenses missing and security controls deferred.
10,Enable session timeout for users,To address,0.8 / 6,6%,Identity,Microsoft Entra ID,Yes,Yes,Blue Yonder Nonprofit,MDA_Zendesk_sessionexpiry,Budget-constrained tenant with licenses missing and security controls deferred.
10,Enable external Authentication (google or microsoft or SSO),To address,0 / 7,7%,Identity,Microsoft Entra ID,Yes,No,Blue Yonder Nonprofit,MDA_Zendesk_SSO,Budget-constrained tenant with licenses missing and security controls deferred.
10,Enable Zendesk authentication,To address,0.03 / 7,7%,Identity,Microsoft Entra ID,Yes,No,Blue Yonder Nonprofit,MDA_Zendesk_ZanAuth,Budget-constrained tenant with licenses missing and security controls deferred.
10,Block users in specific domains from joining meetings and webinars,To address,0 / 3,3%,Apps,MDA_Zoom,Yes,No,Blue Yonder Nonprofit,MDA_Zoom_BlockDomains,Budget-constrained tenant with licenses missing and security controls deferred.
10,Enforce end to end encryption in all Zoom meetings,Planned,1.32 / 3,3%,Apps,MDA_Zoom,Yes,No,Blue Yonder Nonprofit,MDA_Zoom_MeetingE2eEncryption,Budget-constrained tenant with licenses missing and security controls deferred.
10,Enable multi-factor authentication,To address,1.87 / 7,7%,Apps,MDA_Zoom,Yes,Yes,Blue Yonder Nonprofit,MDA_Zoom_MFA,Budget-constrained tenant with licenses missing and security controls deferred.
10,Enhance password requirements,To address,1.32 / 4,4%,Apps,MDA_Zoom,Yes,No,Blue Yonder Nonprofit,MDA_Zoom_PasswordReq,Budget-constrained tenant with licenses missing and security controls deferred.
10,Enable session timeout for client users,To address,0.18 / 6,6%,Apps,MDA_Zoom,Yes,No,Blue Yonder Nonprofit,MDA_Zoom_SessionTimeoutClient,Budget-constrained tenant with licenses missing and security controls deferred.
10,Enable session timeout for web users,To address,0.25 / 6,6%,Apps,MDA_Zoom,Yes,No,Blue Yonder Nonprofit,MDA_Zoom_SessionTimeoutWeb,Budget-constrained tenant with licenses missing and security controls deferred.
128,Ensure that no sender domains are allowed for anti-spam policies,To address,0.6 / 2,2%,Apps,MDO,Yes,No,Blue Yonder Nonprofit,mdo_allowedsenderscombined,Budget-constrained tenant with licenses missing and security controls deferred.
10,Ensure that an anti-phishing policy has been created,To address,0.75 / 3,3%,Apps,MDO,Yes,No,Blue Yonder Nonprofit,mdo_antiphishingpolicies,Budget-constrained tenant with licenses missing and security controls deferred.
128,"Turn on Microsoft Defender for Office 365 in SharePoint, OneDrive, and Microsoft Teams",To address,0.12 / 5,5%,Apps,Microsoft Teams,Yes,No,Blue Yonder Nonprofit,mdo_atpprotection,Budget-constrained tenant with licenses missing and security controls deferred.
128,Set automatic email forwarding rules to be system controlled,To address,0 / 1,1%,Apps,Exchange Online,Yes,No,Blue Yonder Nonprofit,mdo_autoforwardingmode,Budget-constrained tenant with licenses missing and security controls deferred.
10,Ensure all forms of mail forwarding are blocked and/or disabled,To address,0.09 / 5,5%,Apps,Exchange Online,Yes,Yes,Blue Yonder Nonprofit,mdo_blockmailforward,Budget-constrained tenant with licenses missing and security controls deferred.
128,Set action to take on bulk spam detection,Planned,1.87 / 3,3%,Apps,MDO,Yes,No,Blue Yonder Nonprofit,mdo_bulkspamaction,Budget-constrained tenant with licenses missing and security controls deferred.
128,Set the email bulk complaint level (BCL) threshold to be 6 or lower,Planned,0.74 / 1,1%,Apps,Exchange Online,Yes,No,Blue Yonder Nonprofit,mdo_bulkthreshold,Budget-constrained tenant with licenses missing and security controls deferred.
128,Ensure the Common Attachment Types Filter is enabled,Planned,1.79 / 5,5%,Apps,MDO,Yes,No,Blue Yonder Nonprofit,mdo_commonattachmentsfilter,Budget-constrained tenant with licenses missing and security controls deferred.
128,Don't add allowed IP addresses in the connection filter policy,Planned,0.43 / 1,1%,Apps,MDO,Yes,No,Blue Yonder Nonprofit,mdo_connectionfilter,Budget-constrained tenant with licenses missing and security controls deferred.
128,Enable impersonated domain protection,To address,1.24 / 8,8%,Apps,MDO,Yes,Yes,Blue Yonder Nonprofit,mdo_enabledomainstoprotect,Budget-constrained tenant with licenses missing and security controls deferred.
128,Ensure that mailbox intelligence is enabled,To address,0 / 8,8%,Apps,Exchange Online,Yes,No,Blue Yonder Nonprofit,mdo_enablemailboxintelligence,Budget-constrained tenant with licenses missing and security controls deferred.
128,Set action to take on high confidence phishing detection,To address,0.95 / 5,5%,Apps,MDO,Yes,No,Blue Yonder Nonprofit,mdo_highconfidencephishaction,Budget-constrained tenant with licenses missing and security controls deferred.
128,Set action to take on high confidence spam detection,To address,0 / 5,5%,Apps,MDO,Yes,No,Blue Yonder Nonprofit,mdo_highconfidencespamaction,Budget-constrained tenant with licenses missing and security controls deferred.
128,Ensure that intelligence for impersonation protection is enabled,To address,0 / 8,8%,Apps,MDO,Yes,Yes,Blue Yonder Nonprofit,mdo_mailboxintelligenceprotection,Budget-constrained tenant with licenses missing and security controls deferred.
128,Move messages that are detected as impersonated users by mailbox intelligence,Planned,4.66 / 8,8%,Apps,Exchange Online,Yes,No,Blue Yonder Nonprofit,mdo_mailboxintelligenceprotectionaction,Budget-constrained tenant with licenses missing and security controls deferred.
128,Set the phishing email level threshold at 2 or higher,Planned,3.55 / 8,8%,Apps,Exchange Online,Yes,Yes,Blue Yonder Nonprofit,mdo_phishthresholdlevel,Budget-constrained tenant with licenses missing and security controls deferred.
128,Set action to take on phishing detection,Planned,1.94 / 5,5%,Apps,MDO,Yes,No,Blue Yonder Nonprofit,mdo_phisspamacation,Budget-constrained tenant with licenses missing and security controls deferred.
128,Retain spam in quarantine for 30 days,Planned,0.47 / 1,1%,Apps,MDO,Yes,No,Blue Yonder Nonprofit,mdo_quarantineretentionperiod,Budget-constrained tenant with licenses missing and security controls deferred.
128,Set maximum number of external recipients that a user can email per hour,To address,0 / 1,1%,Apps,Exchange Online,Yes,No,Blue Yonder Nonprofit,mdo_recipientexternallimitperhour,Budget-constrained tenant with licenses missing and security controls deferred.
128,Set maximum number of internal recipients that a user can send to within an hour,To address,0 / 1,1%,Apps,MDO,Yes,No,Blue Yonder Nonprofit,mdo_recipientinternallimitperhour,Budget-constrained tenant with licenses missing and security controls deferred.
128,Set a daily message limit,To address,0 / 1,1%,Apps,MDO,Yes,No,Blue Yonder Nonprofit,mdo_recipientlimitperday,Budget-constrained tenant with licenses missing and security controls deferred.
10,Ensure Safe Attachments policy is enabled,To address,0.01 / 5,5%,Apps,MDO,Yes,Yes,Blue Yonder Nonprofit,mdo_safeattachmentpolicy,Budget-constrained tenant with licenses missing and security controls deferred.
128,Turn on Safe Attachments in block mode,To address,0.03 / 8,8%,Apps,MDO,Yes,No,Blue Yonder Nonprofit,mdo_safeattachments,Budget-constrained tenant with licenses missing and security controls deferred.
128,Turn on Safe Documents for Office Clients,To address,1.28 / 5,5%,Apps,MDO,Yes,No,Blue Yonder Nonprofit,mdo_safedocuments,Budget-constrained tenant with licenses missing and security controls deferred.
128,Create Safe Links policies for email messages,Planned,5.33 / 9,9%,Apps,Exchange Online,Yes,No,Blue Yonder Nonprofit,mdo_safelinksforemail,Budget-constrained tenant with licenses missing and security controls deferred.
10,Ensure Safe Links for Office Applications is Enabled,To address,0.85 / 3,3%,Apps,MDO,Yes,No,Blue Yonder Nonprofit,mdo_safelinksforOfficeApps,Budget-constrained tenant with licenses missing and security controls deferred.
128,Enable the domain impersonation safety tip,Planned,1.5 / 3,3%,Apps,MDO,No,No,Blue Yonder Nonprofit,mdo_similardomainssafetytips,Budget-constrained tenant with licenses missing and security controls deferred.
128,Enable the user impersonation safety tip,To address,0.83 / 3,3%,Apps,MDO,Yes,No,Blue Yonder Nonprofit,mdo_similaruserssafetytips,Budget-constrained tenant with licenses missing and security controls deferred.
10,Ensure Exchange Online Spam Policies are set to notify administrators,To address,0.24 / 3,3%,Apps,Exchange Online,Yes,Yes,Blue Yonder Nonprofit,mdo_spam_notifications_only_for_admins,Budget-constrained tenant with licenses missing and security controls deferred.
128,Set action to take on spam detection,To address,0 / 5,5%,Apps,MDO,Yes,No,Blue Yonder Nonprofit,mdo_spamaction,Budget-constrained tenant with licenses missing and security controls deferred.
128,Quarantine messages that are detected from impersonated domains,To address,0 / 6,6%,Apps,MDO,Yes,No,Blue Yonder Nonprofit,mdo_targeteddomainprotectionaction,Budget-constrained tenant with licenses missing and security controls deferred.
128,Quarantine messages that are detected from impersonated users,To address,0.7 / 6,6%,Apps,MDO,Yes,Yes,Blue Yonder Nonprofit,mdo_targeteduserprotectionaction,Budget-constrained tenant with licenses missing and security controls deferred.
128,Enable impersonated user protection,To address,1.26 / 8,8%,Apps,MDO,Yes,No,Blue Yonder Nonprofit,mdo_targetedusersprotection,Budget-constrained tenant with licenses missing and security controls deferred.
128,Block users who reached the message limit,Planned,0.34 / 1,1%,Apps,MDO,Yes,Yes,Blue Yonder Nonprofit,mdo_thresholdreachedaction,Budget-constrained tenant with licenses missing and security controls deferred.
128,Enable the user impersonation unusual characters safety tip,Planned,2.13 / 3,3%,Apps,MDO,Yes,Yes,Blue Yonder Nonprofit,mdo_unusualcharacterssafetytips,Budget-constrained tenant with licenses missing and security controls deferred.
128,Create zero-hour auto purge policies for malware,Planned,2.76 / 6,6%,Apps,MDO,Yes,No,Blue Yonder Nonprofit,mdo_zapmalware,Budget-constrained tenant with licenses missing and security controls deferred.
128,Create zero-hour auto purge policies for phishing messages,To address,0.04 / 3,3%,Apps,MDO,Yes,No,Blue Yonder Nonprofit,mdo_zapphish,Budget-constrained tenant with licenses missing and security controls deferred.
128,Create zero-hour auto purge policies for spam messages,To address,0 / 1,1%,Apps,MDO,Yes,No,Blue Yonder Nonprofit,mdo_zapspam,Budget-constrained tenant with licenses missing and security controls deferred.
246,Restrict anonymous users from starting Teams meetings,To address,0 / 1,1%,Apps,Microsoft Teams,Yes,Yes,Blue Yonder Nonprofit,meeting_anonymousstartmeeting_v1,Budget-constrained tenant with licenses missing and security controls deferred.
247,Only invited users should be automatically admitted to Teams meetings,To address,0.05 / 2,2%,Apps,Microsoft Teams,No,No,Blue Yonder Nonprofit,meeting_autoadmitusers_v1,Budget-constrained tenant with licenses missing and security controls deferred.
248,Configure which users are allowed to present in Teams meetings,Planned,0.99 / 2,2%,Apps,Microsoft Teams,Yes,No,Blue Yonder Nonprofit,meeting_designatedpresenter_v1,Budget-constrained tenant with licenses missing and security controls deferred.
249,Limit external participants from having control in a Teams meeting,Completed,0.86 / 1,1%,Apps,Microsoft Teams,Yes,No,Blue Yonder Nonprofit,meeting_externalrequestcontrol_v1,Budget-constrained tenant with licenses missing and security controls deferred.
250,Restrict dial-in users from bypassing a meeting lobby,Planned,0.79 / 1,1%,Apps,Microsoft Teams,Yes,No,Blue Yonder Nonprofit,meeting_pstnusersbypasslobby_v1,Budget-constrained tenant with licenses missing and security controls deferred.
251,Restrict anonymous users from joining meetings,To address,0.03 / 1,1%,Apps,Microsoft Teams,Yes,No,Blue Yonder Nonprofit,meeting_restrictanonymousjoin_v1,Budget-constrained tenant with licenses missing and security controls deferred.
12,Ensure multifactor authentication is enabled for all users,To address,2.3 / 9,9%,Identity,Microsoft Entra ID,Yes,Yes,Blue Yonder Nonprofit,MFARegistrationV2,Budget-constrained tenant with licenses missing and security controls deferred.
129,Ensure that Auto-labeling data classification policies are set up and used,To address,0.1 / 1,1%,Data,MIP,Yes,Yes,Blue Yonder Nonprofit,mip_autosensitivitylabelspolicies,Budget-constrained tenant with licenses missing and security controls deferred.
10,Ensure DLP policies are enabled for Microsoft Teams,To address,0.1 / 3,3%,Apps,Microsoft Teams,No,No,Blue Yonder Nonprofit,mip_DLP_policies_Teams,Budget-constrained tenant with licenses missing and security controls deferred.
10,Ensure Office 365 Management Activity API is Enabled for some workloads (see description),To address,0.72 / 3,3%,Apps,MIP,Yes,Yes,Blue Yonder Nonprofit,mip_management_API_enabled_four_workloads,Budget-constrained tenant with licenses missing and security controls deferred.
129,Extend M365 sensitivity labeling to assets in Microsoft Purview data map,To address,0 / 1,1%,Data,MIP,Yes,No,Blue Yonder Nonprofit,mip_purviewlabelconsent,Budget-constrained tenant with licenses missing and security controls deferred.
10,Ensure Microsoft 365 audit log search is Enabled,To address,0.07 / 3,3%,Apps,MIP,Yes,No,Blue Yonder Nonprofit,mip_search_auditlog,Budget-constrained tenant with licenses missing and security controls deferred.
129,Publish M365 sensitivity label data classification policies,Planned,0.92 / 2,2%,Data,MIP,Yes,No,Blue Yonder Nonprofit,mip_sensitivitylabelspolicies,Budget-constrained tenant with licenses missing and security controls deferred.
27,Designate more than one global admin,To address,0.02 / 1,1%,Identity,Microsoft Entra ID,Yes,No,Blue Yonder Nonprofit,OneAdmin,Budget-constrained tenant with licenses missing and security controls deferred.
9,Ensure that password hash sync is enabled for hybrid deployments,Planned,2.55 / 5,5%,Identity,Microsoft Entra ID,No,No,Blue Yonder Nonprofit,PasswordHashSync,Budget-constrained tenant with licenses missing and security controls deferred.
33,Ensure the 'Password expiration policy' is set to 'Set passwords to never expire (recommended)',Planned,3.81 / 8,8%,Identity,Microsoft Entra ID,Yes,No,Blue Yonder Nonprofit,PWAgePolicyNew,Budget-constrained tenant with licenses missing and security controls deferred.
50,Use least privileged administrative roles,Planned,0.36 / 1,1%,Identity,Microsoft Entra ID,Yes,No,Blue Yonder Nonprofit,RoleOverlap,Budget-constrained tenant with licenses missing and security controls deferred.
162,Disable JavaScript on Adobe Reader 2015,To address,0.86 / 5,5%,Device,Microsoft Intune,Yes,No,Blue Yonder Nonprofit,scid_100,Budget-constrained tenant with licenses missing and security controls deferred.
163,Disable JavaScript on Adobe 2015,To address,1.05 / 5,5%,Device,Microsoft Intune,Yes,No,Blue Yonder Nonprofit,scid_101,Budget-constrained tenant with licenses missing and security controls deferred.
208,Enable 'Local Security Authority (LSA) protection' on Windows 11 22h2 and higher,To address,0 / 8,8%,Device,Microsoft Intune,Yes,No,Blue Yonder Nonprofit,scid_102,Budget-constrained tenant with licenses missing and security controls deferred.
209,Require LDAP client signing to prevent tampering and protect directory authentication,To address,0.2 / 7,7%,Device,Microsoft Intune,Yes,Yes,Blue Yonder Nonprofit,scid_103,Budget-constrained tenant with licenses missing and security controls deferred.
210,Encrypt LDAP client traffic to protect sensitive data in transit,Planned,4.83 / 7,7%,Device,Microsoft Intune,Yes,No,Blue Yonder Nonprofit,scid_104,Budget-constrained tenant with licenses missing and security controls deferred.
211,Enforce LDAP channel binding to protect authentication sessions from interception,Planned,5.41 / 7,7%,Device,Microsoft Intune,Yes,No,Blue Yonder Nonprofit,scid_105,Budget-constrained tenant with licenses missing and security controls deferred.
212,Require LDAP server signing to ensure integrity of directory traffic,To address,2.18 / 8,8%,Device,Microsoft Intune,Yes,No,Blue Yonder Nonprofit,scid_106,Budget-constrained tenant with licenses missing and security controls deferred.
213,Disable Remote Registry Service on Windows,To address,0 / 8,8%,Device,Microsoft Intune,Yes,No,Blue Yonder Nonprofit,scid_108,Budget-constrained tenant with licenses missing and security controls deferred.
214,Disable NTLM authentication for Windows,To address,0 / 8,8%,Device,Microsoft Intune,Yes,No,Blue Yonder Nonprofit,scid_109,Budget-constrained tenant with licenses missing and security controls deferred.
228,Ensure devices are updated to Secure Boot 2023 certificates and boot manager,To address,0 / 7,7%,Device,Microsoft Intune,No,No,Blue Yonder Nonprofit,scid_112,Budget-constrained tenant with licenses missing and security controls deferred.
33,Enable Automatic Updates,To address,1.27 / 5,5%,Device,Microsoft Intune,No,Yes,Blue Yonder Nonprofit,scid_15,Budget-constrained tenant with licenses missing and security controls deferred.
34,Enable 'Hide Option to Enable or Disable Updates',Planned,1.78 / 5,5%,Device,Microsoft Intune,Yes,No,Blue Yonder Nonprofit,scid_16,Budget-constrained tenant with licenses missing and security controls deferred.
35,Disable 'Allow running plugins that are outdated',Planned,4.63 / 8,8%,Device,Microsoft Intune,Yes,No,Blue Yonder Nonprofit,scid_17,Budget-constrained tenant with licenses missing and security controls deferred.
37,Disable 'Continue running background apps when Google Chrome is closed',Planned,1.88 / 5,5%,Device,Microsoft Intune,Yes,Yes,Blue Yonder Nonprofit,scid_19,Budget-constrained tenant with licenses missing and security controls deferred.
38,Disable 'AutoFill',Planned,3.74 / 5,5%,Device,Microsoft Intune,Yes,Yes,Blue Yonder Nonprofit,scid_20,Budget-constrained tenant with licenses missing and security controls deferred.
99,Turn on Microsoft Defender for Endpoint sensor,To address,2.42 / 10,10%,Device,Microsoft Intune,Yes,No,Blue Yonder Nonprofit,scid_2000,Budget-constrained tenant with licenses missing and security controls deferred.
100,Fix Microsoft Defender for Endpoint sensor data collection,To address,0.45 / 10,10%,Device,Microsoft Intune,Yes,No,Blue Yonder Nonprofit,scid_2001,Budget-constrained tenant with licenses missing and security controls deferred.
101,Fix Microsoft Defender for Endpoint impaired communications,To address,0 / 10,10%,Device,Microsoft Intune,Yes,Yes,Blue Yonder Nonprofit,scid_2002,Budget-constrained tenant with licenses missing and security controls deferred.
281,Turn on Tamper Protection,To address,0 / 8,8%,Device,Microsoft Intune,No,No,Blue Yonder Nonprofit,scid_2003,Budget-constrained tenant with licenses missing and security controls deferred.
167,Enable EDR in block mode,To address,1.5 / 8,8%,Device,Microsoft Intune,Yes,Yes,Blue Yonder Nonprofit,scid_2004,Budget-constrained tenant with licenses missing and security controls deferred.
102,Turn on Microsoft Defender Antivirus,Planned,3.99 / 10,10%,Device,Microsoft Intune,No,No,Blue Yonder Nonprofit,scid_2010,Budget-constrained tenant with licenses missing and security controls deferred.
103,Update Microsoft Defender Antivirus definitions,To address,1.85 / 9,9%,Device,Microsoft Intune,Yes,No,Blue Yonder Nonprofit,scid_2011,Budget-constrained tenant with licenses missing and security controls deferred.
104,Turn on real-time protection,Planned,6.33 / 10,10%,Device,Microsoft Intune,Yes,No,Blue Yonder Nonprofit,scid_2012,Budget-constrained tenant with licenses missing and security controls deferred.
105,Turn on PUA protection in block mode,Planned,3.87 / 9,9%,Device,Microsoft Intune,Yes,Yes,Blue Yonder Nonprofit,scid_2013,Budget-constrained tenant with licenses missing and security controls deferred.
106,Fix Windows Defender Antivirus cloud service connectivity,Planned,3.34 / 8,8%,Device,Microsoft Intune,Yes,No,Blue Yonder Nonprofit,scid_2014,Budget-constrained tenant with licenses missing and security controls deferred.
288,Enable cloud-delivered protection,To address,1.94 / 8,8%,Device,Microsoft Intune,Yes,No,Blue Yonder Nonprofit,scid_2016,Budget-constrained tenant with licenses missing and security controls deferred.
108,Turn on all system-level Exploit protection settings,To address,0 / 8,8%,Device,Microsoft Intune,Yes,No,Blue Yonder Nonprofit,scid_2020,Budget-constrained tenant with licenses missing and security controls deferred.
109,Set controlled folder access to enabled or audit mode,To address,0.49 / 8,8%,Device,Microsoft Intune,No,No,Blue Yonder Nonprofit,scid_2021,Budget-constrained tenant with licenses missing and security controls deferred.
207,Update Microsoft Defender for Endpoint core components,To address,2.19 / 10,10%,Device,Microsoft Intune,Yes,No,Blue Yonder Nonprofit,scid_2030,Budget-constrained tenant with licenses missing and security controls deferred.
114,Set Microsoft Defender SmartScreen app and file checking to block or warn,To address,0 / 9,9%,Device,Microsoft Intune,Yes,No,Blue Yonder Nonprofit,scid_2060,Budget-constrained tenant with licenses missing and security controls deferred.
115,Set Microsoft Defender SmartScreen Microsoft Edge site and download checking to block or warn,Planned,5.38 / 9,9%,Device,Microsoft Intune,Yes,Yes,Blue Yonder Nonprofit,scid_2061,Budget-constrained tenant with licenses missing and security controls deferred.
117,Turn on Microsoft Defender Firewall,Planned,3.76 / 10,10%,Device,Microsoft Intune,Yes,No,Blue Yonder Nonprofit,scid_2070,Budget-constrained tenant with licenses missing and security controls deferred.
118,Secure Microsoft Defender Firewall domain profile,Planned,5.27 / 9,9%,Device,Microsoft Intune,Yes,No,Blue Yonder Nonprofit,scid_2071,Budget-constrained tenant with licenses missing and security controls deferred.
119,Secure Microsoft Defender firewall private profile,Planned,4.26 / 9,9%,Device,Microsoft Intune,Yes,No,Blue Yonder Nonprofit,scid_2072,Budget-constrained tenant with licenses missing and security controls deferred.
120,Secure Microsoft Defender Firewall public profile,To address,0.15 / 9,9%,Device,Microsoft Intune,Yes,No,Blue Yonder Nonprofit,scid_2073,Budget-constrained tenant with licenses missing and security controls deferred.
122,Turn on Microsoft Defender Credential Guard,To address,1.39 / 8,8%,Device,Microsoft Intune,Yes,No,Blue Yonder Nonprofit,scid_2080,Budget-constrained tenant with licenses missing and security controls deferred.
124,Encrypt all BitLocker-supported drives,To address,0.18 / 9,9%,Device,Microsoft Intune,Yes,No,Blue Yonder Nonprofit,scid_2090,Budget-constrained tenant with licenses missing and security controls deferred.
125,Resume BitLocker protection on all drives,To address,2.35 / 9,9%,Device,Microsoft Intune,Yes,No,Blue Yonder Nonprofit,scid_2091,Budget-constrained tenant with licenses missing and security controls deferred.
126,Ensure BitLocker drive compatibility,To address,0.69 / 8,8%,Device,Microsoft Intune,Yes,Yes,Blue Yonder Nonprofit,scid_2093,Budget-constrained tenant with licenses missing and security controls deferred.
39,Block webpages from automatically running Flash plugins,Planned,3.62 / 5,5%,Device,Microsoft Intune,Yes,No,Blue Yonder Nonprofit,scid_21,Budget-constrained tenant with licenses missing and security controls deferred.
215,Enable UEFI Secure Boot mode,Planned,4.56 / 9,9%,Device,Microsoft Intune,Yes,No,Blue Yonder Nonprofit,scid_2100,Budget-constrained tenant with licenses missing and security controls deferred.
40,Disable 'Password Manager',To address,1.06 / 5,5%,Device,Microsoft Intune,Yes,No,Blue Yonder Nonprofit,scid_22,Budget-constrained tenant with licenses missing and security controls deferred.
41,Enable 'Block third party cookies',To address,0.48 / 2,2%,Device,Microsoft Intune,Yes,Yes,Blue Yonder Nonprofit,scid_23,Budget-constrained tenant with licenses missing and security controls deferred.
42,Set 'Remote Desktop security level' to 'TLS',Planned,3.66 / 8,8%,Device,Microsoft Intune,No,No,Blue Yonder Nonprofit,scid_24,Budget-constrained tenant with licenses missing and security controls deferred.
43,Enable 'Local Security Authority (LSA) protection',To address,0.97 / 8,8%,Device,Microsoft Intune,Yes,No,Blue Yonder Nonprofit,scid_25,Budget-constrained tenant with licenses missing and security controls deferred.
308,Block executable content from email client and webmail,To address,0 / 9,9%,Device,Exchange Online,Yes,No,Blue Yonder Nonprofit,scid_2500,Budget-constrained tenant with licenses missing and security controls deferred.
309,Block all Office applications from creating child processes,To address,1.16 / 9,9%,Device,Microsoft Intune,Yes,No,Blue Yonder Nonprofit,scid_2501,Budget-constrained tenant with licenses missing and security controls deferred.
310,Block Office applications from creating executable content,Planned,3.32 / 9,9%,Device,Microsoft Intune,Yes,No,Blue Yonder Nonprofit,scid_2502,Budget-constrained tenant with licenses missing and security controls deferred.
311,Block Office applications from injecting code into other processes,To address,2.14 / 9,9%,Device,Microsoft Intune,Yes,Yes,Blue Yonder Nonprofit,scid_2503,Budget-constrained tenant with licenses missing and security controls deferred.
312,Block JavaScript or VBScript from launching downloaded executable content,To address,1.1 / 9,9%,Device,Microsoft Intune,Yes,No,Blue Yonder Nonprofit,scid_2504,Budget-constrained tenant with licenses missing and security controls deferred.
313,Block execution of potentially obfuscated scripts,Planned,5.19 / 9,9%,Device,Microsoft Intune,Yes,No,Blue Yonder Nonprofit,scid_2505,Budget-constrained tenant with licenses missing and security controls deferred.
314,Block Win32 API calls from Office macros,Planned,3.18 / 9,9%,Device,Microsoft Intune,Yes,No,Blue Yonder Nonprofit,scid_2506,Budget-constrained tenant with licenses missing and security controls deferred.
315,"Block executable files from running unless they meet a prevalence, age, or trusted list criterion",To address,1.2 / 9,9%,Device,Microsoft Intune,Yes,No,Blue Yonder Nonprofit,scid_2507,Budget-constrained tenant with licenses missing and security controls deferred.
316,Use advanced protection against ransomware,To address,1.82 / 9,9%,Device,Microsoft Intune,Yes,No,Blue Yonder Nonprofit,scid_2508,Budget-constrained tenant with licenses missing and security controls deferred.
126,Block credential stealing from the Windows local security authority subsystem (lsass.exe),To address,0 / 9,9%,Device,Microsoft Intune,No,No,Blue Yonder Nonprofit,scid_2509,Budget-constrained tenant with licenses missing and security controls deferred.
318,Block process creations originating from PSExec and WMI commands,To address,1.43 / 9,9%,Device,Microsoft Intune,Yes,No,Blue Yonder Nonprofit,scid_2510,Budget-constrained tenant with licenses missing and security controls deferred.
319,Block untrusted and unsigned processes that run from USB,Planned,4.07 / 9,9%,Device,Microsoft Intune,Yes,No,Blue Yonder Nonprofit,scid_2511,Budget-constrained tenant with licenses missing and security controls deferred.
320,Block Office communication application from creating child processes,To address,0.02 / 9,9%,Device,Microsoft Intune,Yes,Yes,Blue Yonder Nonprofit,scid_2512,Budget-constrained tenant with licenses missing and security controls deferred.
321,Block Adobe Reader from creating child processes,Planned,4.94 / 9,9%,Device,Microsoft Intune,Yes,No,Blue Yonder Nonprofit,scid_2513,Budget-constrained tenant with licenses missing and security controls deferred.
322,Block persistence through WMI event subscription,Planned,4.94 / 9,9%,Device,Microsoft Intune,Yes,No,Blue Yonder Nonprofit,scid_2514,Budget-constrained tenant with licenses missing and security controls deferred.
323,Block abuse of exploited vulnerable signed drivers,Planned,3.74 / 9,9%,Device,Microsoft Intune,Yes,No,Blue Yonder Nonprofit,scid_2515,Budget-constrained tenant with licenses missing and security controls deferred.
216,Block Webshell creation for Servers,To address,0 / 9,9%,Device,Microsoft Intune,Yes,No,Blue Yonder Nonprofit,scid_2516,Budget-constrained tenant with licenses missing and security controls deferred.
217,Block use of copied or impersonated system tools,To address,0.17 / 9,9%,Device,Microsoft Intune,Yes,No,Blue Yonder Nonprofit,scid_2517,Budget-constrained tenant with licenses missing and security controls deferred.
218,Block rebooting machine in Safe Mode,To address,0 / 9,9%,Device,Microsoft Intune,Yes,No,Blue Yonder Nonprofit,scid_2518,Budget-constrained tenant with licenses missing and security controls deferred.
44,Enable 'Safe DLL Search Mode',To address,2.65 / 8,8%,Device,Microsoft Intune,Yes,Yes,Blue Yonder Nonprofit,scid_26,Budget-constrained tenant with licenses missing and security controls deferred.
45,Set User Account Control (UAC) to automatically deny elevation requests,To address,0.21 / 8,8%,Device,Microsoft Intune,Yes,No,Blue Yonder Nonprofit,scid_27,Budget-constrained tenant with licenses missing and security controls deferred.
177,Set 'Interactive logon: Machine inactivity limit' to '1-900 seconds',To address,1.39 / 5,5%,Device,Microsoft Intune,Yes,Yes,Blue Yonder Nonprofit,scid_28,Budget-constrained tenant with licenses missing and security controls deferred.
46,Disable 'Enumerate administrator accounts on elevation',To address,2.39 / 8,8%,Device,Microsoft Intune,Yes,No,Blue Yonder Nonprofit,scid_29,Budget-constrained tenant with licenses missing and security controls deferred.
47,Disable 'Insecure guest logons' in SMB,To address,1.18 / 8,8%,Device,Microsoft Intune,Yes,No,Blue Yonder Nonprofit,scid_30,Budget-constrained tenant with licenses missing and security controls deferred.
164,Fix unquoted service path for Windows services,To address,0 / 8,8%,Device,Microsoft Intune,Yes,No,Blue Yonder Nonprofit,scid_3001,Budget-constrained tenant with licenses missing and security controls deferred.
165,Change service executable path to a common protected location,To address,0 / 8,8%,Device,Microsoft Intune,Yes,No,Blue Yonder Nonprofit,scid_3002,Budget-constrained tenant with licenses missing and security controls deferred.
166,Change service account to avoid cached password in windows registry,To address,1.41 / 8,8%,Device,Microsoft Intune,Yes,No,Blue Yonder Nonprofit,scid_3003,Budget-constrained tenant with licenses missing and security controls deferred.
168,Disable the built-in Administrator account,To address,0 / 8,8%,Device,Microsoft Intune,Yes,No,Blue Yonder Nonprofit,scid_3010,Budget-constrained tenant with licenses missing and security controls deferred.
169,Disable the built-in Guest account,To address,0 / 8,8%,Device,Microsoft Intune,Yes,No,Blue Yonder Nonprofit,scid_3011,Budget-constrained tenant with licenses missing and security controls deferred.
170,Set 'Minimum password length' to '14 or more characters',To address,0.9 / 5,5%,Device,Microsoft Intune,Yes,No,Blue Yonder Nonprofit,scid_32,Budget-constrained tenant with licenses missing and security controls deferred.
171,Set 'Enforce password history' to '24 or more password(s)',Completed,4.67 / 5,5%,Device,Microsoft Intune,No,No,Blue Yonder Nonprofit,scid_33,Budget-constrained tenant with licenses missing and security controls deferred.
172,"Set 'Maximum password age' to '60 or fewer days, but not 0'",To address,0.57 / 5,5%,Device,Microsoft Intune,Yes,No,Blue Yonder Nonprofit,scid_34,Budget-constrained tenant with licenses missing and security controls deferred.
173,Set 'Minimum password age' to '1 or more day(s)',To address,0.25 / 5,5%,Device,Microsoft Intune,Yes,No,Blue Yonder Nonprofit,scid_35,Budget-constrained tenant with licenses missing and security controls deferred.
49,Enable 'Domain member: Require strong (Windows 2000 or later) session key',To address,0.8 / 5,5%,Device,Microsoft Intune,Yes,No,Blue Yonder Nonprofit,scid_36,Budget-constrained tenant with licenses missing and security controls deferred.
50,Enable 'Domain member: Digitally encrypt or sign secure channel data (always)',To address,0 / 5,5%,Device,Microsoft Intune,Yes,Yes,Blue Yonder Nonprofit,scid_37,Budget-constrained tenant with licenses missing and security controls deferred.
51,Enable Set 'Domain member: Digitally encrypt secure channel data (when possible)',To address,0 / 5,5%,Device,Microsoft Intune,Yes,No,Blue Yonder Nonprofit,scid_38,Budget-constrained tenant with licenses missing and security controls deferred.
52,Enable 'Domain member: Digitally sign secure channel data (when possible)',To address,1.2 / 5,5%,Device,Microsoft Intune,Yes,No,Blue Yonder Nonprofit,scid_39,Budget-constrained tenant with licenses missing and security controls deferred.
53,Disable 'Domain member: Disable machine account password changes',To address,0.23 / 2,2%,Device,Microsoft Intune,Yes,No,Blue Yonder Nonprofit,scid_40,Budget-constrained tenant with licenses missing and security controls deferred.
203,Disallow offline access to shares,Planned,5.08 / 8,8%,Device,Microsoft Intune,No,No,Blue Yonder Nonprofit,scid_4000,Budget-constrained tenant with licenses missing and security controls deferred.
204,Remove share write permission set to ‘Everyone’,Planned,3.83 / 8,8%,Device,Microsoft Intune,Yes,Yes,Blue Yonder Nonprofit,scid_4001,Budget-constrained tenant with licenses missing and security controls deferred.
205,Remove shares from the root folder,To address,2.16 / 8,8%,Device,Microsoft Intune,Yes,No,Blue Yonder Nonprofit,scid_4002,Budget-constrained tenant with licenses missing and security controls deferred.
206,Set folder access-based enumeration for shares,To address,0.61 / 8,8%,Device,Microsoft Intune,Yes,No,Blue Yonder Nonprofit,scid_4003,Budget-constrained tenant with licenses missing and security controls deferred.
175,Set 'Account lockout duration' to 15 minutes or more,To address,0 / 6,6%,Device,Microsoft Intune,No,Yes,Blue Yonder Nonprofit,scid_41,Budget-constrained tenant with licenses missing and security controls deferred.
178,Set 'Reset account lockout counter after' to 15 minutes or more,To address,0.16 / 6,6%,Device,Microsoft Intune,Yes,No,Blue Yonder Nonprofit,scid_42,Budget-constrained tenant with licenses missing and security controls deferred.
54,Disable Microsoft Defender Firewall notifications when programs are blocked for Domain profile,To address,0.37 / 2,2%,Device,Microsoft Intune,Yes,Yes,Blue Yonder Nonprofit,scid_43,Budget-constrained tenant with licenses missing and security controls deferred.
176,Set 'Account lockout threshold' to 1-10 invalid login attempts,To address,1.65 / 6,6%,Device,Microsoft Intune,Yes,Yes,Blue Yonder Nonprofit,scid_44,Budget-constrained tenant with licenses missing and security controls deferred.
202,Set user authentication for remote connections by using Network Level Authentication to 'Enabled',To address,0.73 / 5,5%,Device,Microsoft Intune,Yes,No,Blue Yonder Nonprofit,scid_45,Budget-constrained tenant with licenses missing and security controls deferred.
55,Disable Microsoft Defender Firewall notifications when programs are blocked for Private profile,To address,0.15 / 2,2%,Device,Microsoft Intune,Yes,No,Blue Yonder Nonprofit,scid_46,Budget-constrained tenant with licenses missing and security controls deferred.
56,Disable Microsoft Defender Firewall notifications when programs are blocked for Public profile,Planned,0.85 / 2,2%,Device,Microsoft Intune,Yes,No,Blue Yonder Nonprofit,scid_49,Budget-constrained tenant with licenses missing and security controls deferred.
57,Disable merging of local Microsoft Defender Firewall rules with group policy firewall rules for the Public profile,Planned,3.28 / 5,5%,Device,Microsoft Intune,Yes,No,Blue Yonder Nonprofit,scid_50,Budget-constrained tenant with licenses missing and security controls deferred.
179,Fix Microsoft Defender for Endpoint sensor data collection in macOS,Planned,5.28 / 10,10%,Device,Microsoft Intune,Yes,No,Blue Yonder Nonprofit,scid_5001,Budget-constrained tenant with licenses missing and security controls deferred.
180,Fix Microsoft Defender for Endpoint impaired communications in macOS,To address,1.77 / 10,10%,Device,Microsoft Intune,Yes,No,Blue Yonder Nonprofit,scid_5002,Budget-constrained tenant with licenses missing and security controls deferred.
181,Set minimum password length to 15 or more characters in macOS,To address,0.45 / 6,6%,Device,Microsoft Intune,Yes,No,Blue Yonder Nonprofit,scid_5003,Budget-constrained tenant with licenses missing and security controls deferred.
182,Set 'Enforce password history' to '24 or more password(s)' in macOS,To address,0 / 5,5%,Device,Microsoft Intune,Yes,No,Blue Yonder Nonprofit,scid_5004,Budget-constrained tenant with licenses missing and security controls deferred.
183,"Set 'Maximum password age' to '90 or fewer days, but not 0' in macOS",To address,0 / 5,5%,Device,Microsoft Intune,Yes,No,Blue Yonder Nonprofit,scid_5005,Budget-constrained tenant with licenses missing and security controls deferred.
184,Set account lockout threshold to 5 or lower in macOS,Planned,2.51 / 7,7%,Device,Microsoft Intune,Yes,No,Blue Yonder Nonprofit,scid_5006,Budget-constrained tenant with licenses missing and security controls deferred.
185,Turn on Firewall in macOS,To address,3.37 / 10,10%,Device,Microsoft Intune,Yes,Yes,Blue Yonder Nonprofit,scid_5007,Budget-constrained tenant with licenses missing and security controls deferred.
186,Enable Gatekeeper in macOS,To address,0.77 / 8,8%,Device,Microsoft Intune,Yes,No,Blue Yonder Nonprofit,scid_5009,Budget-constrained tenant with licenses missing and security controls deferred.
187,Enable System Integrity Protection (SIP) in macOS,Planned,4.06 / 7,7%,Device,Microsoft Intune,Yes,No,Blue Yonder Nonprofit,scid_5010,Budget-constrained tenant with licenses missing and security controls deferred.
187,Enable FileVault Disk Encryption in macOS,Planned,3.64 / 7,7%,Device,Microsoft Intune,Yes,No,Blue Yonder Nonprofit,scid_5011,Budget-constrained tenant with licenses missing and security controls deferred.
189,Ensure screensaver is set to start in 20 minutes or less in macOS,To address,0.42 / 5,5%,Device,Microsoft Intune,Yes,No,Blue Yonder Nonprofit,scid_5013,Budget-constrained tenant with licenses missing and security controls deferred.
190,Secure Home Folders in macOS,To address,0 / 6,6%,Device,Microsoft Intune,Yes,No,Blue Yonder Nonprofit,scid_5014,Budget-constrained tenant with licenses missing and security controls deferred.
191,Turn on Microsoft Defender Antivirus real-time protection in macOS,To address,0 / 10,10%,Device,Microsoft Intune,Yes,No,Blue Yonder Nonprofit,scid_5090,Budget-constrained tenant with licenses missing and security controls deferred.
192,Turn on Microsoft Defender Antivirus PUA protection in block mode in macOS,To address,2.21 / 9,9%,Device,Microsoft Intune,Yes,Yes,Blue Yonder Nonprofit,scid_5091,Budget-constrained tenant with licenses missing and security controls deferred.
219,Turn on Tamper Protection for MacOS,To address,0.83 / 8,8%,Device,Microsoft Intune,Yes,No,Blue Yonder Nonprofit,scid_5092,Budget-constrained tenant with licenses missing and security controls deferred.
220,Enable Microsoft Defender Antivirus real-time behavior monitoring in macOS,To address,0.81 / 5,5%,Device,Microsoft Intune,Yes,Yes,Blue Yonder Nonprofit,scid_5093,Budget-constrained tenant with licenses missing and security controls deferred.
193,Enable Microsoft Defender Antivirus cloud-delivered protection in macOS,To address,1.24 / 8,8%,Device,Microsoft Intune,Yes,Yes,Blue Yonder Nonprofit,scid_5094,Budget-constrained tenant with licenses missing and security controls deferred.
194,Update Microsoft Defender Antivirus definitions in macOS,To address,1.77 / 9,9%,Device,Microsoft Intune,Yes,Yes,Blue Yonder Nonprofit,scid_5095,Budget-constrained tenant with licenses missing and security controls deferred.
58,Disable merging of local Microsoft Defender Firewall connection rules with group policy firewall rules for the Public profile,To address,0 / 5,5%,Device,Microsoft Intune,Yes,No,Blue Yonder Nonprofit,scid_51,Budget-constrained tenant with licenses missing and security controls deferred.
59,Enable 'Apply UAC restrictions to local accounts on network logons',To address,0 / 5,5%,Device,Microsoft Intune,Yes,No,Blue Yonder Nonprofit,scid_52,Budget-constrained tenant with licenses missing and security controls deferred.
60,Disable SMBv1 client driver,To address,0 / 8,8%,Device,Microsoft Intune,Yes,No,Blue Yonder Nonprofit,scid_53,Budget-constrained tenant with licenses missing and security controls deferred.
61,Disable SMBv1 server,To address,0 / 8,8%,Device,Microsoft Intune,Yes,Yes,Blue Yonder Nonprofit,scid_54,Budget-constrained tenant with licenses missing and security controls deferred.
174,Disable 'Network access: Let Everyone permissions apply to anonymous users',To address,0.01 / 5,5%,Device,Microsoft Intune,Yes,No,Blue Yonder Nonprofit,scid_55,Budget-constrained tenant with licenses missing and security controls deferred.
62,Disable 'WDigest Authentication',To address,1.69 / 5,5%,Device,Microsoft Intune,No,Yes,Blue Yonder Nonprofit,scid_57,Budget-constrained tenant with licenses missing and security controls deferred.
63,Disable 'Installation and configuration of Network Bridge on your DNS domain network',Planned,2 / 5,5%,Device,Microsoft Intune,Yes,No,Blue Yonder Nonprofit,scid_58,Budget-constrained tenant with licenses missing and security controls deferred.
64,Enable 'Require domain users to elevate when setting a network's location',To address,0.29 / 2,2%,Device,Microsoft Intune,Yes,Yes,Blue Yonder Nonprofit,scid_59,Budget-constrained tenant with licenses missing and security controls deferred.
65,Prohibit use of Internet Connection Sharing on your DNS domain network,To address,1.08 / 5,5%,Device,Microsoft Intune,Yes,No,Blue Yonder Nonprofit,scid_60,Budget-constrained tenant with licenses missing and security controls deferred.
195,Fix Microsoft Defender for Endpoint sensor data collection for Linux,To address,0 / 10,10%,Device,Microsoft Intune,Yes,Yes,Blue Yonder Nonprofit,scid_6001,Budget-constrained tenant with licenses missing and security controls deferred.
196,Fix Microsoft Defender for Endpoint impaired communications for Linux,To address,0 / 10,10%,Device,Microsoft Intune,Yes,Yes,Blue Yonder Nonprofit,scid_6002,Budget-constrained tenant with licenses missing and security controls deferred.
197,Unrestricted Access Accounts for Linux,Planned,2.17 / 6,6%,Device,Microsoft Intune,Yes,No,Blue Yonder Nonprofit,scid_6014,Budget-constrained tenant with licenses missing and security controls deferred.
198,Turn on Microsoft Defender Antivirus real-time protection for Linux,To address,0 / 10,10%,Device,Microsoft Intune,Yes,Yes,Blue Yonder Nonprofit,scid_6090,Budget-constrained tenant with licenses missing and security controls deferred.
199,Turn on Microsoft Defender Antivirus PUA protection in block mode for Linux,Planned,4.54 / 9,9%,Device,Microsoft Intune,Yes,Yes,Blue Yonder Nonprofit,scid_6091,Budget-constrained tenant with licenses missing and security controls deferred.
221,Turn on Microsoft Defender Antivirus Tamper Protection for Linux,To address,1.59 / 8,8%,Device,Microsoft Intune,No,No,Blue Yonder Nonprofit,scid_6092,Budget-constrained tenant with licenses missing and security controls deferred.
222,Enable Microsoft Defender Antivirus real-time behavior monitoring for Linux,Planned,2.97 / 5,5%,Device,Microsoft Intune,Yes,Yes,Blue Yonder Nonprofit,scid_6093,Budget-constrained tenant with licenses missing and security controls deferred.
200,Enable Microsoft Defender Antivirus cloud-delivered protection for Linux,To address,1.71 / 8,8%,Device,Microsoft Intune,No,No,Blue Yonder Nonprofit,scid_6094,Budget-constrained tenant with licenses missing and security controls deferred.
201,Update Microsoft Defender Antivirus definitions for Linux,Planned,4.17 / 9,9%,Device,Microsoft Intune,Yes,No,Blue Yonder Nonprofit,scid_6095,Budget-constrained tenant with licenses missing and security controls deferred.
66,Set 'Minimum PIN length for startup' to '6 or more characters',To address,0 / 5,5%,Device,Microsoft Intune,Yes,No,Blue Yonder Nonprofit,scid_61,Budget-constrained tenant with licenses missing and security controls deferred.
223,Enable 'Microsoft Defender for Endpoint Plug-in for WSL',To address,0.69 / 5,5%,Device,Microsoft Intune,Yes,No,Blue Yonder Nonprofit,scid_6100,Budget-constrained tenant with licenses missing and security controls deferred.
67,Enable 'Require additional authentication at startup',To address,0 / 8,8%,Device,Microsoft Intune,Yes,No,Blue Yonder Nonprofit,scid_62,Budget-constrained tenant with licenses missing and security controls deferred.
68,Disable 'Configure Offer Remote Assistance',To address,0 / 5,5%,Device,Microsoft Intune,Yes,No,Blue Yonder Nonprofit,scid_63,Budget-constrained tenant with licenses missing and security controls deferred.
69,Restrict anonymous access to named pipes and Shares,To address,0 / 8,8%,Device,Microsoft Intune,No,No,Blue Yonder Nonprofit,scid_64,Budget-constrained tenant with licenses missing and security controls deferred.
70,Disable 'Store LAN Manager hash value on next password change',Planned,3.81 / 8,8%,Device,Microsoft Intune,No,Yes,Blue Yonder Nonprofit,scid_65,Budget-constrained tenant with licenses missing and security controls deferred.
71,Disable 'Always install with elevated privileges',Planned,4.95 / 8,8%,Device,Microsoft Intune,No,No,Blue Yonder Nonprofit,scid_66,Budget-constrained tenant with licenses missing and security controls deferred.
72,Disable 'Autoplay for non-volume devices',To address,1.38 / 5,5%,Device,Microsoft Intune,Yes,No,Blue Yonder Nonprofit,scid_67,Budget-constrained tenant with licenses missing and security controls deferred.
73,Disable 'Anonymous enumeration of SAM accounts',To address,1.47 / 8,8%,Device,Microsoft Intune,Yes,No,Blue Yonder Nonprofit,scid_68,Budget-constrained tenant with licenses missing and security controls deferred.
74,Disable 'Autoplay' for all drives,To address,1.5 / 8,8%,Device,Microsoft Intune,Yes,No,Blue Yonder Nonprofit,scid_69,Budget-constrained tenant with licenses missing and security controls deferred.
75,Set default behavior for 'AutoRun' to 'Enabled: Do not execute any autorun commands',To address,0 / 8,8%,Device,Microsoft Intune,Yes,No,Blue Yonder Nonprofit,scid_70,Budget-constrained tenant with licenses missing and security controls deferred.
76,Enable 'Limit local account use of blank passwords to console logon only',To address,1.4 / 5,5%,Device,Microsoft Intune,Yes,No,Blue Yonder Nonprofit,scid_71,Budget-constrained tenant with licenses missing and security controls deferred.
77,Set LAN Manager authentication level to 'Send NTLMv2 response only. Refuse LM & NTLM',To address,0 / 8,8%,Device,Microsoft Intune,Yes,No,Blue Yonder Nonprofit,scid_72,Budget-constrained tenant with licenses missing and security controls deferred.
78,Disable 'Allow Basic authentication' for WinRM Client,To address,0 / 8,8%,Device,Microsoft Intune,Yes,No,Blue Yonder Nonprofit,scid_73,Budget-constrained tenant with licenses missing and security controls deferred.
79,Disable 'Allow Basic authentication' for WinRM Service,Planned,5.21 / 8,8%,Device,Microsoft Intune,Yes,No,Blue Yonder Nonprofit,scid_74,Budget-constrained tenant with licenses missing and security controls deferred.
80,Disable Flash on Adobe Reader DC,To address,0.15 / 5,5%,Device,Microsoft Intune,Yes,Yes,Blue Yonder Nonprofit,scid_75,Budget-constrained tenant with licenses missing and security controls deferred.
81,Disable JavaScript on Adobe Reader DC,Planned,2.8 / 5,5%,Device,Microsoft Intune,Yes,No,Blue Yonder Nonprofit,scid_76,Budget-constrained tenant with licenses missing and security controls deferred.
82,Disable Flash on Adobe Acrobat Pro XI,Planned,2.67 / 5,5%,Device,Microsoft Intune,Yes,No,Blue Yonder Nonprofit,scid_77,Budget-constrained tenant with licenses missing and security controls deferred.
83,Disable JavaScript on Adobe Acrobat Pro XI,Planned,1.96 / 5,5%,Device,Microsoft Intune,No,Yes,Blue Yonder Nonprofit,scid_78,Budget-constrained tenant with licenses missing and security controls deferred.
84,Disable running or installing downloaded software with invalid signature,To address,0.25 / 5,5%,Device,Microsoft Intune,Yes,No,Blue Yonder Nonprofit,scid_79,Budget-constrained tenant with licenses missing and security controls deferred.
85,Block Flash activation in Office documents,To address,0 / 5,5%,Device,Microsoft Intune,Yes,Yes,Blue Yonder Nonprofit,scid_80,Budget-constrained tenant with licenses missing and security controls deferred.
86,Set IPv6 source routing to highest protection,To address,0 / 5,5%,Device,Microsoft Intune,Yes,No,Blue Yonder Nonprofit,scid_81,Budget-constrained tenant with licenses missing and security controls deferred.
87,Disable IP source routing,Planned,2.61 / 5,5%,Device,Microsoft Intune,Yes,No,Blue Yonder Nonprofit,scid_82,Budget-constrained tenant with licenses missing and security controls deferred.
88,Enable Explorer Data Execution Prevention (DEP),Planned,2.11 / 5,5%,Device,Microsoft Intune,Yes,Yes,Blue Yonder Nonprofit,scid_83,Budget-constrained tenant with licenses missing and security controls deferred.
90,Block outdated ActiveX controls for Internet Explorer,Planned,2.55 / 5,5%,Device,Microsoft Intune,Yes,No,Blue Yonder Nonprofit,scid_85,Budget-constrained tenant with licenses missing and security controls deferred.
91,Disable Solicited Remote Assistance,Planned,4.06 / 8,8%,Device,Microsoft Intune,Yes,No,Blue Yonder Nonprofit,scid_87,Budget-constrained tenant with licenses missing and security controls deferred.
92,Disable Anonymous enumeration of shares,Planned,3.17 / 8,8%,Device,Microsoft Intune,Yes,No,Blue Yonder Nonprofit,scid_88,Budget-constrained tenant with licenses missing and security controls deferred.
92,Enable scanning of removable drives during a full scan,To address,1.97 / 8,8%,Device,Microsoft Intune,Yes,No,Blue Yonder Nonprofit,scid_89,Budget-constrained tenant with licenses missing and security controls deferred.
422,Enable 'Local Machine Zone Lockdown Security',To address,0.23 / 5,5%,Device,Microsoft Intune,Yes,No,Blue Yonder Nonprofit,scid_9,Budget-constrained tenant with licenses missing and security controls deferred.
93,Enable Microsoft Defender Antivirus email scanning,To address,0 / 9,9%,Device,Exchange Online,Yes,No,Blue Yonder Nonprofit,scid_90,Budget-constrained tenant with licenses missing and security controls deferred.
94,Enable Microsoft Defender Antivirus real-time behavior monitoring,To address,0.01 / 5,5%,Device,Microsoft Intune,No,No,Blue Yonder Nonprofit,scid_91,Budget-constrained tenant with licenses missing and security controls deferred.
95,Enable Microsoft Defender Antivirus scanning of downloaded files and attachments,To address,2.45 / 10,10%,Device,Microsoft Intune,Yes,Yes,Blue Yonder Nonprofit,scid_92,Budget-constrained tenant with licenses missing and security controls deferred.
96,Disable the local storage of passwords and credentials,To address,1.36 / 5,5%,Device,Microsoft Intune,Yes,No,Blue Yonder Nonprofit,scid_93,Budget-constrained tenant with licenses missing and security controls deferred.
97,Disable sending unencrypted password to third-party SMB servers,To address,0 / 5,5%,Device,Microsoft Intune,No,No,Blue Yonder Nonprofit,scid_94,Budget-constrained tenant with licenses missing and security controls deferred.
98,Enable 'Microsoft network client: Digitally sign communications (always)',Planned,1.77 / 5,5%,Device,Microsoft Intune,Yes,No,Blue Yonder Nonprofit,scid_95,Budget-constrained tenant with licenses missing and security controls deferred.
429,Enable 'Network Protection',To address,0.16 / 8,8%,Device,Microsoft Intune,Yes,No,Blue Yonder Nonprofit,scid_96,Budget-constrained tenant with licenses missing and security controls deferred.
159,Disable JavaScript on Adobe DC,To address,0.99 / 5,5%,Device,Microsoft Intune,No,No,Blue Yonder Nonprofit,scid_97,Budget-constrained tenant with licenses missing and security controls deferred.
160,Disable JavaScript on Adobe Reader 2017,To address,0.27 / 5,5%,Device,Microsoft Intune,Yes,No,Blue Yonder Nonprofit,scid_98,Budget-constrained tenant with licenses missing and security controls deferred.
161,Disable JavaScript on Adobe Acrobat 2017,To address,0.32 / 5,5%,Device,Microsoft Intune,Yes,Yes,Blue Yonder Nonprofit,scid_99,Budget-constrained tenant with licenses missing and security controls deferred.
20,Ensure 'Self service password reset enabled' is set to 'All',To address,0.11 / 1,1%,Identity,Microsoft Entra ID,Yes,No,Blue Yonder Nonprofit,SelfServicePasswordReset,Budget-constrained tenant with licenses missing and security controls deferred.
58,Enable Microsoft Entra ID Identity Protection sign-in risk policies,To address,0.53 / 7,7%,Identity,Microsoft Entra ID,Yes,No,Blue Yonder Nonprofit,SigninRiskPolicy,Budget-constrained tenant with licenses missing and security controls deferred.
10,Block OneDrive for Business sync from unmanaged devices,Planned,1.77 / 3,3%,Apps,SharePoint Online,Yes,No,Blue Yonder Nonprofit,spo_block_onedrive_sync_unmanaged_devices,Budget-constrained tenant with licenses missing and security controls deferred.
10,Ensure SharePoint external sharing is managed through domain whitelist/blacklists,Planned,2.4 / 3,3%,Apps,SharePoint Online,Yes,No,Blue Yonder Nonprofit,spo_external_sharing_managed,Budget-constrained tenant with licenses missing and security controls deferred.
10,Ensure that SharePoint guest users cannot share items they don't own,Planned,1.76 / 3,3%,Identity,SharePoint Online,Yes,No,Blue Yonder Nonprofit,spo_external_users_sharing,Budget-constrained tenant with licenses missing and security controls deferred.
128,Sign out inactive users in SharePoint Online,Planned,0.43 / 1,1%,Identity,SharePoint Online,Yes,Yes,Blue Yonder Nonprofit,spo_idle_session_timeout,Budget-constrained tenant with licenses missing and security controls deferred.
128,Ensure modern authentication for SharePoint applications is required,To address,0.19 / 1,1%,Identity,SharePoint Online,Yes,No,Blue Yonder Nonprofit,spo_legacy_auth,Budget-constrained tenant with licenses missing and security controls deferred.
10,Ensure that Sways cannot be shared with people outside of your organization,To address,0 / 3,3%,Apps,SWAY,Yes,Yes,Blue Yonder Nonprofit,sway_block_sharing_with_outside_users,Budget-constrained tenant with licenses missing and security controls deferred.
59,Enable Microsoft Entra ID Identity Protection user risk policies,To address,0 / 7,7%,Identity,Microsoft Entra ID,No,No,Blue Yonder Nonprofit,UserRiskPolicy,Budget-constrained tenant with licenses missing and security controls deferred.
