Rank,Recommended action,Status,Points achieved,Score impact,Category,Product,Have license?,Regressed,Tenant,Control ID,Notes
10,Ensure Administrative accounts are separate and cloud-only,To address,0.2 / 3,3%,Identity,Microsoft Entra ID,Yes,No,Contoso Startup,aad_admin_accounts_separate_unassigned_cloud_only,"Cloud-native team with decent defaults, thin process, and uneven device coverage."
10,Ensure the admin consent workflow is enabled,Completed,4.29 / 5,5%,Identity,Microsoft Entra ID,Yes,No,Contoso Startup,aad_admin_consent_workflow,"Cloud-native team with decent defaults, thin process, and uneven device coverage."
10,Ensure custom banned passwords lists are used,Completed,5 / 5,5%,Identity,Microsoft Entra ID,Yes,No,Contoso Startup,aad_custom_banned_passwords,"Cloud-native team with decent defaults, thin process, and uneven device coverage."
10,Ensure 'Microsoft Azure Management' is limited to administrative roles,Completed,2.81 / 3,3%,Identity,Microsoft Entra ID,Yes,No,Contoso Startup,aad_limited_administrative_roles,"Cloud-native team with decent defaults, thin process, and uneven device coverage."
10,Ensure 'LinkedIn account connections' is disabled,Planned,2.4 / 3,3%,Identity,Microsoft Entra ID,Yes,No,Contoso Startup,aad_linkedin_connection_disables,"Cloud-native team with decent defaults, thin process, and uneven device coverage."
10,Ensure that only organizationally managed/approved public groups exist,Planned,1.8 / 3,3%,Identity,Microsoft Entra ID,Yes,Yes,Contoso Startup,aad_managed_approved_public_groups_only,"Cloud-native team with decent defaults, thin process, and uneven device coverage."
10,Ensure password protection is enabled for on-prem Active Directory,Planned,4.2 / 6,6%,Identity,Microsoft Entra ID,Yes,No,Contoso Startup,aad_password_protection,"Cloud-native team with decent defaults, thin process, and uneven device coverage."
10,Ensure 'Phishing-resistant MFA strength' is required for Administrators,Completed,5.92 / 7,7%,Identity,Microsoft Entra ID,Yes,No,Contoso Startup,aad_phishing_MFA_strength,"Cloud-native team with decent defaults, thin process, and uneven device coverage."
10,Ensure Sign-in frequency is enabled and browser sessions are not persistent for Administrative users,Completed,4.15 / 5,5%,Identity,Microsoft Entra ID,Yes,No,Contoso Startup,aad_sign_in_freq_session_timeout,"Cloud-native team with decent defaults, thin process, and uneven device coverage."
10,Ensure third party integrated applications are not allowed,Completed,4.18 / 5,5%,Identity,Microsoft Entra ID,Yes,No,Contoso Startup,aad_third_party_apps,"Cloud-native team with decent defaults, thin process, and uneven device coverage."
65,Locate accounts in built-in Operator Groups,Completed,7.5 / 8,8%,Identity,Microsoft Entra ID,Yes,No,Contoso Startup,AATP_AccountsInOperatorGroups,"Cloud-native team with decent defaults, thin process, and uneven device coverage."
65,Accounts with non-default Primary Group ID,Planned,3.89 / 5,5%,Identity,Microsoft Entra ID,Yes,No,Contoso Startup,AATP_AccountsWithNonDefaultPrimaryGroup,"Cloud-native team with decent defaults, thin process, and uneven device coverage."
65,Change password for accounts with leaked credentials,Planned,4.09 / 5,5%,Identity,Microsoft Entra ID,No,No,Contoso Startup,AATP_AccountWithLeakedCredentials,"Cloud-native team with decent defaults, thin process, and uneven device coverage."
65,Change password for on-prem account with potentially leaked credentials,Completed,4.69 / 5,5%,Identity,Microsoft Entra ID,Yes,No,Contoso Startup,AATP_AdAccountWithPotentiallyLeakedCredentials,"Cloud-native team with decent defaults, thin process, and uneven device coverage."
65,Prevent Certificate Enrollment with arbitrary Application Policies (ESC15),Planned,2.59 / 5,5%,Identity,Microsoft Entra ID,Yes,No,Contoso Startup,AATP_ADCSCertificateTemplateArbitraryAppPolicies,"Cloud-native team with decent defaults, thin process, and uneven device coverage."
65,Prevent users to request a certificate valid for arbitrary users based on the certificate template (ESC1),Planned,2.94 / 5,5%,Identity,Microsoft Entra ID,Yes,No,Contoso Startup,AATP_ADCSCertificateTemplateEnrolementSuppliesSubject,"Cloud-native team with decent defaults, thin process, and uneven device coverage."
65,Install Defender for Identity Sensor on ADCS servers,Planned,2.36 / 4,4%,Identity,Microsoft Entra ID,Yes,No,Contoso Startup,AATP_AdcsComputersWithNoMdiSensorInstalled,"Cloud-native team with decent defaults, thin process, and uneven device coverage."
65,Edit insecure certificate enrollment IIS endpoints (ESC8),Completed,4.36 / 5,5%,Identity,Microsoft Intune,Yes,No,Contoso Startup,AATP_ADCSInsecureCertificateEnrollmentIisEndpoints,"Cloud-native team with decent defaults, thin process, and uneven device coverage."
65,Edit misconfigured Certificate Authority ACL (ESC7),To address,1.64 / 5,5%,Identity,Microsoft Entra ID,Yes,No,Contoso Startup,AATP_ADCSMisconfiguredCertificateAuthorityAcl,"Cloud-native team with decent defaults, thin process, and uneven device coverage."
65,Edit misconfigured certificate templates ACL (ESC4),Planned,3.88 / 5,5%,Identity,Microsoft Entra ID,Yes,No,Contoso Startup,AATP_ADCSMisconfiguredCertificateTemplateAcl,"Cloud-native team with decent defaults, thin process, and uneven device coverage."
60,Edit overly permissive Certificate Template with privileged EKU (Any purpose EKU or No EKU) (ESC2),Planned,3.89 / 5,5%,Identity,Microsoft Entra ID,Yes,No,Contoso Startup,AATP_ADCSMisconfiguredCertificateTemplateEku,"Cloud-native team with decent defaults, thin process, and uneven device coverage."
65,Edit misconfigured enrollment agent certificate template (ESC3),Planned,3.25 / 5,5%,Identity,Microsoft Entra ID,Yes,No,Contoso Startup,AATP_ADCSMisconfiguredCertificateTemplateEnrollmentAgent,"Cloud-native team with decent defaults, thin process, and uneven device coverage."
65,Edit misconfigured certificate templates owner (ESC4),Planned,3.34 / 5,5%,Identity,Microsoft Entra ID,Yes,No,Contoso Startup,AATP_ADCSMisconfiguredCertificateTemplateOwner,"Cloud-native team with decent defaults, thin process, and uneven device coverage."
65,Enforce encryption for RPC certificate enrollment interface (ESC8),Planned,2.93 / 5,5%,Identity,Microsoft Entra ID,Yes,No,Contoso Startup,AATP_ADCSMisconfiguredRpcEnrollmentSigning,"Cloud-native team with decent defaults, thin process, and uneven device coverage."
65,Edit vulnerable Certificate Authority setting (ESC6),Planned,3.66 / 5,5%,Identity,Microsoft Entra ID,Yes,Yes,Contoso Startup,AATP_ADCSSanSpecifiedByUserEnabled,"Cloud-native team with decent defaults, thin process, and uneven device coverage."
65,Install Defender for Identity Sensor on ADFS servers,Planned,2.75 / 4,4%,Identity,Microsoft Entra ID,Yes,Yes,Contoso Startup,AATP_AdfsComputersWithNoMdiSensorInstalled,"Cloud-native team with decent defaults, thin process, and uneven device coverage."
67,Remove access rights on suspicious accounts with the Admin SDHolder permission,Completed,4.5 / 5,5%,Identity,Microsoft Entra ID,Yes,No,Contoso Startup,AATP_AdminSDHolder,"Cloud-native team with decent defaults, thin process, and uneven device coverage."
65,Change password for Entra seamless SSO account,Completed,4.72 / 5,5%,Identity,Microsoft Entra ID,No,No,Contoso Startup,AATP_AzureSsoAccountOldPasswords,"Cloud-native team with decent defaults, thin process, and uneven device coverage."
65,Change password of built-in domain Administrator account,Completed,4.44 / 5,5%,Identity,Microsoft Entra ID,Yes,No,Contoso Startup,AATP_BuiltinAdministratorAccountWithOldPassword,"Cloud-native team with decent defaults, thin process, and uneven device coverage."
65,Built-in Active Directory Guest account is enabled,Completed,4.58 / 5,5%,Identity,Microsoft Entra ID,Yes,No,Contoso Startup,AATP_BuiltinGuestAccountIsEnabled,"Cloud-native team with decent defaults, thin process, and uneven device coverage."
65,Change password for krbtgt account,Planned,3.37 / 5,5%,Identity,Microsoft Entra ID,Yes,No,Contoso Startup,AATP_BuiltinKrbtgtAccountWithOldPassword,"Cloud-native team with decent defaults, thin process, and uneven device coverage."
67,Stop clear text credentials exposure,Planned,2.78 / 5,5%,Identity,Microsoft Entra ID,Yes,No,Contoso Startup,AATP_ClearText,"Cloud-native team with decent defaults, thin process, and uneven device coverage."
65,Remove stale CyberArk Identity privileged accounts,Completed,4.21 / 5,5%,Identity,Microsoft Entra ID,Yes,No,Contoso Startup,AATP_CyberArk_DormantPriviledgedAccounts,"Cloud-native team with decent defaults, thin process, and uneven device coverage."
65,High number of CyberArk Identity accounts with a privileged role assigned,To address,0.14 / 5,5%,Identity,Microsoft Entra ID,Yes,No,Contoso Startup,AATP_CyberArk_HighNumberOfPriviledgedIdentityAccounts,"Cloud-native team with decent defaults, thin process, and uneven device coverage."
65,Limit the number of CyberArk Identity accounts with system admin role,Planned,3.51 / 5,5%,Identity,Microsoft Entra ID,No,No,Contoso Startup,AATP_CyberArk_HighNumberOfSystemAdmins,"Cloud-native team with decent defaults, thin process, and uneven device coverage."
65,Change password for CyberArk Identity privileged User accounts,Planned,4.61 / 6,6%,Identity,Microsoft Entra ID,Yes,No,Contoso Startup,AATP_CyberArk_PriviledgedUserAccountsWithOldPasswords,"Cloud-native team with decent defaults, thin process, and uneven device coverage."
59,"Start your Defender for Identity deployment, installing Sensors on Domain Controllers and other eligible servers.",Completed,4.32 / 5,5%,Identity,Microsoft Entra ID,Yes,No,Contoso Startup,AATP_DefenderForIdentityIsNotInstalled,"Cloud-native team with decent defaults, thin process, and uneven device coverage."
65,Unsafe permissions on the DnsAdmins group,Planned,6.43 / 8,8%,Identity,Microsoft Entra ID,Yes,No,Contoso Startup,AATP_DnsAdminsGroupWithUnsafePermissions,"Cloud-native team with decent defaults, thin process, and uneven device coverage."
65,Remove local admins on identity assets,Completed,4.54 / 5,5%,Identity,Microsoft Entra ID,Yes,No,Contoso Startup,AATP_DomainControllerLocalUsers,"Cloud-native team with decent defaults, thin process, and uneven device coverage."
65,Change Domain Controller computer account old password,Completed,4.29 / 5,5%,Identity,Microsoft Entra ID,Yes,No,Contoso Startup,AATP_DomainControllersWithOldPassword,"Cloud-native team with decent defaults, thin process, and uneven device coverage."
67,Remove dormant accounts from sensitive groups,Completed,4.23 / 5,5%,Identity,Microsoft Entra ID,Yes,No,Contoso Startup,AATP_DormantAccounts,"Cloud-native team with decent defaults, thin process, and uneven device coverage."
65,Rotate password for Entra Connect AD DS Connector account,Planned,1.99 / 3,3%,Identity,Microsoft Entra ID,Yes,Yes,Contoso Startup,AATP_EntraConnectAccountsOldPasswords,"Cloud-native team with decent defaults, thin process, and uneven device coverage."
65,Replace Enterprise or Domain Admin account for Entra Connect AD DS Connector account,Planned,2.37 / 3,3%,Identity,Microsoft Entra ID,Yes,No,Contoso Startup,AATP_EntraConnectAccountsWithConnectorAccountAsDefaultAdmin,"Cloud-native team with decent defaults, thin process, and uneven device coverage."
65,Remove unnecessary replication permissions for Entra Connect AD DS Connector Account,To address,0.77 / 8,8%,Identity,Microsoft Entra ID,No,No,Contoso Startup,AATP_EntraConnectAccountUnnecessaryReplicationPermission,"Cloud-native team with decent defaults, thin process, and uneven device coverage."
65,Install Defender for Identity Sensor on Entra Connect servers,Planned,3.13 / 4,4%,Identity,Microsoft Entra ID,Yes,No,Contoso Startup,AATP_EntraConnectComputersWithNoMdiSensorInstalled,"Cloud-native team with decent defaults, thin process, and uneven device coverage."
65,Remove unsafe permissions on sensitive Entra Connect accounts,To address,1.88 / 9,9%,Identity,Microsoft Entra ID,Yes,Yes,Contoso Startup,AATP_EntraConnectSensitiveAccountsWithUnsafePermissions,"Cloud-native team with decent defaults, thin process, and uneven device coverage."
65,Remove discoverable passwords in Active Directory account attributes,Completed,7.98 / 8,8%,Identity,Microsoft Entra ID,Yes,No,Contoso Startup,AATP_ExposedPasswordsInADAttributes,"Cloud-native team with decent defaults, thin process, and uneven device coverage."
65,Set a valid password rotation interval for gMSA,Planned,4.74 / 6,6%,Identity,Microsoft Entra ID,Yes,No,Contoso Startup,AATP_GroupManagedServiceAccountWithUnrecommendedPasswordChangeInterval,"Cloud-native team with decent defaults, thin process, and uneven device coverage."
65,GPO can be modified by unprivileged accounts,Completed,4.25 / 5,5%,Identity,Microsoft Entra ID,Yes,No,Contoso Startup,AATP_GroupPolicyAbnormalModificationAssignment,"Cloud-native team with decent defaults, thin process, and uneven device coverage."
65,GPO assigns unprivileged identities to local groups with elevated privileges,Planned,5.4 / 7,7%,Identity,Microsoft Entra ID,Yes,No,Contoso Startup,AATP_GroupPolicyAssignsUnprivilegedIdentitiesToElevatedLocalGroups,"Cloud-native team with decent defaults, thin process, and uneven device coverage."
65,Reversible passwords found in GPOs,Planned,4.39 / 8,8%,Identity,Microsoft Entra ID,Yes,No,Contoso Startup,AATP_GroupPolicyPasswordInPreferences,"Cloud-native team with decent defaults, thin process, and uneven device coverage."
61,Set a honeytoken account,Planned,0.76 / 1,1%,Identity,Microsoft Entra ID,Yes,No,Contoso Startup,AATP_HoneyToken,"Cloud-native team with decent defaults, thin process, and uneven device coverage."
65,Remove stale service accounts,Planned,3.76 / 5,5%,Identity,Microsoft Entra ID,Yes,No,Contoso Startup,AATP_InactiveServiceAccounts,"Cloud-native team with decent defaults, thin process, and uneven device coverage."
67,Modify unsecure Kerberos delegations to prevent impersonation,Completed,4.66 / 5,5%,Identity,Microsoft Entra ID,Yes,No,Contoso Startup,AATP_KerberosDelegations,"Cloud-native team with decent defaults, thin process, and uneven device coverage."
66,Remove non-admin accounts with DCSync permissions,Completed,4.98 / 5,5%,Identity,Microsoft Entra ID,Yes,No,Contoso Startup,AATP_NonAdminDCSyncAccounts,"Cloud-native team with decent defaults, thin process, and uneven device coverage."
65,Remove dormant Okta privileged accounts,Planned,3.97 / 5,5%,Identity,Microsoft Entra ID,Yes,No,Contoso Startup,AATP_Okta_Dormant,"Cloud-native team with decent defaults, thin process, and uneven device coverage."
65,High number of Okta accounts with privileged role assigned,To address,0.19 / 5,5%,Identity,Microsoft Entra ID,Yes,No,Contoso Startup,AATP_Okta_HighNumberOfNonSuperAdminPrivilegedUserAccounts,"Cloud-native team with decent defaults, thin process, and uneven device coverage."
65,Limit the Number of Okta Super Admins Accounts,Planned,3.8 / 5,5%,Identity,Microsoft Entra ID,Yes,No,Contoso Startup,AATP_Okta_HighNumberOfSuperAdmins,"Cloud-native team with decent defaults, thin process, and uneven device coverage."
65,Change password for Okta privileged User accounts,Planned,4.06 / 6,6%,Identity,Microsoft Entra ID,Yes,No,Contoso Startup,AATP_Okta_SensitiveAccountWithOldPassword,"Cloud-native team with decent defaults, thin process, and uneven device coverage."
65,Assign multi-factor authentication for Okta privileged user accounts,Planned,3.02 / 5,5%,Identity,Microsoft Entra ID,Yes,Yes,Contoso Startup,AATP_Okta_SensitiveAccountWithoutFactorsAssigned,"Cloud-native team with decent defaults, thin process, and uneven device coverage."
65,Highly Privileged Okta Api Token,Planned,3.58 / 5,5%,Identity,Microsoft Entra ID,Yes,No,Contoso Startup,AATP_Okta_SensitiveApiToken,"Cloud-native team with decent defaults, thin process, and uneven device coverage."
67,Reduce lateral movement path risk to sensitive entities,Planned,3.35 / 5,5%,Identity,Microsoft Entra ID,Yes,No,Contoso Startup,AATP_PathRisk,"Cloud-native team with decent defaults, thin process, and uneven device coverage."
65,Remove stale PingOne privileged accounts,Completed,4.32 / 5,5%,Identity,Microsoft Entra ID,Yes,No,Contoso Startup,AATP_Ping_Dormant,"Cloud-native team with decent defaults, thin process, and uneven device coverage."
65,High number of PingOne accounts with a privileged role assigned,Completed,4.57 / 5,5%,Identity,Microsoft Entra ID,Yes,No,Contoso Startup,AATP_Ping_HighNumberOfNonSuperAdminPrivilegedUserAccounts,"Cloud-native team with decent defaults, thin process, and uneven device coverage."
65,Limit the number of PingOne accounts with organization admin role,Planned,3.92 / 5,5%,Identity,Microsoft Entra ID,Yes,No,Contoso Startup,AATP_Ping_HighNumberOfSuperAdmins,"Cloud-native team with decent defaults, thin process, and uneven device coverage."
65,Change password for PingOne privileged User accounts,Planned,4.51 / 6,6%,Identity,Microsoft Entra ID,Yes,No,Contoso Startup,AATP_Ping_SensitiveAccountWithOldPassword,"Cloud-native team with decent defaults, thin process, and uneven device coverage."
65,Assign multi-factor authentication for PingOne privileged user accounts,Completed,4.22 / 5,5%,Identity,Microsoft Entra ID,Yes,No,Contoso Startup,AATP_Ping_SensitiveAccountWithoutFactorsAssigned,"Cloud-native team with decent defaults, thin process, and uneven device coverage."
67,Disable Print spooler service on domain controllers,Planned,2.65 / 5,5%,Identity,Microsoft Entra ID,Yes,No,Contoso Startup,AATP_PrintSpooler,"Cloud-native team with decent defaults, thin process, and uneven device coverage."
65,Ensure privileged accounts are not delegated,Planned,2.98 / 5,5%,Identity,Microsoft Entra ID,Yes,No,Contoso Startup,AATP_PrivilegedAccountsWithDelegationAllowed,"Cloud-native team with decent defaults, thin process, and uneven device coverage."
65,Identify Entra ID privileged accounts that are also privileged in Active Directory,Planned,5.67 / 9,9%,Identity,Microsoft Entra ID,Yes,No,Contoso Startup,AATP_PrivilegedEntraIdAndActiveDirectoryAccounts,"Cloud-native team with decent defaults, thin process, and uneven device coverage."
67,Protect and manage local admin passwords with Microsoft LAPS,Planned,3.85 / 5,5%,Identity,Microsoft Entra ID,Yes,No,Contoso Startup,AATP_PwdLAPS,"Cloud-native team with decent defaults, thin process, and uneven device coverage."
65,Remove stale SailPoint privileged accounts,Completed,4.27 / 5,5%,Identity,Microsoft Entra ID,No,No,Contoso Startup,AATP_SailPoint_DormantPriviledgedAccounts,"Cloud-native team with decent defaults, thin process, and uneven device coverage."
65,High number of SailPoint accounts with a privileged role assigned,Completed,4.96 / 5,5%,Identity,Microsoft Entra ID,Yes,No,Contoso Startup,AATP_SailPoint_HighNumberOfPriviledgedIdentityAccounts,"Cloud-native team with decent defaults, thin process, and uneven device coverage."
65,Limit the number of SailPoint accounts with system admin role,Planned,3.83 / 5,5%,Identity,Microsoft Entra ID,Yes,No,Contoso Startup,AATP_SailPoint_HighNumberOfSystemAdmins,"Cloud-native team with decent defaults, thin process, and uneven device coverage."
65,Assign multi-factor authentication for SailPoint privileged user accounts,Completed,4.65 / 5,5%,Identity,Microsoft Entra ID,Yes,No,Contoso Startup,AATP_SailPoint_MFAforPriviledgedUserAccounts,"Cloud-native team with decent defaults, thin process, and uneven device coverage."
65,Change password for SailPoint privileged User accounts,Planned,3.69 / 5,5%,Identity,Microsoft Entra ID,Yes,No,Contoso Startup,AATP_SailPoint_PriviledgedUserAccountsWithOldPasswords,"Cloud-native team with decent defaults, thin process, and uneven device coverage."
60,Install Defender for Identity Sensor on all Domain Controllers,Planned,2.6 / 4,4%,Identity,Microsoft Entra ID,Yes,No,Contoso Startup,AATP_Sensor,"Cloud-native team with decent defaults, thin process, and uneven device coverage."
65,Identify service accounts in privileged groups,Planned,5.24 / 7,7%,Identity,Microsoft Entra ID,Yes,No,Contoso Startup,AATP_ServiceAccountsInPrivilegedGroup,"Cloud-native team with decent defaults, thin process, and uneven device coverage."
67,Remove unsecure SID history attributes from entities,Planned,3.88 / 5,5%,Identity,Microsoft Entra ID,Yes,No,Contoso Startup,AATP_SIDHistory,"Cloud-native team with decent defaults, thin process, and uneven device coverage."
65,Rotate old password for sMSA and set up valid rotation interval in the GPO,Completed,5.04 / 6,6%,Identity,Microsoft Entra ID,Yes,No,Contoso Startup,AATP_SingleManagedServiceAccountsWithOldPassword,"Cloud-native team with decent defaults, thin process, and uneven device coverage."
65,Remove stale Active Directory accounts,Completed,4.35 / 5,5%,Identity,Microsoft Entra ID,Yes,No,Contoso Startup,AATP_StaleAccounts,"Cloud-native team with decent defaults, thin process, and uneven device coverage."
67,Resolve unsecure account attributes,To address,1.32 / 5,5%,Identity,Microsoft Entra ID,Yes,No,Contoso Startup,AATP_UnsecureAccount,"Cloud-native team with decent defaults, thin process, and uneven device coverage."
60,Resolve unsecure domain configurations,Completed,4.95 / 5,5%,Identity,Microsoft Entra ID,Yes,No,Contoso Startup,AATP_UnsecureDomain,"Cloud-native team with decent defaults, thin process, and uneven device coverage."
63,Configure VPN integration,Completed,1 / 1,1%,Identity,Microsoft Entra ID,Yes,No,Contoso Startup,AATP_Vpn,"Cloud-native team with decent defaults, thin process, and uneven device coverage."
67,Stop weak cipher usage,Completed,4.11 / 5,5%,Identity,Microsoft Entra ID,Yes,No,Contoso Startup,AATP_WeakCipher,"Cloud-native team with decent defaults, thin process, and uneven device coverage."
10,Ensure 'User owned apps and services' is restricted,Completed,2.73 / 3,3%,Identity,Microsoft Entra ID,Yes,No,Contoso Startup,admincenter_owned_apps_and_services,"Cloud-native team with decent defaults, thin process, and uneven device coverage."
1,Ensure multifactor authentication is enabled for all users in administrative roles,Planned,7.04 / 10,10%,Identity,Microsoft Entra ID,Yes,No,Contoso Startup,AdminMFAV2,"Cloud-native team with decent defaults, thin process, and uneven device coverage."
9,Regulate cloud app access to sensitive data,Planned,4.64 / 7,7%,Apps,AppG,Yes,No,Contoso Startup,AppG_regulate_access_to_sensitive_data,"Cloud-native team with decent defaults, thin process, and uneven device coverage."
10,Regulate apps with priority account consent,Planned,5.04 / 7,7%,Apps,AppG,Yes,No,Contoso Startup,AppG_unusual_activity_with_priority_account,"Cloud-native team with decent defaults, thin process, and uneven device coverage."
68,Enable Conditional Access policies to block legacy authentication,Completed,7.64 / 8,8%,Identity,Microsoft Entra ID,Yes,No,Contoso Startup,BlockLegacyAuthentication,"Cloud-native team with decent defaults, thin process, and uneven device coverage."
127,Ensure the customer lockbox feature is enabled,Completed,1 / 1,1%,Apps,Exchange Online,Yes,No,Contoso Startup,CustomerLockBoxEnabled,"Cloud-native team with decent defaults, thin process, and uneven device coverage."
128,Ensure DLP policies are enabled,Completed,4.1 / 5,5%,Data,MIP,Yes,No,Contoso Startup,dlp_datalossprevention,"Cloud-native team with decent defaults, thin process, and uneven device coverage."
128,Ensure 'External sharing' of calendars is not available,Planned,3.48 / 5,5%,Apps,Exchange Online,Yes,No,Contoso Startup,exo_individualsharing,"Cloud-native team with decent defaults, thin process, and uneven device coverage."
10,Ensure mailbox auditing for all users is Enabled,Planned,2.29 / 3,3%,Apps,Exchange Online,Yes,No,Contoso Startup,exo_mailboxaudit,"Cloud-native team with decent defaults, thin process, and uneven device coverage."
10,Ensure MailTips are enabled for end users,Planned,1.69 / 3,3%,Apps,Exchange Online,Yes,No,Contoso Startup,exo_mailtipsenabled,"Cloud-native team with decent defaults, thin process, and uneven device coverage."
10,Ensure modern authentication for Exchange Online is enabled,Planned,1.68 / 3,3%,Identity,Exchange Online,Yes,No,Contoso Startup,exo_oauth2clientprofileenabled,"Cloud-native team with decent defaults, thin process, and uneven device coverage."
10,Ensure users installing Outlook add-ins is not allowed,Completed,2.51 / 3,3%,Apps,Exchange Online,Yes,No,Contoso Startup,exo_outlookaddins,"Cloud-native team with decent defaults, thin process, and uneven device coverage."
10,Ensure that SPF records are published for all Exchange Domains,Planned,3.86 / 5,5%,Apps,Exchange Online,Yes,No,Contoso Startup,exo_SPF_records_for_all_domains,"Cloud-native team with decent defaults, thin process, and uneven device coverage."
10,Ensure additional storage providers are restricted in Outlook on the web,Completed,4.72 / 5,5%,Apps,Exchange Online,Yes,No,Contoso Startup,exo_storageproviderrestricted,"Cloud-native team with decent defaults, thin process, and uneven device coverage."
128,Ensure Spam confidence level (SCL) is configured in mail transport rules with specific domains,Completed,2.65 / 3,3%,Apps,Exchange Online,Yes,No,Contoso Startup,exo_transportrulesallowlistdomains,"Cloud-native team with decent defaults, thin process, and uneven device coverage."
10,Ensure internal phishing protection for Forms is enabled,Completed,5.08 / 6,6%,Apps,FORMS,Yes,No,Contoso Startup,forms_phishing_protection,"Cloud-native team with decent defaults, thin process, and uneven device coverage."
35,Ensure user consent to apps accessing company data on their behalf is not allowed,To address,0.72 / 4,4%,Identity,Microsoft Entra ID,Yes,No,Contoso Startup,IntegratedApps,"Cloud-native team with decent defaults, thin process, and uneven device coverage."
10,Ensure Microsoft Defender for Cloud Apps is enabled and configured,Planned,3.26 / 5,5%,Apps,Microsoft Defender,Yes,Yes,Contoso Startup,mcas_mda_enabled,"Cloud-native team with decent defaults, thin process, and uneven device coverage."
82,Deploy a log collector to discover shadow IT activity,Completed,0.86 / 1,1%,Apps,MCAS,Yes,No,Contoso Startup,McasFirewallLogUpload,"Cloud-native team with decent defaults, thin process, and uneven device coverage."
10,Enable multi-factor authentication (MFA),Planned,4.81 / 7,7%,Identity,Microsoft Entra ID,Yes,No,Contoso Startup,MDA_Atlassian_EnableTwoFactorAuth,"Cloud-native team with decent defaults, thin process, and uneven device coverage."
10,Enable Single Sing On (SSO),Planned,4.53 / 7,7%,Identity,Microsoft Entra ID,Yes,Yes,Contoso Startup,MDA_Atlassian_ForceSSO,"Cloud-native team with decent defaults, thin process, and uneven device coverage."
10,Enable session timeout for web users,Completed,5.55 / 6,6%,Identity,Microsoft Entra ID,Yes,No,Contoso Startup,MDA_Atlassian_InactiveTimeoutMins,"Cloud-native team with decent defaults, thin process, and uneven device coverage."
10,Atlassian mobile app security - App access requirement,Completed,5.82 / 6,6%,Identity,Microsoft Entra ID,Yes,No,Contoso Startup,MDA_Atlassian_mobile_access,"Cloud-native team with decent defaults, thin process, and uneven device coverage."
10,Atlassian mobile app security - App data protection,To address,1.72 / 6,6%,Apps,MDA_Atlassian,Yes,No,Contoso Startup,MDA_Atlassian_mobile_dataprotection,"Cloud-native team with decent defaults, thin process, and uneven device coverage."
10,Atlassian mobile app security - Users that are affected by policies,Planned,2.4 / 3,3%,Identity,Microsoft Entra ID,Yes,No,Contoso Startup,MDA_Atlassian_mobile_UsersAffected,"Cloud-native team with decent defaults, thin process, and uneven device coverage."
10,Enable Password expiration policies,Completed,6 / 6,6%,Identity,Microsoft Entra ID,Yes,No,Contoso Startup,MDA_Atlassian_passwordExpiry,"Cloud-native team with decent defaults, thin process, and uneven device coverage."
10,Enable multi-factor authentication (MFA),To address,0.32 / 7,7%,Identity,Microsoft Entra ID,Yes,No,Contoso Startup,MDA_CitrixSF_EnableTwoFactorAuth,"Cloud-native team with decent defaults, thin process, and uneven device coverage."
10,Enable Single Sign on (SSO),Planned,4.82 / 7,7%,Identity,Microsoft Entra ID,Yes,No,Contoso Startup,MDA_CitrixSF_ForceSSO,"Cloud-native team with decent defaults, thin process, and uneven device coverage."
10,Enable session timeout for web users,Planned,3.69 / 6,6%,Identity,Microsoft Entra ID,Yes,No,Contoso Startup,MDA_CitrixSF_InactiveTimeoutMins,"Cloud-native team with decent defaults, thin process, and uneven device coverage."
10,Enhance 'login maximum attempts' - Lockout timer,Planned,4.36 / 6,6%,Identity,Microsoft Entra ID,Yes,No,Contoso Startup,MDA_CitrixSF_LoginFailLockoutSecs,"Cloud-native team with decent defaults, thin process, and uneven device coverage."
10,Enhance 'login maximum attempts' - Number of attempts,Planned,4.49 / 6,6%,Identity,Microsoft Entra ID,Yes,No,Contoso Startup,MDA_CitrixSF_LoginFailMaxAttempts,"Cloud-native team with decent defaults, thin process, and uneven device coverage."
10,Enable password minimum length,Completed,4 / 4,4%,Identity,Microsoft Entra ID,Yes,No,Contoso Startup,MDA_CitrixSF_MinimumLength,"Cloud-native team with decent defaults, thin process, and uneven device coverage."
10,Enable password minimum numeric characters,Completed,3.46 / 4,4%,Identity,Microsoft Entra ID,Yes,No,Contoso Startup,MDA_CitrixSF_MinimumNumeric,"Cloud-native team with decent defaults, thin process, and uneven device coverage."
10,Enable password minimum special characters,Completed,3.62 / 4,4%,Identity,Microsoft Entra ID,Yes,No,Contoso Startup,MDA_CitrixSF_MinimumSpecialCharacters,"Cloud-native team with decent defaults, thin process, and uneven device coverage."
10,Enable password expiration policies,Planned,2.67 / 4,4%,Identity,Microsoft Entra ID,Yes,No,Contoso Startup,MDA_CitrixSF_PasswordMaxAgeDays,"Cloud-native team with decent defaults, thin process, and uneven device coverage."
10,Enhance password requirements,Planned,2.42 / 4,4%,Identity,Microsoft Entra ID,Yes,No,Contoso Startup,MDA_DocuSign_EnhancedPassword,"Cloud-native team with decent defaults, thin process, and uneven device coverage."
10,Password expiry requirements,Completed,3.56 / 4,4%,Identity,Microsoft Entra ID,Yes,No,Contoso Startup,MDA_DocuSign_PasswordExpires,"Cloud-native team with decent defaults, thin process, and uneven device coverage."
10,Enable session timeout for web users,Planned,4.16 / 6,6%,Identity,Microsoft Entra ID,Yes,No,Contoso Startup,MDA_DocuSign_SessionTimeout,"Cloud-native team with decent defaults, thin process, and uneven device coverage."
10,Enable web session timeout for web users,Planned,4.58 / 6,6%,Identity,Microsoft Entra ID,Yes,No,Contoso Startup,MDA_Dropbox_InactiveTimeoutMins,"Cloud-native team with decent defaults, thin process, and uneven device coverage."
10,Disable 'Allow members to view dependency insights',Completed,4 / 4,4%,Identity,Microsoft Entra ID,No,No,Contoso Startup,MDA_GitHub_DependencyInsights,"Cloud-native team with decent defaults, thin process, and uneven device coverage."
10,Enabled 'email notification delivery for this enterprise is restricted to verified or approved domains',To address,0.81 / 3,3%,Apps,Exchange Online,Yes,No,Contoso Startup,MDA_GitHub_EmailNotificationRestrictedToVerifiedOrApprovedDomains,"Cloud-native team with decent defaults, thin process, and uneven device coverage."
10,Enforce IP allow list configuration for org resources,Planned,2.93 / 4,4%,Identity,Microsoft Entra ID,Yes,No,Contoso Startup,MDA_GitHub_IPallowListConfigurationForOrgResources,"Cloud-native team with decent defaults, thin process, and uneven device coverage."
10,Disable 'Allow repository administrators to invite outside collaborators to repositories for this organization,Planned,3.14 / 4,4%,Identity,Microsoft Entra ID,Yes,No,Contoso Startup,MDA_GitHub_OutsideCollabInvitation,"Cloud-native team with decent defaults, thin process, and uneven device coverage."
10,Disable private repository forking,Planned,4.14 / 7,7%,Apps,MDA_GitHub,Yes,No,Contoso Startup,MDA_GitHub_PrivateRepositoryForkingSetting,"Cloud-native team with decent defaults, thin process, and uneven device coverage."
10,"Disable 'Members will be able to create public repositories, visible to anyone'",Planned,2.57 / 4,4%,Identity,Microsoft Entra ID,Yes,Yes,Contoso Startup,MDA_GitHub_PublicRepoCreation,"Cloud-native team with decent defaults, thin process, and uneven device coverage."
10,Disable 'members with admin permissions for repositories can delete or transfer repositories',Planned,4.61 / 6,6%,Identity,Microsoft Entra ID,Yes,No,Contoso Startup,MDA_GitHub_RepoTransferOrDeletion,"Cloud-native team with decent defaults, thin process, and uneven device coverage."
10,Disable 'Allow members to change repository visibilities for this organization',Completed,5.71 / 6,6%,Apps,MDA_GitHub,Yes,No,Contoso Startup,MDA_GitHub_RepoVisibility_change,"Cloud-native team with decent defaults, thin process, and uneven device coverage."
10,Enable single sign on (SSO),Completed,2.49 / 3,3%,Identity,Microsoft Entra ID,Yes,No,Contoso Startup,MDA_GitHub_SAML,"Cloud-native team with decent defaults, thin process, and uneven device coverage."
10,Enable multi-factor authentication (MFA),Completed,7 / 7,7%,Identity,Microsoft Entra ID,Yes,No,Contoso Startup,MDA_Google_EnableTwoFactorAuth,"Cloud-native team with decent defaults, thin process, and uneven device coverage."
10,Adopt SSO (Single sign on) in netDocuments,Completed,6.73 / 7,7%,Identity,Microsoft Entra ID,Yes,No,Contoso Startup,MDA_NetDocuments_SSO,"Cloud-native team with decent defaults, thin process, and uneven device coverage."
10,Enhance password requirements,To address,0.97 / 4,4%,Identity,Microsoft Entra ID,Yes,No,Contoso Startup,MDA_Okta_EnhancedPassword,"Cloud-native team with decent defaults, thin process, and uneven device coverage."
10,Enable multi-factor authentication,Completed,6.42 / 7,7%,Identity,Microsoft Entra ID,Yes,No,Contoso Startup,MDA_Okta_MFA,"Cloud-native team with decent defaults, thin process, and uneven device coverage."
10,Password expiry requirements,Planned,3.2 / 4,4%,Identity,Microsoft Entra ID,Yes,No,Contoso Startup,MDA_Okta_PasswordExpires,"Cloud-native team with decent defaults, thin process, and uneven device coverage."
10,Enable session timeout for web users,Planned,3.56 / 6,6%,Identity,Microsoft Entra ID,Yes,No,Contoso Startup,MDA_Okta_SessionTimeout,"Cloud-native team with decent defaults, thin process, and uneven device coverage."
10,Remote Site,Planned,2.85 / 5,5%,Apps,MDA_SF,Yes,No,Contoso Startup,MDA_SF_disableProtocolSecurity,"Cloud-native team with decent defaults, thin process, and uneven device coverage."
10,Disable Administrators Can Log In As Any User,To address,0.32 / 3,3%,Identity,Microsoft Entra ID,No,No,Contoso Startup,MDA_SF_enableAdminLoginAsAnyUser,"Cloud-native team with decent defaults, thin process, and uneven device coverage."
10,Disable Caching and Autocomplete on Login Page via Session settings,Planned,3.05 / 4,4%,Identity,Microsoft Entra ID,No,No,Contoso Startup,MDA_SF_enableCacheAndAutocomplete,"Cloud-native team with decent defaults, thin process, and uneven device coverage."
10,Enable clickjack protection for non-Setup for Salesforce pages,Completed,2.76 / 3,3%,Apps,MDA_SF,Yes,No,Contoso Startup,MDA_SF_enableClickjackNonsetupSFDC,"Cloud-native team with decent defaults, thin process, and uneven device coverage."
10,Enable clickjack protection for customer VisualForce pages with standard headers,Planned,2.29 / 3,3%,Apps,MDA_SF,Yes,No,Contoso Startup,MDA_SF_enableClickjackNonsetupUser,"Cloud-native team with decent defaults, thin process, and uneven device coverage."
10,Enable clickjack protection for customer VisualForce pages with headers disabled,Completed,2.52 / 3,3%,Apps,MDA_SF,Yes,No,Contoso Startup,MDA_SF_enableClickjackNonsetupUserHeaderless,"Cloud-native team with decent defaults, thin process, and uneven device coverage."
10,Enable clickjack protection for Setup pages,Planned,2.44 / 3,3%,Apps,MDA_SF,Yes,No,Contoso Startup,MDA_SF_enableClickjackSetup,"Cloud-native team with decent defaults, thin process, and uneven device coverage."
10,Enable Content Sniffing protection,Planned,2.06 / 3,3%,Apps,MDA_SF,Yes,No,Contoso Startup,MDA_SF_enableContentSniffingProtection,"Cloud-native team with decent defaults, thin process, and uneven device coverage."
10,Enable Content Security Policy protection for email templates,Planned,1.88 / 3,3%,Apps,Exchange Online,Yes,No,Contoso Startup,MDA_SF_enableCSPOnEmail,"Cloud-native team with decent defaults, thin process, and uneven device coverage."
10,Enable CSRF protection on GET requests on non-setup pages,Planned,1.88 / 3,3%,Apps,MDA_SF,Yes,No,Contoso Startup,MDA_SF_enableCSRFOnGet,"Cloud-native team with decent defaults, thin process, and uneven device coverage."
10,Enable CSRF protection on POST requests on non-setup pages,Planned,2.13 / 3,3%,Apps,MDA_SF,Yes,No,Contoso Startup,MDA_SF_enableCSRFOnPost,"Cloud-native team with decent defaults, thin process, and uneven device coverage."
33,Require identity verification during multi-factor authentication (MFA) registration,Planned,5.15 / 7,7%,Identity,Microsoft Entra ID,Yes,No,Contoso Startup,MDA_SF_enableMultipleSamlConfigs,"Cloud-native team with decent defaults, thin process, and uneven device coverage."
10,Let users verify their identity by text (SMS),Planned,5.28 / 7,7%,Identity,Microsoft Entra ID,Yes,No,Contoso Startup,MDA_SF_enableSMSIdentity,"Cloud-native team with decent defaults, thin process, and uneven device coverage."
10,Enforce login IP ranges on every request,To address,1.21 / 5,5%,Identity,Microsoft Entra ID,Yes,No,Contoso Startup,MDA_SF_enforceIpRangesEveryRequest,"Cloud-native team with decent defaults, thin process, and uneven device coverage."
10,Force logout on session timeout,Completed,6 / 7,7%,Identity,Microsoft Entra ID,Yes,No,Contoso Startup,MDA_SF_forceLogoutOnSessionTimeout,"Cloud-native team with decent defaults, thin process, and uneven device coverage."
10,Force (admin) relogin after Login-As-User,Planned,2.18 / 3,3%,Identity,Microsoft Entra ID,Yes,No,Contoso Startup,MDA_SF_forceRelogin,"Cloud-native team with decent defaults, thin process, and uneven device coverage."
10,Require identity verification for change of email address,Planned,4.05 / 5,5%,Identity,Exchange Online,Yes,No,Contoso Startup,MDA_SF_identityConfirmationOnEmailChange,"Cloud-native team with decent defaults, thin process, and uneven device coverage."
10,Lock sessions to the domain in which they were first used,Planned,3.82 / 7,7%,Identity,Microsoft Entra ID,Yes,No,Contoso Startup,MDA_SF_lockSessionsToDomain,"Cloud-native team with decent defaults, thin process, and uneven device coverage."
10,Maximum invalid login attempts,Planned,3.82 / 5,5%,Identity,Microsoft Entra ID,Yes,No,Contoso Startup,MDA_SF_maxLoginAttempts,"Cloud-native team with decent defaults, thin process, and uneven device coverage."
10,Require a minimum 1 day password lifetime,Planned,3.03 / 5,5%,Identity,Microsoft Entra ID,Yes,No,Contoso Startup,MDA_SF_minimumPasswordLifetime,"Cloud-native team with decent defaults, thin process, and uneven device coverage."
10,Password complexity requirement,Completed,3.31 / 4,4%,Identity,Microsoft Entra ID,Yes,No,Contoso Startup,MDA_SF_password_complexity,"Cloud-native team with decent defaults, thin process, and uneven device coverage."
10,User passwords expire in 90 days or less,To address,0.72 / 5,5%,Identity,Microsoft Entra ID,Yes,No,Contoso Startup,MDA_SF_password_expiration,"Cloud-native team with decent defaults, thin process, and uneven device coverage."
10,Enforce password history,Planned,3.27 / 4,4%,Identity,Microsoft Entra ID,Yes,No,Contoso Startup,MDA_SF_password_historyRestriction,"Cloud-native team with decent defaults, thin process, and uneven device coverage."
10,Lockout effective period,Completed,6.08 / 7,7%,Identity,Microsoft Entra ID,Yes,No,Contoso Startup,MDA_SF_password_lockoutInterval,"Cloud-native team with decent defaults, thin process, and uneven device coverage."
10,Minimum password length,Planned,2.79 / 4,4%,Identity,Microsoft Entra ID,No,No,Contoso Startup,MDA_SF_password_minimumPasswordLength,"Cloud-native team with decent defaults, thin process, and uneven device coverage."
10,Obscure secret answer for password resets,Planned,1.82 / 3,3%,Identity,Microsoft Entra ID,Yes,No,Contoso Startup,MDA_SF_password_obscureSecretAnswer,"Cloud-native team with decent defaults, thin process, and uneven device coverage."
10,Password question requirement,To address,0.61 / 3,3%,Identity,Microsoft Entra ID,Yes,No,Contoso Startup,MDA_SF_password_questionRestriction,"Cloud-native team with decent defaults, thin process, and uneven device coverage."
10,Session timeout,Planned,5.16 / 7,7%,Identity,Microsoft Entra ID,Yes,No,Contoso Startup,MDA_SF_password_sessionTimeout,"Cloud-native team with decent defaults, thin process, and uneven device coverage."
10,Require HttpOnly attribute,Completed,2.66 / 3,3%,Apps,MDA_SF,Yes,No,Contoso Startup,MDA_SF_requireHttpOnly,"Cloud-native team with decent defaults, thin process, and uneven device coverage."
10,Enable multi-factor authentication,Planned,4.55 / 6,6%,Identity,Microsoft Entra ID,Yes,No,Contoso Startup,MDA_SNOW_authenticateMultifactor,"Cloud-native team with decent defaults, thin process, and uneven device coverage."
10,Enable enforcing JSONv2 requests with basic authorization,Completed,4.92 / 5,5%,Identity,Microsoft Entra ID,Yes,No,Contoso Startup,MDA_SNOW_authRequiredJson2,"Cloud-native team with decent defaults, thin process, and uneven device coverage."
10,Enable enforcing SOAP requests with basic authorization,Completed,4.84 / 5,5%,Identity,Microsoft Entra ID,Yes,No,Contoso Startup,MDA_SNOW_authRequiredSOAP,"Cloud-native team with decent defaults, thin process, and uneven device coverage."
10,Enable unload request authorization,Planned,4.23 / 6,6%,Identity,Microsoft Entra ID,Yes,No,Contoso Startup,MDA_SNOW_authRequiredUnl,"Cloud-native team with decent defaults, thin process, and uneven device coverage."
10,Enable script request authorization,Completed,3.35 / 4,4%,Identity,Microsoft Entra ID,Yes,No,Contoso Startup,MDA_SNOW_cauthRequiredScriptedProcessor,"Cloud-native team with decent defaults, thin process, and uneven device coverage."
10,Enable URL allow list for cross-origin iframe communication,Planned,4.12 / 6,6%,Apps,MDA_SNOW,Yes,No,Contoso Startup,MDA_SNOW_concourseOnmessageEnforceSameOrigin,"Cloud-native team with decent defaults, thin process, and uneven device coverage."
10,Enable Password Reset Policy Checks,Planned,2.19 / 4,4%,Identity,Microsoft Entra ID,Yes,No,Contoso Startup,MDA_SNOW_enablePasswordPolicy,"Cloud-native team with decent defaults, thin process, and uneven device coverage."
10,Enable high security plugin,Planned,4.53 / 7,7%,Apps,MDA_SNOW,Yes,No,Contoso Startup,MDA_SNOW_highSecurity,"Cloud-native team with decent defaults, thin process, and uneven device coverage."
10,Set default cache-control HTTP header value to private,Completed,5.1 / 6,6%,Apps,MDA_SNOW,Yes,No,Contoso Startup,MDA_SNOW_httpCacheControl,"Cloud-native team with decent defaults, thin process, and uneven device coverage."
10,Disable password-less authentication,Completed,4.96 / 6,6%,Identity,Microsoft Entra ID,Yes,No,Contoso Startup,MDA_SNOW_loginNoBlankPassword,"Cloud-native team with decent defaults, thin process, and uneven device coverage."
10,Enable Contextual Security: Role Management plugin,Completed,5.39 / 6,6%,Identity,Microsoft Entra ID,Yes,No,Contoso Startup,MDA_SNOW_roleManagement,"Cloud-native team with decent defaults, thin process, and uneven device coverage."
10,Set client-callable script includes to private,Completed,3.4 / 4,4%,Apps,MDA_SNOW,No,No,Contoso Startup,MDA_SNOW_scriptCcsiIsPublic,"Cloud-native team with decent defaults, thin process, and uneven device coverage."
10,Apply access control rule (ACL) validation when server-side records are accessed using GlideAjax APIs within a client script,Planned,2.89 / 4,4%,Apps,MDA_SNOW,No,No,Contoso Startup,MDA_SNOW_scriptSecureAjaxgliderecord,"Cloud-native team with decent defaults, thin process, and uneven device coverage."
10,Enable client generated scripts sandbox,Planned,4.41 / 6,6%,Apps,MDA_SNOW,No,No,Contoso Startup,MDA_SNOW_scriptUseSandbox,"Cloud-native team with decent defaults, thin process, and uneven device coverage."
10,Enable default deny with new ACL rules,Planned,3.76 / 5,5%,Apps,MDA_SNOW,Yes,No,Contoso Startup,MDA_SNOW_smDefaultMode,"Cloud-native team with decent defaults, thin process, and uneven device coverage."
10,Enable managing failed login attempts,Planned,2.44 / 4,4%,Identity,Microsoft Entra ID,Yes,No,Contoso Startup,MDA_SNOW_sncUserLockoutCheck,"Cloud-native team with decent defaults, thin process, and uneven device coverage."
10,Enable SOAP content type checking,Planned,3.94 / 6,6%,Apps,MDA_SNOW,Yes,No,Contoso Startup,MDA_SNOW_soapRequireContentTypeXml,"Cloud-native team with decent defaults, thin process, and uneven device coverage."
10,Enable SOAP request strict security,Planned,4.68 / 6,6%,Apps,MDA_SNOW,Yes,No,Contoso Startup,MDA_SNOW_soapStrictSecurity,"Cloud-native team with decent defaults, thin process, and uneven device coverage."
10,Activate security jump start (ACL rules) plugin,Completed,3.58 / 4,4%,Identity,Microsoft Entra ID,Yes,No,Contoso Startup,MDA_SNOW_systemSecurity,"Cloud-native team with decent defaults, thin process, and uneven device coverage."
10,Enable session activity timeout,To address,0.19 / 4,4%,Identity,Microsoft Entra ID,Yes,No,Contoso Startup,MDA_SNOW_uiSessionTimeout,"Cloud-native team with decent defaults, thin process, and uneven device coverage."
10,Enable anti-CSRF token,Planned,4.9 / 6,6%,Identity,Microsoft Entra ID,Yes,No,Contoso Startup,MDA_SNOW_useCsrfToken,"Cloud-native team with decent defaults, thin process, and uneven device coverage."
10,Enable absolute session timeout,Planned,2.74 / 4,4%,Identity,Microsoft Entra ID,Yes,No,Contoso Startup,MDA_SNOW_userCookieMaxLifeSpanInDays,"Cloud-native team with decent defaults, thin process, and uneven device coverage."
10,Adopt SSO (Single sign on) in Workplace by Meta,Completed,6.07 / 7,7%,Identity,Microsoft Entra ID,Yes,No,Contoso Startup,MDA_Workplace_SSO,"Cloud-native team with decent defaults, thin process, and uneven device coverage."
10,Block admins to set passwords,Planned,2.09 / 3,3%,Identity,Microsoft Entra ID,Yes,No,Contoso Startup,MDA_Zendesk_AdminPassChange,"Cloud-native team with decent defaults, thin process, and uneven device coverage."
10,Block account assumption,Planned,3.01 / 4,4%,Identity,Microsoft Entra ID,Yes,Yes,Contoso Startup,MDA_Zendesk_BlockAccountAssumption,"Cloud-native team with decent defaults, thin process, and uneven device coverage."
10,Block customers to bypass IP restrictions,Planned,2.4 / 3,3%,Identity,Microsoft Entra ID,Yes,No,Contoso Startup,MDA_Zendesk_bypassIPrestrictions,"Cloud-native team with decent defaults, thin process, and uneven device coverage."
10,"Send a notification on password change for admins, agents, and end users",Planned,2.45 / 3,3%,Identity,Microsoft Entra ID,No,No,Contoso Startup,MDA_Zendesk_EmailNotificationsforPassChange,"Cloud-native team with decent defaults, thin process, and uneven device coverage."
10,Admins and agents can use the Zendesk Support mobile app,Completed,2.73 / 3,3%,Apps,MDA_Zendesk,Yes,No,Contoso Startup,MDA_Zendesk_enableapp,"Cloud-native team with decent defaults, thin process, and uneven device coverage."
10,Enable IP restrictions,Completed,2.84 / 3,3%,Identity,Microsoft Entra ID,Yes,No,Contoso Startup,MDA_Zendesk_IPrestrictions,"Cloud-native team with decent defaults, thin process, and uneven device coverage."
10,Enable and adopt two-factor authentication (2FA),Planned,5.52 / 7,7%,Identity,Microsoft Entra ID,Yes,No,Contoso Startup,MDA_Zendesk_MFA,"Cloud-native team with decent defaults, thin process, and uneven device coverage."
10,Enable session timeout for users,Planned,4.53 / 6,6%,Identity,Microsoft Entra ID,Yes,No,Contoso Startup,MDA_Zendesk_sessionexpiry,"Cloud-native team with decent defaults, thin process, and uneven device coverage."
10,Enable external Authentication (google or microsoft or SSO),Planned,5.15 / 7,7%,Identity,Microsoft Entra ID,Yes,Yes,Contoso Startup,MDA_Zendesk_SSO,"Cloud-native team with decent defaults, thin process, and uneven device coverage."
10,Enable Zendesk authentication,Planned,3.77 / 7,7%,Identity,Microsoft Entra ID,No,No,Contoso Startup,MDA_Zendesk_ZanAuth,"Cloud-native team with decent defaults, thin process, and uneven device coverage."
10,Block users in specific domains from joining meetings and webinars,Planned,1.92 / 3,3%,Apps,MDA_Zoom,Yes,No,Contoso Startup,MDA_Zoom_BlockDomains,"Cloud-native team with decent defaults, thin process, and uneven device coverage."
10,Enforce end to end encryption in all Zoom meetings,Planned,1.79 / 3,3%,Apps,MDA_Zoom,Yes,No,Contoso Startup,MDA_Zoom_MeetingE2eEncryption,"Cloud-native team with decent defaults, thin process, and uneven device coverage."
10,Enable multi-factor authentication,To address,2 / 7,7%,Apps,MDA_Zoom,Yes,No,Contoso Startup,MDA_Zoom_MFA,"Cloud-native team with decent defaults, thin process, and uneven device coverage."
10,Enhance password requirements,To address,1.15 / 4,4%,Apps,MDA_Zoom,Yes,No,Contoso Startup,MDA_Zoom_PasswordReq,"Cloud-native team with decent defaults, thin process, and uneven device coverage."
10,Enable session timeout for client users,Completed,5.17 / 6,6%,Apps,MDA_Zoom,Yes,No,Contoso Startup,MDA_Zoom_SessionTimeoutClient,"Cloud-native team with decent defaults, thin process, and uneven device coverage."
10,Enable session timeout for web users,To address,0.21 / 6,6%,Apps,MDA_Zoom,Yes,Yes,Contoso Startup,MDA_Zoom_SessionTimeoutWeb,"Cloud-native team with decent defaults, thin process, and uneven device coverage."
128,Ensure that no sender domains are allowed for anti-spam policies,Planned,1.57 / 2,2%,Apps,MDO,Yes,No,Contoso Startup,mdo_allowedsenderscombined,"Cloud-native team with decent defaults, thin process, and uneven device coverage."
10,Ensure that an anti-phishing policy has been created,Planned,1.81 / 3,3%,Apps,MDO,Yes,No,Contoso Startup,mdo_antiphishingpolicies,"Cloud-native team with decent defaults, thin process, and uneven device coverage."
128,"Turn on Microsoft Defender for Office 365 in SharePoint, OneDrive, and Microsoft Teams",Planned,3.59 / 5,5%,Apps,Microsoft Teams,Yes,No,Contoso Startup,mdo_atpprotection,"Cloud-native team with decent defaults, thin process, and uneven device coverage."
128,Set automatic email forwarding rules to be system controlled,Planned,0.71 / 1,1%,Apps,Exchange Online,Yes,No,Contoso Startup,mdo_autoforwardingmode,"Cloud-native team with decent defaults, thin process, and uneven device coverage."
10,Ensure all forms of mail forwarding are blocked and/or disabled,Planned,3.68 / 5,5%,Apps,Exchange Online,Yes,No,Contoso Startup,mdo_blockmailforward,"Cloud-native team with decent defaults, thin process, and uneven device coverage."
128,Set action to take on bulk spam detection,Planned,2.28 / 3,3%,Apps,MDO,Yes,No,Contoso Startup,mdo_bulkspamaction,"Cloud-native team with decent defaults, thin process, and uneven device coverage."
128,Set the email bulk complaint level (BCL) threshold to be 6 or lower,Completed,0.91 / 1,1%,Apps,Exchange Online,Yes,No,Contoso Startup,mdo_bulkthreshold,"Cloud-native team with decent defaults, thin process, and uneven device coverage."
128,Ensure the Common Attachment Types Filter is enabled,Planned,3.89 / 5,5%,Apps,MDO,Yes,No,Contoso Startup,mdo_commonattachmentsfilter,"Cloud-native team with decent defaults, thin process, and uneven device coverage."
128,Don't add allowed IP addresses in the connection filter policy,Completed,0.93 / 1,1%,Apps,MDO,Yes,No,Contoso Startup,mdo_connectionfilter,"Cloud-native team with decent defaults, thin process, and uneven device coverage."
128,Enable impersonated domain protection,Planned,5.27 / 8,8%,Apps,MDO,Yes,No,Contoso Startup,mdo_enabledomainstoprotect,"Cloud-native team with decent defaults, thin process, and uneven device coverage."
128,Ensure that mailbox intelligence is enabled,Planned,6.19 / 8,8%,Apps,Exchange Online,Yes,Yes,Contoso Startup,mdo_enablemailboxintelligence,"Cloud-native team with decent defaults, thin process, and uneven device coverage."
128,Set action to take on high confidence phishing detection,Planned,2.88 / 5,5%,Apps,MDO,Yes,No,Contoso Startup,mdo_highconfidencephishaction,"Cloud-native team with decent defaults, thin process, and uneven device coverage."
128,Set action to take on high confidence spam detection,To address,0.26 / 5,5%,Apps,MDO,Yes,No,Contoso Startup,mdo_highconfidencespamaction,"Cloud-native team with decent defaults, thin process, and uneven device coverage."
128,Ensure that intelligence for impersonation protection is enabled,Completed,6.7 / 8,8%,Apps,MDO,Yes,No,Contoso Startup,mdo_mailboxintelligenceprotection,"Cloud-native team with decent defaults, thin process, and uneven device coverage."
128,Move messages that are detected as impersonated users by mailbox intelligence,Completed,6.99 / 8,8%,Apps,Exchange Online,Yes,No,Contoso Startup,mdo_mailboxintelligenceprotectionaction,"Cloud-native team with decent defaults, thin process, and uneven device coverage."
128,Set the phishing email level threshold at 2 or higher,Completed,6.65 / 8,8%,Apps,Exchange Online,Yes,No,Contoso Startup,mdo_phishthresholdlevel,"Cloud-native team with decent defaults, thin process, and uneven device coverage."
128,Set action to take on phishing detection,Completed,5 / 5,5%,Apps,MDO,Yes,No,Contoso Startup,mdo_phisspamacation,"Cloud-native team with decent defaults, thin process, and uneven device coverage."
128,Retain spam in quarantine for 30 days,Planned,0.7 / 1,1%,Apps,MDO,Yes,No,Contoso Startup,mdo_quarantineretentionperiod,"Cloud-native team with decent defaults, thin process, and uneven device coverage."
128,Set maximum number of external recipients that a user can email per hour,Completed,1 / 1,1%,Apps,Exchange Online,Yes,No,Contoso Startup,mdo_recipientexternallimitperhour,"Cloud-native team with decent defaults, thin process, and uneven device coverage."
128,Set maximum number of internal recipients that a user can send to within an hour,Planned,0.77 / 1,1%,Apps,MDO,Yes,No,Contoso Startup,mdo_recipientinternallimitperhour,"Cloud-native team with decent defaults, thin process, and uneven device coverage."
128,Set a daily message limit,Planned,0.72 / 1,1%,Apps,MDO,Yes,No,Contoso Startup,mdo_recipientlimitperday,"Cloud-native team with decent defaults, thin process, and uneven device coverage."
10,Ensure Safe Attachments policy is enabled,To address,0.08 / 5,5%,Apps,MDO,Yes,No,Contoso Startup,mdo_safeattachmentpolicy,"Cloud-native team with decent defaults, thin process, and uneven device coverage."
128,Turn on Safe Attachments in block mode,Planned,5.05 / 8,8%,Apps,MDO,Yes,No,Contoso Startup,mdo_safeattachments,"Cloud-native team with decent defaults, thin process, and uneven device coverage."
128,Turn on Safe Documents for Office Clients,Completed,4.54 / 5,5%,Apps,MDO,Yes,No,Contoso Startup,mdo_safedocuments,"Cloud-native team with decent defaults, thin process, and uneven device coverage."
128,Create Safe Links policies for email messages,Completed,8.45 / 9,9%,Apps,Exchange Online,Yes,No,Contoso Startup,mdo_safelinksforemail,"Cloud-native team with decent defaults, thin process, and uneven device coverage."
10,Ensure Safe Links for Office Applications is Enabled,Completed,2.77 / 3,3%,Apps,MDO,Yes,No,Contoso Startup,mdo_safelinksforOfficeApps,"Cloud-native team with decent defaults, thin process, and uneven device coverage."
128,Enable the domain impersonation safety tip,Completed,2.63 / 3,3%,Apps,MDO,Yes,No,Contoso Startup,mdo_similardomainssafetytips,"Cloud-native team with decent defaults, thin process, and uneven device coverage."
128,Enable the user impersonation safety tip,Planned,2.01 / 3,3%,Apps,MDO,Yes,Yes,Contoso Startup,mdo_similaruserssafetytips,"Cloud-native team with decent defaults, thin process, and uneven device coverage."
10,Ensure Exchange Online Spam Policies are set to notify administrators,Planned,2.43 / 3,3%,Apps,Exchange Online,Yes,No,Contoso Startup,mdo_spam_notifications_only_for_admins,"Cloud-native team with decent defaults, thin process, and uneven device coverage."
128,Set action to take on spam detection,Planned,3.72 / 5,5%,Apps,MDO,Yes,No,Contoso Startup,mdo_spamaction,"Cloud-native team with decent defaults, thin process, and uneven device coverage."
128,Quarantine messages that are detected from impersonated domains,Planned,4.48 / 6,6%,Apps,MDO,Yes,No,Contoso Startup,mdo_targeteddomainprotectionaction,"Cloud-native team with decent defaults, thin process, and uneven device coverage."
128,Quarantine messages that are detected from impersonated users,To address,1.78 / 6,6%,Apps,MDO,Yes,No,Contoso Startup,mdo_targeteduserprotectionaction,"Cloud-native team with decent defaults, thin process, and uneven device coverage."
128,Enable impersonated user protection,To address,0.96 / 8,8%,Apps,MDO,Yes,No,Contoso Startup,mdo_targetedusersprotection,"Cloud-native team with decent defaults, thin process, and uneven device coverage."
128,Block users who reached the message limit,Completed,1 / 1,1%,Apps,MDO,Yes,No,Contoso Startup,mdo_thresholdreachedaction,"Cloud-native team with decent defaults, thin process, and uneven device coverage."
128,Enable the user impersonation unusual characters safety tip,Completed,2.97 / 3,3%,Apps,MDO,Yes,No,Contoso Startup,mdo_unusualcharacterssafetytips,"Cloud-native team with decent defaults, thin process, and uneven device coverage."
128,Create zero-hour auto purge policies for malware,Completed,5.25 / 6,6%,Apps,MDO,Yes,No,Contoso Startup,mdo_zapmalware,"Cloud-native team with decent defaults, thin process, and uneven device coverage."
128,Create zero-hour auto purge policies for phishing messages,To address,0.32 / 3,3%,Apps,MDO,Yes,No,Contoso Startup,mdo_zapphish,"Cloud-native team with decent defaults, thin process, and uneven device coverage."
128,Create zero-hour auto purge policies for spam messages,Planned,0.6 / 1,1%,Apps,MDO,Yes,No,Contoso Startup,mdo_zapspam,"Cloud-native team with decent defaults, thin process, and uneven device coverage."
246,Restrict anonymous users from starting Teams meetings,Planned,0.62 / 1,1%,Apps,Microsoft Teams,Yes,No,Contoso Startup,meeting_anonymousstartmeeting_v1,"Cloud-native team with decent defaults, thin process, and uneven device coverage."
247,Only invited users should be automatically admitted to Teams meetings,To address,0.49 / 2,2%,Apps,Microsoft Teams,Yes,No,Contoso Startup,meeting_autoadmitusers_v1,"Cloud-native team with decent defaults, thin process, and uneven device coverage."
248,Configure which users are allowed to present in Teams meetings,Planned,1.41 / 2,2%,Apps,Microsoft Teams,Yes,No,Contoso Startup,meeting_designatedpresenter_v1,"Cloud-native team with decent defaults, thin process, and uneven device coverage."
249,Limit external participants from having control in a Teams meeting,Completed,0.96 / 1,1%,Apps,Microsoft Teams,Yes,No,Contoso Startup,meeting_externalrequestcontrol_v1,"Cloud-native team with decent defaults, thin process, and uneven device coverage."
250,Restrict dial-in users from bypassing a meeting lobby,Planned,0.8 / 1,1%,Apps,Microsoft Teams,Yes,No,Contoso Startup,meeting_pstnusersbypasslobby_v1,"Cloud-native team with decent defaults, thin process, and uneven device coverage."
251,Restrict anonymous users from joining meetings,Completed,0.91 / 1,1%,Apps,Microsoft Teams,Yes,No,Contoso Startup,meeting_restrictanonymousjoin_v1,"Cloud-native team with decent defaults, thin process, and uneven device coverage."
12,Ensure multifactor authentication is enabled for all users,Planned,6.4 / 9,9%,Identity,Microsoft Entra ID,Yes,Yes,Contoso Startup,MFARegistrationV2,"Cloud-native team with decent defaults, thin process, and uneven device coverage."
129,Ensure that Auto-labeling data classification policies are set up and used,Completed,0.91 / 1,1%,Data,MIP,Yes,No,Contoso Startup,mip_autosensitivitylabelspolicies,"Cloud-native team with decent defaults, thin process, and uneven device coverage."
10,Ensure DLP policies are enabled for Microsoft Teams,Planned,2.12 / 3,3%,Apps,Microsoft Teams,Yes,No,Contoso Startup,mip_DLP_policies_Teams,"Cloud-native team with decent defaults, thin process, and uneven device coverage."
10,Ensure Office 365 Management Activity API is Enabled for some workloads (see description),Planned,1.83 / 3,3%,Apps,MIP,Yes,No,Contoso Startup,mip_management_API_enabled_four_workloads,"Cloud-native team with decent defaults, thin process, and uneven device coverage."
129,Extend M365 sensitivity labeling to assets in Microsoft Purview data map,Planned,0.74 / 1,1%,Data,MIP,Yes,No,Contoso Startup,mip_purviewlabelconsent,"Cloud-native team with decent defaults, thin process, and uneven device coverage."
10,Ensure Microsoft 365 audit log search is Enabled,Completed,2.86 / 3,3%,Apps,MIP,Yes,No,Contoso Startup,mip_search_auditlog,"Cloud-native team with decent defaults, thin process, and uneven device coverage."
129,Publish M365 sensitivity label data classification policies,Completed,1.93 / 2,2%,Data,MIP,Yes,No,Contoso Startup,mip_sensitivitylabelspolicies,"Cloud-native team with decent defaults, thin process, and uneven device coverage."
27,Designate more than one global admin,Completed,0.9 / 1,1%,Identity,Microsoft Entra ID,Yes,No,Contoso Startup,OneAdmin,"Cloud-native team with decent defaults, thin process, and uneven device coverage."
9,Ensure that password hash sync is enabled for hybrid deployments,Completed,4.69 / 5,5%,Identity,Microsoft Entra ID,Yes,No,Contoso Startup,PasswordHashSync,"Cloud-native team with decent defaults, thin process, and uneven device coverage."
33,Ensure the 'Password expiration policy' is set to 'Set passwords to never expire (recommended)',Completed,6.66 / 8,8%,Identity,Microsoft Entra ID,Yes,No,Contoso Startup,PWAgePolicyNew,"Cloud-native team with decent defaults, thin process, and uneven device coverage."
50,Use least privileged administrative roles,Planned,0.79 / 1,1%,Identity,Microsoft Entra ID,Yes,No,Contoso Startup,RoleOverlap,"Cloud-native team with decent defaults, thin process, and uneven device coverage."
162,Disable JavaScript on Adobe Reader 2015,Planned,3.09 / 5,5%,Device,Microsoft Intune,Yes,No,Contoso Startup,scid_100,"Cloud-native team with decent defaults, thin process, and uneven device coverage."
163,Disable JavaScript on Adobe 2015,Planned,3.8 / 5,5%,Device,Microsoft Intune,Yes,No,Contoso Startup,scid_101,"Cloud-native team with decent defaults, thin process, and uneven device coverage."
208,Enable 'Local Security Authority (LSA) protection' on Windows 11 22h2 and higher,Planned,5.82 / 8,8%,Device,Microsoft Intune,Yes,Yes,Contoso Startup,scid_102,"Cloud-native team with decent defaults, thin process, and uneven device coverage."
209,Require LDAP client signing to prevent tampering and protect directory authentication,Planned,5.33 / 7,7%,Device,Microsoft Intune,Yes,No,Contoso Startup,scid_103,"Cloud-native team with decent defaults, thin process, and uneven device coverage."
210,Encrypt LDAP client traffic to protect sensitive data in transit,Planned,5.41 / 7,7%,Device,Microsoft Intune,Yes,No,Contoso Startup,scid_104,"Cloud-native team with decent defaults, thin process, and uneven device coverage."
211,Enforce LDAP channel binding to protect authentication sessions from interception,Planned,5.42 / 7,7%,Device,Microsoft Intune,Yes,No,Contoso Startup,scid_105,"Cloud-native team with decent defaults, thin process, and uneven device coverage."
212,Require LDAP server signing to ensure integrity of directory traffic,Planned,5.79 / 8,8%,Device,Microsoft Intune,Yes,No,Contoso Startup,scid_106,"Cloud-native team with decent defaults, thin process, and uneven device coverage."
213,Disable Remote Registry Service on Windows,Completed,6.8 / 8,8%,Device,Microsoft Intune,Yes,No,Contoso Startup,scid_108,"Cloud-native team with decent defaults, thin process, and uneven device coverage."
214,Disable NTLM authentication for Windows,To address,0.94 / 8,8%,Device,Microsoft Intune,Yes,No,Contoso Startup,scid_109,"Cloud-native team with decent defaults, thin process, and uneven device coverage."
228,Ensure devices are updated to Secure Boot 2023 certificates and boot manager,Completed,7 / 7,7%,Device,Microsoft Intune,Yes,No,Contoso Startup,scid_112,"Cloud-native team with decent defaults, thin process, and uneven device coverage."
33,Enable Automatic Updates,Planned,2.61 / 5,5%,Device,Microsoft Intune,Yes,Yes,Contoso Startup,scid_15,"Cloud-native team with decent defaults, thin process, and uneven device coverage."
34,Enable 'Hide Option to Enable or Disable Updates',Planned,3.11 / 5,5%,Device,Microsoft Intune,Yes,No,Contoso Startup,scid_16,"Cloud-native team with decent defaults, thin process, and uneven device coverage."
35,Disable 'Allow running plugins that are outdated',Completed,7.33 / 8,8%,Device,Microsoft Intune,Yes,No,Contoso Startup,scid_17,"Cloud-native team with decent defaults, thin process, and uneven device coverage."
37,Disable 'Continue running background apps when Google Chrome is closed',Planned,3.81 / 5,5%,Device,Microsoft Intune,No,No,Contoso Startup,scid_19,"Cloud-native team with decent defaults, thin process, and uneven device coverage."
38,Disable 'AutoFill',Planned,3.97 / 5,5%,Device,Microsoft Intune,Yes,No,Contoso Startup,scid_20,"Cloud-native team with decent defaults, thin process, and uneven device coverage."
99,Turn on Microsoft Defender for Endpoint sensor,To address,0.22 / 10,10%,Device,Microsoft Intune,Yes,No,Contoso Startup,scid_2000,"Cloud-native team with decent defaults, thin process, and uneven device coverage."
100,Fix Microsoft Defender for Endpoint sensor data collection,Planned,6.39 / 10,10%,Device,Microsoft Intune,Yes,No,Contoso Startup,scid_2001,"Cloud-native team with decent defaults, thin process, and uneven device coverage."
101,Fix Microsoft Defender for Endpoint impaired communications,To address,1.11 / 10,10%,Device,Microsoft Intune,Yes,No,Contoso Startup,scid_2002,"Cloud-native team with decent defaults, thin process, and uneven device coverage."
281,Turn on Tamper Protection,To address,0.39 / 8,8%,Device,Microsoft Intune,Yes,No,Contoso Startup,scid_2003,"Cloud-native team with decent defaults, thin process, and uneven device coverage."
167,Enable EDR in block mode,Planned,4.42 / 8,8%,Device,Microsoft Intune,Yes,No,Contoso Startup,scid_2004,"Cloud-native team with decent defaults, thin process, and uneven device coverage."
102,Turn on Microsoft Defender Antivirus,Planned,7.04 / 10,10%,Device,Microsoft Intune,Yes,No,Contoso Startup,scid_2010,"Cloud-native team with decent defaults, thin process, and uneven device coverage."
103,Update Microsoft Defender Antivirus definitions,Planned,6.41 / 9,9%,Device,Microsoft Intune,Yes,No,Contoso Startup,scid_2011,"Cloud-native team with decent defaults, thin process, and uneven device coverage."
104,Turn on real-time protection,Completed,9.24 / 10,10%,Device,Microsoft Intune,Yes,No,Contoso Startup,scid_2012,"Cloud-native team with decent defaults, thin process, and uneven device coverage."
105,Turn on PUA protection in block mode,Completed,8.95 / 9,9%,Device,Microsoft Intune,Yes,No,Contoso Startup,scid_2013,"Cloud-native team with decent defaults, thin process, and uneven device coverage."
106,Fix Windows Defender Antivirus cloud service connectivity,Planned,6.1 / 8,8%,Device,Microsoft Intune,Yes,No,Contoso Startup,scid_2014,"Cloud-native team with decent defaults, thin process, and uneven device coverage."
288,Enable cloud-delivered protection,Planned,6.26 / 8,8%,Device,Microsoft Intune,Yes,No,Contoso Startup,scid_2016,"Cloud-native team with decent defaults, thin process, and uneven device coverage."
108,Turn on all system-level Exploit protection settings,Planned,4.67 / 8,8%,Device,Microsoft Intune,Yes,No,Contoso Startup,scid_2020,"Cloud-native team with decent defaults, thin process, and uneven device coverage."
109,Set controlled folder access to enabled or audit mode,Planned,5.73 / 8,8%,Device,Microsoft Intune,Yes,No,Contoso Startup,scid_2021,"Cloud-native team with decent defaults, thin process, and uneven device coverage."
207,Update Microsoft Defender for Endpoint core components,Planned,6.03 / 10,10%,Device,Microsoft Intune,Yes,No,Contoso Startup,scid_2030,"Cloud-native team with decent defaults, thin process, and uneven device coverage."
114,Set Microsoft Defender SmartScreen app and file checking to block or warn,Planned,6.04 / 9,9%,Device,Microsoft Intune,Yes,No,Contoso Startup,scid_2060,"Cloud-native team with decent defaults, thin process, and uneven device coverage."
115,Set Microsoft Defender SmartScreen Microsoft Edge site and download checking to block or warn,Completed,8.13 / 9,9%,Device,Microsoft Intune,Yes,No,Contoso Startup,scid_2061,"Cloud-native team with decent defaults, thin process, and uneven device coverage."
117,Turn on Microsoft Defender Firewall,Planned,7.8 / 10,10%,Device,Microsoft Intune,Yes,No,Contoso Startup,scid_2070,"Cloud-native team with decent defaults, thin process, and uneven device coverage."
118,Secure Microsoft Defender Firewall domain profile,Completed,9 / 9,9%,Device,Microsoft Intune,Yes,No,Contoso Startup,scid_2071,"Cloud-native team with decent defaults, thin process, and uneven device coverage."
119,Secure Microsoft Defender firewall private profile,Completed,8.08 / 9,9%,Device,Microsoft Intune,Yes,No,Contoso Startup,scid_2072,"Cloud-native team with decent defaults, thin process, and uneven device coverage."
120,Secure Microsoft Defender Firewall public profile,Planned,6.79 / 9,9%,Device,Microsoft Intune,Yes,No,Contoso Startup,scid_2073,"Cloud-native team with decent defaults, thin process, and uneven device coverage."
122,Turn on Microsoft Defender Credential Guard,Planned,5.65 / 8,8%,Device,Microsoft Intune,Yes,No,Contoso Startup,scid_2080,"Cloud-native team with decent defaults, thin process, and uneven device coverage."
124,Encrypt all BitLocker-supported drives,Planned,4.55 / 9,9%,Device,Microsoft Intune,Yes,No,Contoso Startup,scid_2090,"Cloud-native team with decent defaults, thin process, and uneven device coverage."
125,Resume BitLocker protection on all drives,Planned,5.16 / 9,9%,Device,Microsoft Intune,Yes,No,Contoso Startup,scid_2091,"Cloud-native team with decent defaults, thin process, and uneven device coverage."
126,Ensure BitLocker drive compatibility,Planned,6.38 / 8,8%,Device,Microsoft Intune,No,No,Contoso Startup,scid_2093,"Cloud-native team with decent defaults, thin process, and uneven device coverage."
39,Block webpages from automatically running Flash plugins,Planned,1.94 / 5,5%,Device,Microsoft Intune,Yes,No,Contoso Startup,scid_21,"Cloud-native team with decent defaults, thin process, and uneven device coverage."
215,Enable UEFI Secure Boot mode,Completed,9 / 9,9%,Device,Microsoft Intune,Yes,No,Contoso Startup,scid_2100,"Cloud-native team with decent defaults, thin process, and uneven device coverage."
40,Disable 'Password Manager',Completed,4.43 / 5,5%,Device,Microsoft Intune,Yes,No,Contoso Startup,scid_22,"Cloud-native team with decent defaults, thin process, and uneven device coverage."
41,Enable 'Block third party cookies',Planned,1.37 / 2,2%,Device,Microsoft Intune,Yes,No,Contoso Startup,scid_23,"Cloud-native team with decent defaults, thin process, and uneven device coverage."
42,Set 'Remote Desktop security level' to 'TLS',To address,1.28 / 8,8%,Device,Microsoft Intune,Yes,No,Contoso Startup,scid_24,"Cloud-native team with decent defaults, thin process, and uneven device coverage."
43,Enable 'Local Security Authority (LSA) protection',Planned,5.95 / 8,8%,Device,Microsoft Intune,No,No,Contoso Startup,scid_25,"Cloud-native team with decent defaults, thin process, and uneven device coverage."
308,Block executable content from email client and webmail,Planned,5.05 / 9,9%,Device,Exchange Online,Yes,No,Contoso Startup,scid_2500,"Cloud-native team with decent defaults, thin process, and uneven device coverage."
309,Block all Office applications from creating child processes,To address,0.71 / 9,9%,Device,Microsoft Intune,Yes,No,Contoso Startup,scid_2501,"Cloud-native team with decent defaults, thin process, and uneven device coverage."
310,Block Office applications from creating executable content,Planned,6.57 / 9,9%,Device,Microsoft Intune,Yes,No,Contoso Startup,scid_2502,"Cloud-native team with decent defaults, thin process, and uneven device coverage."
311,Block Office applications from injecting code into other processes,Planned,6.89 / 9,9%,Device,Microsoft Intune,Yes,No,Contoso Startup,scid_2503,"Cloud-native team with decent defaults, thin process, and uneven device coverage."
312,Block JavaScript or VBScript from launching downloaded executable content,To address,0.32 / 9,9%,Device,Microsoft Intune,Yes,No,Contoso Startup,scid_2504,"Cloud-native team with decent defaults, thin process, and uneven device coverage."
313,Block execution of potentially obfuscated scripts,Completed,8.17 / 9,9%,Device,Microsoft Intune,Yes,No,Contoso Startup,scid_2505,"Cloud-native team with decent defaults, thin process, and uneven device coverage."
314,Block Win32 API calls from Office macros,Completed,7.68 / 9,9%,Device,Microsoft Intune,Yes,No,Contoso Startup,scid_2506,"Cloud-native team with decent defaults, thin process, and uneven device coverage."
315,"Block executable files from running unless they meet a prevalence, age, or trusted list criterion",Planned,7.26 / 9,9%,Device,Microsoft Intune,Yes,No,Contoso Startup,scid_2507,"Cloud-native team with decent defaults, thin process, and uneven device coverage."
316,Use advanced protection against ransomware,Planned,7.27 / 9,9%,Device,Microsoft Intune,Yes,No,Contoso Startup,scid_2508,"Cloud-native team with decent defaults, thin process, and uneven device coverage."
126,Block credential stealing from the Windows local security authority subsystem (lsass.exe),Planned,5.35 / 9,9%,Device,Microsoft Intune,Yes,No,Contoso Startup,scid_2509,"Cloud-native team with decent defaults, thin process, and uneven device coverage."
318,Block process creations originating from PSExec and WMI commands,Planned,5.19 / 9,9%,Device,Microsoft Intune,Yes,No,Contoso Startup,scid_2510,"Cloud-native team with decent defaults, thin process, and uneven device coverage."
319,Block untrusted and unsigned processes that run from USB,Planned,7.07 / 9,9%,Device,Microsoft Intune,Yes,No,Contoso Startup,scid_2511,"Cloud-native team with decent defaults, thin process, and uneven device coverage."
320,Block Office communication application from creating child processes,Completed,8.4 / 9,9%,Device,Microsoft Intune,Yes,No,Contoso Startup,scid_2512,"Cloud-native team with decent defaults, thin process, and uneven device coverage."
321,Block Adobe Reader from creating child processes,To address,3.04 / 9,9%,Device,Microsoft Intune,Yes,No,Contoso Startup,scid_2513,"Cloud-native team with decent defaults, thin process, and uneven device coverage."
322,Block persistence through WMI event subscription,Planned,7.08 / 9,9%,Device,Microsoft Intune,Yes,No,Contoso Startup,scid_2514,"Cloud-native team with decent defaults, thin process, and uneven device coverage."
323,Block abuse of exploited vulnerable signed drivers,Completed,7.55 / 9,9%,Device,Microsoft Intune,Yes,No,Contoso Startup,scid_2515,"Cloud-native team with decent defaults, thin process, and uneven device coverage."
216,Block Webshell creation for Servers,Planned,6.28 / 9,9%,Device,Microsoft Intune,Yes,No,Contoso Startup,scid_2516,"Cloud-native team with decent defaults, thin process, and uneven device coverage."
217,Block use of copied or impersonated system tools,Planned,5.91 / 9,9%,Device,Microsoft Intune,Yes,No,Contoso Startup,scid_2517,"Cloud-native team with decent defaults, thin process, and uneven device coverage."
218,Block rebooting machine in Safe Mode,Planned,6.7 / 9,9%,Device,Microsoft Intune,Yes,No,Contoso Startup,scid_2518,"Cloud-native team with decent defaults, thin process, and uneven device coverage."
44,Enable 'Safe DLL Search Mode',Planned,5.17 / 8,8%,Device,Microsoft Intune,Yes,No,Contoso Startup,scid_26,"Cloud-native team with decent defaults, thin process, and uneven device coverage."
45,Set User Account Control (UAC) to automatically deny elevation requests,Completed,7.02 / 8,8%,Device,Microsoft Intune,No,No,Contoso Startup,scid_27,"Cloud-native team with decent defaults, thin process, and uneven device coverage."
177,Set 'Interactive logon: Machine inactivity limit' to '1-900 seconds',Completed,5 / 5,5%,Device,Microsoft Intune,Yes,No,Contoso Startup,scid_28,"Cloud-native team with decent defaults, thin process, and uneven device coverage."
46,Disable 'Enumerate administrator accounts on elevation',Planned,6.52 / 8,8%,Device,Microsoft Intune,Yes,No,Contoso Startup,scid_29,"Cloud-native team with decent defaults, thin process, and uneven device coverage."
47,Disable 'Insecure guest logons' in SMB,Planned,6.39 / 8,8%,Device,Microsoft Intune,Yes,No,Contoso Startup,scid_30,"Cloud-native team with decent defaults, thin process, and uneven device coverage."
164,Fix unquoted service path for Windows services,To address,1.34 / 8,8%,Device,Microsoft Intune,Yes,No,Contoso Startup,scid_3001,"Cloud-native team with decent defaults, thin process, and uneven device coverage."
165,Change service executable path to a common protected location,Planned,4.44 / 8,8%,Device,Microsoft Intune,Yes,No,Contoso Startup,scid_3002,"Cloud-native team with decent defaults, thin process, and uneven device coverage."
166,Change service account to avoid cached password in windows registry,Planned,5.38 / 8,8%,Device,Microsoft Intune,Yes,No,Contoso Startup,scid_3003,"Cloud-native team with decent defaults, thin process, and uneven device coverage."
168,Disable the built-in Administrator account,Planned,5.22 / 8,8%,Device,Microsoft Intune,Yes,No,Contoso Startup,scid_3010,"Cloud-native team with decent defaults, thin process, and uneven device coverage."
169,Disable the built-in Guest account,Completed,6.87 / 8,8%,Device,Microsoft Intune,Yes,No,Contoso Startup,scid_3011,"Cloud-native team with decent defaults, thin process, and uneven device coverage."
170,Set 'Minimum password length' to '14 or more characters',Planned,3.71 / 5,5%,Device,Microsoft Intune,Yes,No,Contoso Startup,scid_32,"Cloud-native team with decent defaults, thin process, and uneven device coverage."
171,Set 'Enforce password history' to '24 or more password(s)',Completed,5 / 5,5%,Device,Microsoft Intune,Yes,No,Contoso Startup,scid_33,"Cloud-native team with decent defaults, thin process, and uneven device coverage."
172,"Set 'Maximum password age' to '60 or fewer days, but not 0'",Completed,4.99 / 5,5%,Device,Microsoft Intune,Yes,No,Contoso Startup,scid_34,"Cloud-native team with decent defaults, thin process, and uneven device coverage."
173,Set 'Minimum password age' to '1 or more day(s)',Completed,4.11 / 5,5%,Device,Microsoft Intune,Yes,No,Contoso Startup,scid_35,"Cloud-native team with decent defaults, thin process, and uneven device coverage."
49,Enable 'Domain member: Require strong (Windows 2000 or later) session key',Planned,3.44 / 5,5%,Device,Microsoft Intune,Yes,No,Contoso Startup,scid_36,"Cloud-native team with decent defaults, thin process, and uneven device coverage."
50,Enable 'Domain member: Digitally encrypt or sign secure channel data (always)',Completed,4.54 / 5,5%,Device,Microsoft Intune,Yes,No,Contoso Startup,scid_37,"Cloud-native team with decent defaults, thin process, and uneven device coverage."
51,Enable Set 'Domain member: Digitally encrypt secure channel data (when possible)',Planned,3.69 / 5,5%,Device,Microsoft Intune,Yes,No,Contoso Startup,scid_38,"Cloud-native team with decent defaults, thin process, and uneven device coverage."
52,Enable 'Domain member: Digitally sign secure channel data (when possible)',Planned,3.28 / 5,5%,Device,Microsoft Intune,Yes,No,Contoso Startup,scid_39,"Cloud-native team with decent defaults, thin process, and uneven device coverage."
53,Disable 'Domain member: Disable machine account password changes',Planned,1.37 / 2,2%,Device,Microsoft Intune,Yes,No,Contoso Startup,scid_40,"Cloud-native team with decent defaults, thin process, and uneven device coverage."
203,Disallow offline access to shares,To address,0.15 / 8,8%,Device,Microsoft Intune,Yes,No,Contoso Startup,scid_4000,"Cloud-native team with decent defaults, thin process, and uneven device coverage."
204,Remove share write permission set to ‘Everyone’,Completed,7.73 / 8,8%,Device,Microsoft Intune,Yes,No,Contoso Startup,scid_4001,"Cloud-native team with decent defaults, thin process, and uneven device coverage."
205,Remove shares from the root folder,Completed,6.94 / 8,8%,Device,Microsoft Intune,Yes,No,Contoso Startup,scid_4002,"Cloud-native team with decent defaults, thin process, and uneven device coverage."
206,Set folder access-based enumeration for shares,To address,2 / 8,8%,Device,Microsoft Intune,Yes,No,Contoso Startup,scid_4003,"Cloud-native team with decent defaults, thin process, and uneven device coverage."
175,Set 'Account lockout duration' to 15 minutes or more,Planned,4.63 / 6,6%,Device,Microsoft Intune,Yes,No,Contoso Startup,scid_41,"Cloud-native team with decent defaults, thin process, and uneven device coverage."
178,Set 'Reset account lockout counter after' to 15 minutes or more,Planned,3.4 / 6,6%,Device,Microsoft Intune,Yes,No,Contoso Startup,scid_42,"Cloud-native team with decent defaults, thin process, and uneven device coverage."
54,Disable Microsoft Defender Firewall notifications when programs are blocked for Domain profile,Planned,1.23 / 2,2%,Device,Microsoft Intune,Yes,No,Contoso Startup,scid_43,"Cloud-native team with decent defaults, thin process, and uneven device coverage."
176,Set 'Account lockout threshold' to 1-10 invalid login attempts,Planned,4.49 / 6,6%,Device,Microsoft Intune,Yes,No,Contoso Startup,scid_44,"Cloud-native team with decent defaults, thin process, and uneven device coverage."
202,Set user authentication for remote connections by using Network Level Authentication to 'Enabled',Planned,3.75 / 5,5%,Device,Microsoft Intune,Yes,No,Contoso Startup,scid_45,"Cloud-native team with decent defaults, thin process, and uneven device coverage."
55,Disable Microsoft Defender Firewall notifications when programs are blocked for Private profile,Completed,1.65 / 2,2%,Device,Microsoft Intune,Yes,No,Contoso Startup,scid_46,"Cloud-native team with decent defaults, thin process, and uneven device coverage."
56,Disable Microsoft Defender Firewall notifications when programs are blocked for Public profile,Completed,1.99 / 2,2%,Device,Microsoft Intune,Yes,No,Contoso Startup,scid_49,"Cloud-native team with decent defaults, thin process, and uneven device coverage."
57,Disable merging of local Microsoft Defender Firewall rules with group policy firewall rules for the Public profile,Completed,4.2 / 5,5%,Device,Microsoft Intune,Yes,No,Contoso Startup,scid_50,"Cloud-native team with decent defaults, thin process, and uneven device coverage."
179,Fix Microsoft Defender for Endpoint sensor data collection in macOS,Planned,6.82 / 10,10%,Device,Microsoft Intune,Yes,No,Contoso Startup,scid_5001,"Cloud-native team with decent defaults, thin process, and uneven device coverage."
180,Fix Microsoft Defender for Endpoint impaired communications in macOS,Planned,6.79 / 10,10%,Device,Microsoft Intune,Yes,No,Contoso Startup,scid_5002,"Cloud-native team with decent defaults, thin process, and uneven device coverage."
181,Set minimum password length to 15 or more characters in macOS,Planned,4.28 / 6,6%,Device,Microsoft Intune,Yes,No,Contoso Startup,scid_5003,"Cloud-native team with decent defaults, thin process, and uneven device coverage."
182,Set 'Enforce password history' to '24 or more password(s)' in macOS,Planned,3.5 / 5,5%,Device,Microsoft Intune,Yes,No,Contoso Startup,scid_5004,"Cloud-native team with decent defaults, thin process, and uneven device coverage."
183,"Set 'Maximum password age' to '90 or fewer days, but not 0' in macOS",Planned,3.56 / 5,5%,Device,Microsoft Intune,Yes,No,Contoso Startup,scid_5005,"Cloud-native team with decent defaults, thin process, and uneven device coverage."
184,Set account lockout threshold to 5 or lower in macOS,Completed,5.92 / 7,7%,Device,Microsoft Intune,Yes,No,Contoso Startup,scid_5006,"Cloud-native team with decent defaults, thin process, and uneven device coverage."
185,Turn on Firewall in macOS,To address,0.17 / 10,10%,Device,Microsoft Intune,Yes,No,Contoso Startup,scid_5007,"Cloud-native team with decent defaults, thin process, and uneven device coverage."
186,Enable Gatekeeper in macOS,Completed,7.13 / 8,8%,Device,Microsoft Intune,Yes,No,Contoso Startup,scid_5009,"Cloud-native team with decent defaults, thin process, and uneven device coverage."
187,Enable System Integrity Protection (SIP) in macOS,Planned,5.09 / 7,7%,Device,Microsoft Intune,Yes,No,Contoso Startup,scid_5010,"Cloud-native team with decent defaults, thin process, and uneven device coverage."
187,Enable FileVault Disk Encryption in macOS,Completed,6.21 / 7,7%,Device,Microsoft Intune,Yes,No,Contoso Startup,scid_5011,"Cloud-native team with decent defaults, thin process, and uneven device coverage."
189,Ensure screensaver is set to start in 20 minutes or less in macOS,Planned,4.03 / 5,5%,Device,Microsoft Intune,Yes,No,Contoso Startup,scid_5013,"Cloud-native team with decent defaults, thin process, and uneven device coverage."
190,Secure Home Folders in macOS,Planned,3.87 / 6,6%,Device,Microsoft Intune,Yes,No,Contoso Startup,scid_5014,"Cloud-native team with decent defaults, thin process, and uneven device coverage."
191,Turn on Microsoft Defender Antivirus real-time protection in macOS,Planned,5.74 / 10,10%,Device,Microsoft Intune,No,No,Contoso Startup,scid_5090,"Cloud-native team with decent defaults, thin process, and uneven device coverage."
192,Turn on Microsoft Defender Antivirus PUA protection in block mode in macOS,Planned,5.86 / 9,9%,Device,Microsoft Intune,Yes,Yes,Contoso Startup,scid_5091,"Cloud-native team with decent defaults, thin process, and uneven device coverage."
219,Turn on Tamper Protection for MacOS,Completed,7.17 / 8,8%,Device,Microsoft Intune,Yes,No,Contoso Startup,scid_5092,"Cloud-native team with decent defaults, thin process, and uneven device coverage."
220,Enable Microsoft Defender Antivirus real-time behavior monitoring in macOS,Planned,3.98 / 5,5%,Device,Microsoft Intune,Yes,Yes,Contoso Startup,scid_5093,"Cloud-native team with decent defaults, thin process, and uneven device coverage."
193,Enable Microsoft Defender Antivirus cloud-delivered protection in macOS,Completed,7.04 / 8,8%,Device,Microsoft Intune,Yes,No,Contoso Startup,scid_5094,"Cloud-native team with decent defaults, thin process, and uneven device coverage."
194,Update Microsoft Defender Antivirus definitions in macOS,Planned,6.62 / 9,9%,Device,Microsoft Intune,Yes,No,Contoso Startup,scid_5095,"Cloud-native team with decent defaults, thin process, and uneven device coverage."
58,Disable merging of local Microsoft Defender Firewall connection rules with group policy firewall rules for the Public profile,Planned,3.82 / 5,5%,Device,Microsoft Intune,Yes,No,Contoso Startup,scid_51,"Cloud-native team with decent defaults, thin process, and uneven device coverage."
59,Enable 'Apply UAC restrictions to local accounts on network logons',Planned,4.02 / 5,5%,Device,Microsoft Intune,Yes,No,Contoso Startup,scid_52,"Cloud-native team with decent defaults, thin process, and uneven device coverage."
60,Disable SMBv1 client driver,Planned,5.33 / 8,8%,Device,Microsoft Intune,Yes,No,Contoso Startup,scid_53,"Cloud-native team with decent defaults, thin process, and uneven device coverage."
61,Disable SMBv1 server,Planned,4.2 / 8,8%,Device,Microsoft Intune,Yes,No,Contoso Startup,scid_54,"Cloud-native team with decent defaults, thin process, and uneven device coverage."
174,Disable 'Network access: Let Everyone permissions apply to anonymous users',Planned,2.94 / 5,5%,Device,Microsoft Intune,Yes,No,Contoso Startup,scid_55,"Cloud-native team with decent defaults, thin process, and uneven device coverage."
62,Disable 'WDigest Authentication',Planned,4.08 / 5,5%,Device,Microsoft Intune,Yes,No,Contoso Startup,scid_57,"Cloud-native team with decent defaults, thin process, and uneven device coverage."
63,Disable 'Installation and configuration of Network Bridge on your DNS domain network',Planned,3.82 / 5,5%,Device,Microsoft Intune,Yes,No,Contoso Startup,scid_58,"Cloud-native team with decent defaults, thin process, and uneven device coverage."
64,Enable 'Require domain users to elevate when setting a network's location',Completed,2 / 2,2%,Device,Microsoft Intune,Yes,No,Contoso Startup,scid_59,"Cloud-native team with decent defaults, thin process, and uneven device coverage."
65,Prohibit use of Internet Connection Sharing on your DNS domain network,Completed,4.79 / 5,5%,Device,Microsoft Intune,Yes,No,Contoso Startup,scid_60,"Cloud-native team with decent defaults, thin process, and uneven device coverage."
195,Fix Microsoft Defender for Endpoint sensor data collection for Linux,To address,1.93 / 10,10%,Device,Microsoft Intune,Yes,No,Contoso Startup,scid_6001,"Cloud-native team with decent defaults, thin process, and uneven device coverage."
196,Fix Microsoft Defender for Endpoint impaired communications for Linux,Planned,5.42 / 10,10%,Device,Microsoft Intune,Yes,No,Contoso Startup,scid_6002,"Cloud-native team with decent defaults, thin process, and uneven device coverage."
197,Unrestricted Access Accounts for Linux,Planned,3.52 / 6,6%,Device,Microsoft Intune,Yes,No,Contoso Startup,scid_6014,"Cloud-native team with decent defaults, thin process, and uneven device coverage."
198,Turn on Microsoft Defender Antivirus real-time protection for Linux,Planned,7.59 / 10,10%,Device,Microsoft Intune,Yes,No,Contoso Startup,scid_6090,"Cloud-native team with decent defaults, thin process, and uneven device coverage."
199,Turn on Microsoft Defender Antivirus PUA protection in block mode for Linux,Planned,6.38 / 9,9%,Device,Microsoft Intune,Yes,No,Contoso Startup,scid_6091,"Cloud-native team with decent defaults, thin process, and uneven device coverage."
221,Turn on Microsoft Defender Antivirus Tamper Protection for Linux,To address,0.8 / 8,8%,Device,Microsoft Intune,No,No,Contoso Startup,scid_6092,"Cloud-native team with decent defaults, thin process, and uneven device coverage."
222,Enable Microsoft Defender Antivirus real-time behavior monitoring for Linux,Completed,4.28 / 5,5%,Device,Microsoft Intune,Yes,No,Contoso Startup,scid_6093,"Cloud-native team with decent defaults, thin process, and uneven device coverage."
200,Enable Microsoft Defender Antivirus cloud-delivered protection for Linux,Completed,7.31 / 8,8%,Device,Microsoft Intune,Yes,No,Contoso Startup,scid_6094,"Cloud-native team with decent defaults, thin process, and uneven device coverage."
201,Update Microsoft Defender Antivirus definitions for Linux,Completed,7.54 / 9,9%,Device,Microsoft Intune,Yes,No,Contoso Startup,scid_6095,"Cloud-native team with decent defaults, thin process, and uneven device coverage."
66,Set 'Minimum PIN length for startup' to '6 or more characters',Planned,3.44 / 5,5%,Device,Microsoft Intune,Yes,No,Contoso Startup,scid_61,"Cloud-native team with decent defaults, thin process, and uneven device coverage."
223,Enable 'Microsoft Defender for Endpoint Plug-in for WSL',To address,0.63 / 5,5%,Device,Microsoft Intune,Yes,No,Contoso Startup,scid_6100,"Cloud-native team with decent defaults, thin process, and uneven device coverage."
67,Enable 'Require additional authentication at startup',Planned,5.69 / 8,8%,Device,Microsoft Intune,Yes,No,Contoso Startup,scid_62,"Cloud-native team with decent defaults, thin process, and uneven device coverage."
68,Disable 'Configure Offer Remote Assistance',Planned,2.97 / 5,5%,Device,Microsoft Intune,Yes,No,Contoso Startup,scid_63,"Cloud-native team with decent defaults, thin process, and uneven device coverage."
69,Restrict anonymous access to named pipes and Shares,Planned,5.21 / 8,8%,Device,Microsoft Intune,Yes,No,Contoso Startup,scid_64,"Cloud-native team with decent defaults, thin process, and uneven device coverage."
70,Disable 'Store LAN Manager hash value on next password change',Planned,5.95 / 8,8%,Device,Microsoft Intune,Yes,No,Contoso Startup,scid_65,"Cloud-native team with decent defaults, thin process, and uneven device coverage."
71,Disable 'Always install with elevated privileges',Completed,8 / 8,8%,Device,Microsoft Intune,Yes,No,Contoso Startup,scid_66,"Cloud-native team with decent defaults, thin process, and uneven device coverage."
72,Disable 'Autoplay for non-volume devices',Completed,4.86 / 5,5%,Device,Microsoft Intune,Yes,No,Contoso Startup,scid_67,"Cloud-native team with decent defaults, thin process, and uneven device coverage."
73,Disable 'Anonymous enumeration of SAM accounts',Completed,6.7 / 8,8%,Device,Microsoft Intune,Yes,No,Contoso Startup,scid_68,"Cloud-native team with decent defaults, thin process, and uneven device coverage."
74,Disable 'Autoplay' for all drives,Planned,5.67 / 8,8%,Device,Microsoft Intune,Yes,No,Contoso Startup,scid_69,"Cloud-native team with decent defaults, thin process, and uneven device coverage."
75,Set default behavior for 'AutoRun' to 'Enabled: Do not execute any autorun commands',To address,1.61 / 8,8%,Device,Microsoft Intune,Yes,No,Contoso Startup,scid_70,"Cloud-native team with decent defaults, thin process, and uneven device coverage."
76,Enable 'Limit local account use of blank passwords to console logon only',Completed,4.15 / 5,5%,Device,Microsoft Intune,Yes,No,Contoso Startup,scid_71,"Cloud-native team with decent defaults, thin process, and uneven device coverage."
77,Set LAN Manager authentication level to 'Send NTLMv2 response only. Refuse LM & NTLM',Planned,6.3 / 8,8%,Device,Microsoft Intune,Yes,No,Contoso Startup,scid_72,"Cloud-native team with decent defaults, thin process, and uneven device coverage."
78,Disable 'Allow Basic authentication' for WinRM Client,Planned,6.26 / 8,8%,Device,Microsoft Intune,Yes,No,Contoso Startup,scid_73,"Cloud-native team with decent defaults, thin process, and uneven device coverage."
79,Disable 'Allow Basic authentication' for WinRM Service,Completed,6.69 / 8,8%,Device,Microsoft Intune,Yes,No,Contoso Startup,scid_74,"Cloud-native team with decent defaults, thin process, and uneven device coverage."
80,Disable Flash on Adobe Reader DC,Planned,4.05 / 5,5%,Device,Microsoft Intune,Yes,No,Contoso Startup,scid_75,"Cloud-native team with decent defaults, thin process, and uneven device coverage."
81,Disable JavaScript on Adobe Reader DC,Completed,4.29 / 5,5%,Device,Microsoft Intune,Yes,No,Contoso Startup,scid_76,"Cloud-native team with decent defaults, thin process, and uneven device coverage."
82,Disable Flash on Adobe Acrobat Pro XI,Completed,4.42 / 5,5%,Device,Microsoft Intune,Yes,No,Contoso Startup,scid_77,"Cloud-native team with decent defaults, thin process, and uneven device coverage."
83,Disable JavaScript on Adobe Acrobat Pro XI,Planned,2.98 / 5,5%,Device,Microsoft Intune,Yes,Yes,Contoso Startup,scid_78,"Cloud-native team with decent defaults, thin process, and uneven device coverage."
84,Disable running or installing downloaded software with invalid signature,Planned,3.15 / 5,5%,Device,Microsoft Intune,Yes,No,Contoso Startup,scid_79,"Cloud-native team with decent defaults, thin process, and uneven device coverage."
85,Block Flash activation in Office documents,Planned,3.7 / 5,5%,Device,Microsoft Intune,Yes,Yes,Contoso Startup,scid_80,"Cloud-native team with decent defaults, thin process, and uneven device coverage."
86,Set IPv6 source routing to highest protection,Planned,3.41 / 5,5%,Device,Microsoft Intune,Yes,No,Contoso Startup,scid_81,"Cloud-native team with decent defaults, thin process, and uneven device coverage."
87,Disable IP source routing,Completed,4.35 / 5,5%,Device,Microsoft Intune,Yes,No,Contoso Startup,scid_82,"Cloud-native team with decent defaults, thin process, and uneven device coverage."
88,Enable Explorer Data Execution Prevention (DEP),Planned,3.87 / 5,5%,Device,Microsoft Intune,Yes,No,Contoso Startup,scid_83,"Cloud-native team with decent defaults, thin process, and uneven device coverage."
90,Block outdated ActiveX controls for Internet Explorer,Completed,4.64 / 5,5%,Device,Microsoft Intune,Yes,No,Contoso Startup,scid_85,"Cloud-native team with decent defaults, thin process, and uneven device coverage."
91,Disable Solicited Remote Assistance,Planned,6.12 / 8,8%,Device,Microsoft Intune,Yes,No,Contoso Startup,scid_87,"Cloud-native team with decent defaults, thin process, and uneven device coverage."
92,Disable Anonymous enumeration of shares,Planned,5.41 / 8,8%,Device,Microsoft Intune,Yes,No,Contoso Startup,scid_88,"Cloud-native team with decent defaults, thin process, and uneven device coverage."
92,Enable scanning of removable drives during a full scan,Completed,8 / 8,8%,Device,Microsoft Intune,No,No,Contoso Startup,scid_89,"Cloud-native team with decent defaults, thin process, and uneven device coverage."
422,Enable 'Local Machine Zone Lockdown Security',Planned,2.65 / 5,5%,Device,Microsoft Intune,Yes,No,Contoso Startup,scid_9,"Cloud-native team with decent defaults, thin process, and uneven device coverage."
93,Enable Microsoft Defender Antivirus email scanning,Planned,6.57 / 9,9%,Device,Exchange Online,Yes,No,Contoso Startup,scid_90,"Cloud-native team with decent defaults, thin process, and uneven device coverage."
94,Enable Microsoft Defender Antivirus real-time behavior monitoring,Planned,3.18 / 5,5%,Device,Microsoft Intune,Yes,No,Contoso Startup,scid_91,"Cloud-native team with decent defaults, thin process, and uneven device coverage."
95,Enable Microsoft Defender Antivirus scanning of downloaded files and attachments,Planned,7.66 / 10,10%,Device,Microsoft Intune,Yes,No,Contoso Startup,scid_92,"Cloud-native team with decent defaults, thin process, and uneven device coverage."
96,Disable the local storage of passwords and credentials,Planned,4.09 / 5,5%,Device,Microsoft Intune,Yes,No,Contoso Startup,scid_93,"Cloud-native team with decent defaults, thin process, and uneven device coverage."
97,Disable sending unencrypted password to third-party SMB servers,Completed,4.52 / 5,5%,Device,Microsoft Intune,Yes,No,Contoso Startup,scid_94,"Cloud-native team with decent defaults, thin process, and uneven device coverage."
98,Enable 'Microsoft network client: Digitally sign communications (always)',Planned,3.78 / 5,5%,Device,Microsoft Intune,Yes,No,Contoso Startup,scid_95,"Cloud-native team with decent defaults, thin process, and uneven device coverage."
429,Enable 'Network Protection',Completed,6.72 / 8,8%,Device,Microsoft Intune,Yes,No,Contoso Startup,scid_96,"Cloud-native team with decent defaults, thin process, and uneven device coverage."
159,Disable JavaScript on Adobe DC,Planned,3.83 / 5,5%,Device,Microsoft Intune,Yes,Yes,Contoso Startup,scid_97,"Cloud-native team with decent defaults, thin process, and uneven device coverage."
160,Disable JavaScript on Adobe Reader 2017,Planned,2.86 / 5,5%,Device,Microsoft Intune,Yes,No,Contoso Startup,scid_98,"Cloud-native team with decent defaults, thin process, and uneven device coverage."
161,Disable JavaScript on Adobe Acrobat 2017,Planned,4.02 / 5,5%,Device,Microsoft Intune,Yes,No,Contoso Startup,scid_99,"Cloud-native team with decent defaults, thin process, and uneven device coverage."
20,Ensure 'Self service password reset enabled' is set to 'All',Planned,0.75 / 1,1%,Identity,Microsoft Entra ID,No,No,Contoso Startup,SelfServicePasswordReset,"Cloud-native team with decent defaults, thin process, and uneven device coverage."
58,Enable Microsoft Entra ID Identity Protection sign-in risk policies,Planned,5.25 / 7,7%,Identity,Microsoft Entra ID,Yes,No,Contoso Startup,SigninRiskPolicy,"Cloud-native team with decent defaults, thin process, and uneven device coverage."
10,Block OneDrive for Business sync from unmanaged devices,Completed,2.8 / 3,3%,Apps,SharePoint Online,Yes,No,Contoso Startup,spo_block_onedrive_sync_unmanaged_devices,"Cloud-native team with decent defaults, thin process, and uneven device coverage."
10,Ensure SharePoint external sharing is managed through domain whitelist/blacklists,Completed,2.99 / 3,3%,Apps,SharePoint Online,Yes,No,Contoso Startup,spo_external_sharing_managed,"Cloud-native team with decent defaults, thin process, and uneven device coverage."
10,Ensure that SharePoint guest users cannot share items they don't own,Planned,2.19 / 3,3%,Identity,SharePoint Online,Yes,No,Contoso Startup,spo_external_users_sharing,"Cloud-native team with decent defaults, thin process, and uneven device coverage."
128,Sign out inactive users in SharePoint Online,Completed,0.92 / 1,1%,Identity,SharePoint Online,Yes,No,Contoso Startup,spo_idle_session_timeout,"Cloud-native team with decent defaults, thin process, and uneven device coverage."
128,Ensure modern authentication for SharePoint applications is required,Planned,0.68 / 1,1%,Identity,SharePoint Online,Yes,No,Contoso Startup,spo_legacy_auth,"Cloud-native team with decent defaults, thin process, and uneven device coverage."
10,Ensure that Sways cannot be shared with people outside of your organization,Planned,2.01 / 3,3%,Apps,SWAY,Yes,No,Contoso Startup,sway_block_sharing_with_outside_users,"Cloud-native team with decent defaults, thin process, and uneven device coverage."
59,Enable Microsoft Entra ID Identity Protection user risk policies,Planned,4.13 / 7,7%,Identity,Microsoft Entra ID,Yes,No,Contoso Startup,UserRiskPolicy,"Cloud-native team with decent defaults, thin process, and uneven device coverage."
