Rank,Recommended action,Status,Points achieved,Score impact,Category,Product,Have license?,Regressed,Tenant,Control ID,Notes
10,Ensure Administrative accounts are separate and cloud-only,Completed,3 / 3,3%,Identity,Microsoft Entra ID,Yes,No,Fabrikam Health,aad_admin_accounts_separate_unassigned_cloud_only,"Regulated tenant with good intent, mixed licensing, and slow remediation queues."
10,Ensure the admin consent workflow is enabled,To address,0.18 / 5,5%,Identity,Microsoft Entra ID,Yes,No,Fabrikam Health,aad_admin_consent_workflow,"Regulated tenant with good intent, mixed licensing, and slow remediation queues."
10,Ensure custom banned passwords lists are used,To address,0.75 / 5,5%,Identity,Microsoft Entra ID,Yes,No,Fabrikam Health,aad_custom_banned_passwords,"Regulated tenant with good intent, mixed licensing, and slow remediation queues."
10,Ensure 'Microsoft Azure Management' is limited to administrative roles,Planned,1.98 / 3,3%,Identity,Microsoft Entra ID,Yes,Yes,Fabrikam Health,aad_limited_administrative_roles,"Regulated tenant with good intent, mixed licensing, and slow remediation queues."
10,Ensure 'LinkedIn account connections' is disabled,Planned,1.37 / 3,3%,Identity,Microsoft Entra ID,Yes,No,Fabrikam Health,aad_linkedin_connection_disables,"Regulated tenant with good intent, mixed licensing, and slow remediation queues."
10,Ensure that only organizationally managed/approved public groups exist,Planned,1.6 / 3,3%,Identity,Microsoft Entra ID,Yes,No,Fabrikam Health,aad_managed_approved_public_groups_only,"Regulated tenant with good intent, mixed licensing, and slow remediation queues."
10,Ensure password protection is enabled for on-prem Active Directory,Planned,2.81 / 6,6%,Identity,Microsoft Entra ID,Yes,No,Fabrikam Health,aad_password_protection,"Regulated tenant with good intent, mixed licensing, and slow remediation queues."
10,Ensure 'Phishing-resistant MFA strength' is required for Administrators,Planned,4.7 / 7,7%,Identity,Microsoft Entra ID,Yes,No,Fabrikam Health,aad_phishing_MFA_strength,"Regulated tenant with good intent, mixed licensing, and slow remediation queues."
10,Ensure Sign-in frequency is enabled and browser sessions are not persistent for Administrative users,To address,0.14 / 5,5%,Identity,Microsoft Entra ID,Yes,No,Fabrikam Health,aad_sign_in_freq_session_timeout,"Regulated tenant with good intent, mixed licensing, and slow remediation queues."
10,Ensure third party integrated applications are not allowed,Planned,3.53 / 5,5%,Identity,Microsoft Entra ID,Yes,No,Fabrikam Health,aad_third_party_apps,"Regulated tenant with good intent, mixed licensing, and slow remediation queues."
65,Locate accounts in built-in Operator Groups,Completed,6.97 / 8,8%,Identity,Microsoft Entra ID,Yes,No,Fabrikam Health,AATP_AccountsInOperatorGroups,"Regulated tenant with good intent, mixed licensing, and slow remediation queues."
65,Accounts with non-default Primary Group ID,Completed,4.34 / 5,5%,Identity,Microsoft Entra ID,Yes,No,Fabrikam Health,AATP_AccountsWithNonDefaultPrimaryGroup,"Regulated tenant with good intent, mixed licensing, and slow remediation queues."
65,Change password for accounts with leaked credentials,Completed,4.16 / 5,5%,Identity,Microsoft Entra ID,Yes,No,Fabrikam Health,AATP_AccountWithLeakedCredentials,"Regulated tenant with good intent, mixed licensing, and slow remediation queues."
65,Change password for on-prem account with potentially leaked credentials,Planned,3.19 / 5,5%,Identity,Microsoft Entra ID,Yes,No,Fabrikam Health,AATP_AdAccountWithPotentiallyLeakedCredentials,"Regulated tenant with good intent, mixed licensing, and slow remediation queues."
65,Prevent Certificate Enrollment with arbitrary Application Policies (ESC15),Planned,2.53 / 5,5%,Identity,Microsoft Entra ID,Yes,No,Fabrikam Health,AATP_ADCSCertificateTemplateArbitraryAppPolicies,"Regulated tenant with good intent, mixed licensing, and slow remediation queues."
65,Prevent users to request a certificate valid for arbitrary users based on the certificate template (ESC1),To address,1.61 / 5,5%,Identity,Microsoft Entra ID,Yes,No,Fabrikam Health,AATP_ADCSCertificateTemplateEnrolementSuppliesSubject,"Regulated tenant with good intent, mixed licensing, and slow remediation queues."
65,Install Defender for Identity Sensor on ADCS servers,Planned,2.32 / 4,4%,Identity,Microsoft Entra ID,Yes,No,Fabrikam Health,AATP_AdcsComputersWithNoMdiSensorInstalled,"Regulated tenant with good intent, mixed licensing, and slow remediation queues."
65,Edit insecure certificate enrollment IIS endpoints (ESC8),Planned,3.86 / 5,5%,Identity,Microsoft Intune,Yes,No,Fabrikam Health,AATP_ADCSInsecureCertificateEnrollmentIisEndpoints,"Regulated tenant with good intent, mixed licensing, and slow remediation queues."
65,Edit misconfigured Certificate Authority ACL (ESC7),To address,1.43 / 5,5%,Identity,Microsoft Entra ID,Yes,No,Fabrikam Health,AATP_ADCSMisconfiguredCertificateAuthorityAcl,"Regulated tenant with good intent, mixed licensing, and slow remediation queues."
65,Edit misconfigured certificate templates ACL (ESC4),Completed,4.91 / 5,5%,Identity,Microsoft Entra ID,Yes,No,Fabrikam Health,AATP_ADCSMisconfiguredCertificateTemplateAcl,"Regulated tenant with good intent, mixed licensing, and slow remediation queues."
60,Edit overly permissive Certificate Template with privileged EKU (Any purpose EKU or No EKU) (ESC2),Planned,3.48 / 5,5%,Identity,Microsoft Entra ID,Yes,No,Fabrikam Health,AATP_ADCSMisconfiguredCertificateTemplateEku,"Regulated tenant with good intent, mixed licensing, and slow remediation queues."
65,Edit misconfigured enrollment agent certificate template (ESC3),Planned,3.71 / 5,5%,Identity,Microsoft Entra ID,Yes,No,Fabrikam Health,AATP_ADCSMisconfiguredCertificateTemplateEnrollmentAgent,"Regulated tenant with good intent, mixed licensing, and slow remediation queues."
65,Edit misconfigured certificate templates owner (ESC4),Planned,2.41 / 5,5%,Identity,Microsoft Entra ID,Yes,No,Fabrikam Health,AATP_ADCSMisconfiguredCertificateTemplateOwner,"Regulated tenant with good intent, mixed licensing, and slow remediation queues."
65,Enforce encryption for RPC certificate enrollment interface (ESC8),To address,1.67 / 5,5%,Identity,Microsoft Entra ID,Yes,No,Fabrikam Health,AATP_ADCSMisconfiguredRpcEnrollmentSigning,"Regulated tenant with good intent, mixed licensing, and slow remediation queues."
65,Edit vulnerable Certificate Authority setting (ESC6),Planned,2.07 / 5,5%,Identity,Microsoft Entra ID,Yes,No,Fabrikam Health,AATP_ADCSSanSpecifiedByUserEnabled,"Regulated tenant with good intent, mixed licensing, and slow remediation queues."
65,Install Defender for Identity Sensor on ADFS servers,Planned,2.53 / 4,4%,Identity,Microsoft Entra ID,Yes,No,Fabrikam Health,AATP_AdfsComputersWithNoMdiSensorInstalled,"Regulated tenant with good intent, mixed licensing, and slow remediation queues."
67,Remove access rights on suspicious accounts with the Admin SDHolder permission,Planned,3.16 / 5,5%,Identity,Microsoft Entra ID,Yes,No,Fabrikam Health,AATP_AdminSDHolder,"Regulated tenant with good intent, mixed licensing, and slow remediation queues."
65,Change password for Entra seamless SSO account,To address,1.25 / 5,5%,Identity,Microsoft Entra ID,Yes,No,Fabrikam Health,AATP_AzureSsoAccountOldPasswords,"Regulated tenant with good intent, mixed licensing, and slow remediation queues."
65,Change password of built-in domain Administrator account,Completed,4.6 / 5,5%,Identity,Microsoft Entra ID,Yes,No,Fabrikam Health,AATP_BuiltinAdministratorAccountWithOldPassword,"Regulated tenant with good intent, mixed licensing, and slow remediation queues."
65,Built-in Active Directory Guest account is enabled,Completed,4.45 / 5,5%,Identity,Microsoft Entra ID,Yes,No,Fabrikam Health,AATP_BuiltinGuestAccountIsEnabled,"Regulated tenant with good intent, mixed licensing, and slow remediation queues."
65,Change password for krbtgt account,Planned,3.55 / 5,5%,Identity,Microsoft Entra ID,Yes,No,Fabrikam Health,AATP_BuiltinKrbtgtAccountWithOldPassword,"Regulated tenant with good intent, mixed licensing, and slow remediation queues."
67,Stop clear text credentials exposure,Planned,2.92 / 5,5%,Identity,Microsoft Entra ID,Yes,No,Fabrikam Health,AATP_ClearText,"Regulated tenant with good intent, mixed licensing, and slow remediation queues."
65,Remove stale CyberArk Identity privileged accounts,To address,1.65 / 5,5%,Identity,Microsoft Entra ID,Yes,No,Fabrikam Health,AATP_CyberArk_DormantPriviledgedAccounts,"Regulated tenant with good intent, mixed licensing, and slow remediation queues."
65,High number of CyberArk Identity accounts with a privileged role assigned,Planned,3.1 / 5,5%,Identity,Microsoft Entra ID,No,Yes,Fabrikam Health,AATP_CyberArk_HighNumberOfPriviledgedIdentityAccounts,"Regulated tenant with good intent, mixed licensing, and slow remediation queues."
65,Limit the number of CyberArk Identity accounts with system admin role,Planned,3.63 / 5,5%,Identity,Microsoft Entra ID,Yes,No,Fabrikam Health,AATP_CyberArk_HighNumberOfSystemAdmins,"Regulated tenant with good intent, mixed licensing, and slow remediation queues."
65,Change password for CyberArk Identity privileged User accounts,To address,1.34 / 6,6%,Identity,Microsoft Entra ID,Yes,No,Fabrikam Health,AATP_CyberArk_PriviledgedUserAccountsWithOldPasswords,"Regulated tenant with good intent, mixed licensing, and slow remediation queues."
59,"Start your Defender for Identity deployment, installing Sensors on Domain Controllers and other eligible servers.",Planned,3.2 / 5,5%,Identity,Microsoft Entra ID,Yes,No,Fabrikam Health,AATP_DefenderForIdentityIsNotInstalled,"Regulated tenant with good intent, mixed licensing, and slow remediation queues."
65,Unsafe permissions on the DnsAdmins group,Completed,7.72 / 8,8%,Identity,Microsoft Entra ID,Yes,No,Fabrikam Health,AATP_DnsAdminsGroupWithUnsafePermissions,"Regulated tenant with good intent, mixed licensing, and slow remediation queues."
65,Remove local admins on identity assets,Completed,4.2 / 5,5%,Identity,Microsoft Entra ID,Yes,No,Fabrikam Health,AATP_DomainControllerLocalUsers,"Regulated tenant with good intent, mixed licensing, and slow remediation queues."
65,Change Domain Controller computer account old password,Planned,2.44 / 5,5%,Identity,Microsoft Entra ID,Yes,No,Fabrikam Health,AATP_DomainControllersWithOldPassword,"Regulated tenant with good intent, mixed licensing, and slow remediation queues."
67,Remove dormant accounts from sensitive groups,Planned,1.95 / 5,5%,Identity,Microsoft Entra ID,Yes,No,Fabrikam Health,AATP_DormantAccounts,"Regulated tenant with good intent, mixed licensing, and slow remediation queues."
65,Rotate password for Entra Connect AD DS Connector account,Planned,1.08 / 3,3%,Identity,Microsoft Entra ID,Yes,No,Fabrikam Health,AATP_EntraConnectAccountsOldPasswords,"Regulated tenant with good intent, mixed licensing, and slow remediation queues."
65,Replace Enterprise or Domain Admin account for Entra Connect AD DS Connector account,Planned,1.94 / 3,3%,Identity,Microsoft Entra ID,Yes,No,Fabrikam Health,AATP_EntraConnectAccountsWithConnectorAccountAsDefaultAdmin,"Regulated tenant with good intent, mixed licensing, and slow remediation queues."
65,Remove unnecessary replication permissions for Entra Connect AD DS Connector Account,Planned,3.68 / 8,8%,Identity,Microsoft Entra ID,Yes,Yes,Fabrikam Health,AATP_EntraConnectAccountUnnecessaryReplicationPermission,"Regulated tenant with good intent, mixed licensing, and slow remediation queues."
65,Install Defender for Identity Sensor on Entra Connect servers,Completed,3.62 / 4,4%,Identity,Microsoft Entra ID,Yes,No,Fabrikam Health,AATP_EntraConnectComputersWithNoMdiSensorInstalled,"Regulated tenant with good intent, mixed licensing, and slow remediation queues."
65,Remove unsafe permissions on sensitive Entra Connect accounts,Planned,6.04 / 9,9%,Identity,Microsoft Entra ID,Yes,No,Fabrikam Health,AATP_EntraConnectSensitiveAccountsWithUnsafePermissions,"Regulated tenant with good intent, mixed licensing, and slow remediation queues."
65,Remove discoverable passwords in Active Directory account attributes,Planned,5.16 / 8,8%,Identity,Microsoft Entra ID,Yes,No,Fabrikam Health,AATP_ExposedPasswordsInADAttributes,"Regulated tenant with good intent, mixed licensing, and slow remediation queues."
65,Set a valid password rotation interval for gMSA,Completed,5.15 / 6,6%,Identity,Microsoft Entra ID,Yes,No,Fabrikam Health,AATP_GroupManagedServiceAccountWithUnrecommendedPasswordChangeInterval,"Regulated tenant with good intent, mixed licensing, and slow remediation queues."
65,GPO can be modified by unprivileged accounts,Planned,2.29 / 5,5%,Identity,Microsoft Entra ID,Yes,No,Fabrikam Health,AATP_GroupPolicyAbnormalModificationAssignment,"Regulated tenant with good intent, mixed licensing, and slow remediation queues."
65,GPO assigns unprivileged identities to local groups with elevated privileges,Planned,3.19 / 7,7%,Identity,Microsoft Entra ID,Yes,Yes,Fabrikam Health,AATP_GroupPolicyAssignsUnprivilegedIdentitiesToElevatedLocalGroups,"Regulated tenant with good intent, mixed licensing, and slow remediation queues."
65,Reversible passwords found in GPOs,Planned,3.56 / 8,8%,Identity,Microsoft Entra ID,Yes,No,Fabrikam Health,AATP_GroupPolicyPasswordInPreferences,"Regulated tenant with good intent, mixed licensing, and slow remediation queues."
61,Set a honeytoken account,Planned,0.63 / 1,1%,Identity,Microsoft Entra ID,Yes,Yes,Fabrikam Health,AATP_HoneyToken,"Regulated tenant with good intent, mixed licensing, and slow remediation queues."
65,Remove stale service accounts,Planned,2.46 / 5,5%,Identity,Microsoft Entra ID,Yes,No,Fabrikam Health,AATP_InactiveServiceAccounts,"Regulated tenant with good intent, mixed licensing, and slow remediation queues."
67,Modify unsecure Kerberos delegations to prevent impersonation,Completed,4.46 / 5,5%,Identity,Microsoft Entra ID,Yes,No,Fabrikam Health,AATP_KerberosDelegations,"Regulated tenant with good intent, mixed licensing, and slow remediation queues."
66,Remove non-admin accounts with DCSync permissions,Completed,4.5 / 5,5%,Identity,Microsoft Entra ID,Yes,No,Fabrikam Health,AATP_NonAdminDCSyncAccounts,"Regulated tenant with good intent, mixed licensing, and slow remediation queues."
65,Remove dormant Okta privileged accounts,Completed,5 / 5,5%,Identity,Microsoft Entra ID,Yes,No,Fabrikam Health,AATP_Okta_Dormant,"Regulated tenant with good intent, mixed licensing, and slow remediation queues."
65,High number of Okta accounts with privileged role assigned,Planned,4.08 / 5,5%,Identity,Microsoft Entra ID,Yes,No,Fabrikam Health,AATP_Okta_HighNumberOfNonSuperAdminPrivilegedUserAccounts,"Regulated tenant with good intent, mixed licensing, and slow remediation queues."
65,Limit the Number of Okta Super Admins Accounts,Planned,3.76 / 5,5%,Identity,Microsoft Entra ID,Yes,No,Fabrikam Health,AATP_Okta_HighNumberOfSuperAdmins,"Regulated tenant with good intent, mixed licensing, and slow remediation queues."
65,Change password for Okta privileged User accounts,Completed,5.2 / 6,6%,Identity,Microsoft Entra ID,Yes,No,Fabrikam Health,AATP_Okta_SensitiveAccountWithOldPassword,"Regulated tenant with good intent, mixed licensing, and slow remediation queues."
65,Assign multi-factor authentication for Okta privileged user accounts,To address,0.76 / 5,5%,Identity,Microsoft Entra ID,Yes,No,Fabrikam Health,AATP_Okta_SensitiveAccountWithoutFactorsAssigned,"Regulated tenant with good intent, mixed licensing, and slow remediation queues."
65,Highly Privileged Okta Api Token,Planned,2.1 / 5,5%,Identity,Microsoft Entra ID,Yes,No,Fabrikam Health,AATP_Okta_SensitiveApiToken,"Regulated tenant with good intent, mixed licensing, and slow remediation queues."
67,Reduce lateral movement path risk to sensitive entities,Planned,3.79 / 5,5%,Identity,Microsoft Entra ID,Yes,No,Fabrikam Health,AATP_PathRisk,"Regulated tenant with good intent, mixed licensing, and slow remediation queues."
65,Remove stale PingOne privileged accounts,Completed,4.18 / 5,5%,Identity,Microsoft Entra ID,Yes,No,Fabrikam Health,AATP_Ping_Dormant,"Regulated tenant with good intent, mixed licensing, and slow remediation queues."
65,High number of PingOne accounts with a privileged role assigned,Completed,4.82 / 5,5%,Identity,Microsoft Entra ID,Yes,No,Fabrikam Health,AATP_Ping_HighNumberOfNonSuperAdminPrivilegedUserAccounts,"Regulated tenant with good intent, mixed licensing, and slow remediation queues."
65,Limit the number of PingOne accounts with organization admin role,Planned,3.61 / 5,5%,Identity,Microsoft Entra ID,Yes,No,Fabrikam Health,AATP_Ping_HighNumberOfSuperAdmins,"Regulated tenant with good intent, mixed licensing, and slow remediation queues."
65,Change password for PingOne privileged User accounts,Planned,3.69 / 6,6%,Identity,Microsoft Entra ID,Yes,Yes,Fabrikam Health,AATP_Ping_SensitiveAccountWithOldPassword,"Regulated tenant with good intent, mixed licensing, and slow remediation queues."
65,Assign multi-factor authentication for PingOne privileged user accounts,Planned,3.25 / 5,5%,Identity,Microsoft Entra ID,Yes,No,Fabrikam Health,AATP_Ping_SensitiveAccountWithoutFactorsAssigned,"Regulated tenant with good intent, mixed licensing, and slow remediation queues."
67,Disable Print spooler service on domain controllers,Planned,2.95 / 5,5%,Identity,Microsoft Entra ID,Yes,No,Fabrikam Health,AATP_PrintSpooler,"Regulated tenant with good intent, mixed licensing, and slow remediation queues."
65,Ensure privileged accounts are not delegated,Planned,2.23 / 5,5%,Identity,Microsoft Entra ID,Yes,No,Fabrikam Health,AATP_PrivilegedAccountsWithDelegationAllowed,"Regulated tenant with good intent, mixed licensing, and slow remediation queues."
65,Identify Entra ID privileged accounts that are also privileged in Active Directory,Planned,3.91 / 9,9%,Identity,Microsoft Entra ID,Yes,No,Fabrikam Health,AATP_PrivilegedEntraIdAndActiveDirectoryAccounts,"Regulated tenant with good intent, mixed licensing, and slow remediation queues."
67,Protect and manage local admin passwords with Microsoft LAPS,Planned,3.21 / 5,5%,Identity,Microsoft Entra ID,Yes,No,Fabrikam Health,AATP_PwdLAPS,"Regulated tenant with good intent, mixed licensing, and slow remediation queues."
65,Remove stale SailPoint privileged accounts,Completed,4.5 / 5,5%,Identity,Microsoft Entra ID,Yes,No,Fabrikam Health,AATP_SailPoint_DormantPriviledgedAccounts,"Regulated tenant with good intent, mixed licensing, and slow remediation queues."
65,High number of SailPoint accounts with a privileged role assigned,Completed,4.59 / 5,5%,Identity,Microsoft Entra ID,Yes,No,Fabrikam Health,AATP_SailPoint_HighNumberOfPriviledgedIdentityAccounts,"Regulated tenant with good intent, mixed licensing, and slow remediation queues."
65,Limit the number of SailPoint accounts with system admin role,Completed,4.31 / 5,5%,Identity,Microsoft Entra ID,Yes,No,Fabrikam Health,AATP_SailPoint_HighNumberOfSystemAdmins,"Regulated tenant with good intent, mixed licensing, and slow remediation queues."
65,Assign multi-factor authentication for SailPoint privileged user accounts,Completed,4.41 / 5,5%,Identity,Microsoft Entra ID,Yes,No,Fabrikam Health,AATP_SailPoint_MFAforPriviledgedUserAccounts,"Regulated tenant with good intent, mixed licensing, and slow remediation queues."
65,Change password for SailPoint privileged User accounts,Planned,2.29 / 5,5%,Identity,Microsoft Entra ID,Yes,Yes,Fabrikam Health,AATP_SailPoint_PriviledgedUserAccountsWithOldPasswords,"Regulated tenant with good intent, mixed licensing, and slow remediation queues."
60,Install Defender for Identity Sensor on all Domain Controllers,Planned,1.56 / 4,4%,Identity,Microsoft Entra ID,Yes,Yes,Fabrikam Health,AATP_Sensor,"Regulated tenant with good intent, mixed licensing, and slow remediation queues."
65,Identify service accounts in privileged groups,Planned,4.01 / 7,7%,Identity,Microsoft Entra ID,Yes,No,Fabrikam Health,AATP_ServiceAccountsInPrivilegedGroup,"Regulated tenant with good intent, mixed licensing, and slow remediation queues."
67,Remove unsecure SID history attributes from entities,To address,0.32 / 5,5%,Identity,Microsoft Entra ID,Yes,Yes,Fabrikam Health,AATP_SIDHistory,"Regulated tenant with good intent, mixed licensing, and slow remediation queues."
65,Rotate old password for sMSA and set up valid rotation interval in the GPO,Planned,3.63 / 6,6%,Identity,Microsoft Entra ID,Yes,No,Fabrikam Health,AATP_SingleManagedServiceAccountsWithOldPassword,"Regulated tenant with good intent, mixed licensing, and slow remediation queues."
65,Remove stale Active Directory accounts,Completed,4.15 / 5,5%,Identity,Microsoft Entra ID,Yes,No,Fabrikam Health,AATP_StaleAccounts,"Regulated tenant with good intent, mixed licensing, and slow remediation queues."
67,Resolve unsecure account attributes,Planned,3.86 / 5,5%,Identity,Microsoft Entra ID,Yes,No,Fabrikam Health,AATP_UnsecureAccount,"Regulated tenant with good intent, mixed licensing, and slow remediation queues."
60,Resolve unsecure domain configurations,To address,1.37 / 5,5%,Identity,Microsoft Entra ID,Yes,No,Fabrikam Health,AATP_UnsecureDomain,"Regulated tenant with good intent, mixed licensing, and slow remediation queues."
63,Configure VPN integration,Planned,0.67 / 1,1%,Identity,Microsoft Entra ID,Yes,Yes,Fabrikam Health,AATP_Vpn,"Regulated tenant with good intent, mixed licensing, and slow remediation queues."
67,Stop weak cipher usage,Planned,2.35 / 5,5%,Identity,Microsoft Entra ID,Yes,No,Fabrikam Health,AATP_WeakCipher,"Regulated tenant with good intent, mixed licensing, and slow remediation queues."
10,Ensure 'User owned apps and services' is restricted,Planned,1.52 / 3,3%,Identity,Microsoft Entra ID,Yes,No,Fabrikam Health,admincenter_owned_apps_and_services,"Regulated tenant with good intent, mixed licensing, and slow remediation queues."
1,Ensure multifactor authentication is enabled for all users in administrative roles,Completed,9.2 / 10,10%,Identity,Microsoft Entra ID,Yes,No,Fabrikam Health,AdminMFAV2,"Regulated tenant with good intent, mixed licensing, and slow remediation queues."
9,Regulate cloud app access to sensitive data,Planned,5.25 / 7,7%,Apps,AppG,Yes,No,Fabrikam Health,AppG_regulate_access_to_sensitive_data,"Regulated tenant with good intent, mixed licensing, and slow remediation queues."
10,Regulate apps with priority account consent,To address,1.35 / 7,7%,Apps,AppG,Yes,No,Fabrikam Health,AppG_unusual_activity_with_priority_account,"Regulated tenant with good intent, mixed licensing, and slow remediation queues."
68,Enable Conditional Access policies to block legacy authentication,Completed,7.27 / 8,8%,Identity,Microsoft Entra ID,Yes,No,Fabrikam Health,BlockLegacyAuthentication,"Regulated tenant with good intent, mixed licensing, and slow remediation queues."
127,Ensure the customer lockbox feature is enabled,Completed,0.93 / 1,1%,Apps,Exchange Online,Yes,No,Fabrikam Health,CustomerLockBoxEnabled,"Regulated tenant with good intent, mixed licensing, and slow remediation queues."
128,Ensure DLP policies are enabled,Completed,4.21 / 5,5%,Data,MIP,Yes,No,Fabrikam Health,dlp_datalossprevention,"Regulated tenant with good intent, mixed licensing, and slow remediation queues."
128,Ensure 'External sharing' of calendars is not available,Planned,3.25 / 5,5%,Apps,Exchange Online,No,No,Fabrikam Health,exo_individualsharing,"Regulated tenant with good intent, mixed licensing, and slow remediation queues."
10,Ensure mailbox auditing for all users is Enabled,Planned,1.32 / 3,3%,Apps,Exchange Online,Yes,No,Fabrikam Health,exo_mailboxaudit,"Regulated tenant with good intent, mixed licensing, and slow remediation queues."
10,Ensure MailTips are enabled for end users,Planned,1.1 / 3,3%,Apps,Exchange Online,No,No,Fabrikam Health,exo_mailtipsenabled,"Regulated tenant with good intent, mixed licensing, and slow remediation queues."
10,Ensure modern authentication for Exchange Online is enabled,Planned,2.39 / 3,3%,Identity,Exchange Online,Yes,No,Fabrikam Health,exo_oauth2clientprofileenabled,"Regulated tenant with good intent, mixed licensing, and slow remediation queues."
10,Ensure users installing Outlook add-ins is not allowed,Planned,1.45 / 3,3%,Apps,Exchange Online,Yes,No,Fabrikam Health,exo_outlookaddins,"Regulated tenant with good intent, mixed licensing, and slow remediation queues."
10,Ensure that SPF records are published for all Exchange Domains,Planned,2.79 / 5,5%,Apps,Exchange Online,Yes,No,Fabrikam Health,exo_SPF_records_for_all_domains,"Regulated tenant with good intent, mixed licensing, and slow remediation queues."
10,Ensure additional storage providers are restricted in Outlook on the web,Completed,4.48 / 5,5%,Apps,Exchange Online,Yes,No,Fabrikam Health,exo_storageproviderrestricted,"Regulated tenant with good intent, mixed licensing, and slow remediation queues."
128,Ensure Spam confidence level (SCL) is configured in mail transport rules with specific domains,Planned,2.17 / 3,3%,Apps,Exchange Online,Yes,No,Fabrikam Health,exo_transportrulesallowlistdomains,"Regulated tenant with good intent, mixed licensing, and slow remediation queues."
10,Ensure internal phishing protection for Forms is enabled,Planned,4.17 / 6,6%,Apps,FORMS,No,No,Fabrikam Health,forms_phishing_protection,"Regulated tenant with good intent, mixed licensing, and slow remediation queues."
35,Ensure user consent to apps accessing company data on their behalf is not allowed,Planned,3.25 / 4,4%,Identity,Microsoft Entra ID,Yes,No,Fabrikam Health,IntegratedApps,"Regulated tenant with good intent, mixed licensing, and slow remediation queues."
10,Ensure Microsoft Defender for Cloud Apps is enabled and configured,Completed,4.28 / 5,5%,Apps,Microsoft Defender,Yes,No,Fabrikam Health,mcas_mda_enabled,"Regulated tenant with good intent, mixed licensing, and slow remediation queues."
82,Deploy a log collector to discover shadow IT activity,Planned,0.51 / 1,1%,Apps,MCAS,Yes,No,Fabrikam Health,McasFirewallLogUpload,"Regulated tenant with good intent, mixed licensing, and slow remediation queues."
10,Enable multi-factor authentication (MFA),Planned,3.62 / 7,7%,Identity,Microsoft Entra ID,Yes,Yes,Fabrikam Health,MDA_Atlassian_EnableTwoFactorAuth,"Regulated tenant with good intent, mixed licensing, and slow remediation queues."
10,Enable Single Sing On (SSO),To address,0.8 / 7,7%,Identity,Microsoft Entra ID,Yes,No,Fabrikam Health,MDA_Atlassian_ForceSSO,"Regulated tenant with good intent, mixed licensing, and slow remediation queues."
10,Enable session timeout for web users,Planned,3.59 / 6,6%,Identity,Microsoft Entra ID,Yes,No,Fabrikam Health,MDA_Atlassian_InactiveTimeoutMins,"Regulated tenant with good intent, mixed licensing, and slow remediation queues."
10,Atlassian mobile app security - App access requirement,Completed,5.53 / 6,6%,Identity,Microsoft Entra ID,Yes,No,Fabrikam Health,MDA_Atlassian_mobile_access,"Regulated tenant with good intent, mixed licensing, and slow remediation queues."
10,Atlassian mobile app security - App data protection,Completed,5.6 / 6,6%,Apps,MDA_Atlassian,Yes,No,Fabrikam Health,MDA_Atlassian_mobile_dataprotection,"Regulated tenant with good intent, mixed licensing, and slow remediation queues."
10,Atlassian mobile app security - Users that are affected by policies,Planned,1.99 / 3,3%,Identity,Microsoft Entra ID,Yes,No,Fabrikam Health,MDA_Atlassian_mobile_UsersAffected,"Regulated tenant with good intent, mixed licensing, and slow remediation queues."
10,Enable Password expiration policies,Planned,4.64 / 6,6%,Identity,Microsoft Entra ID,Yes,No,Fabrikam Health,MDA_Atlassian_passwordExpiry,"Regulated tenant with good intent, mixed licensing, and slow remediation queues."
10,Enable multi-factor authentication (MFA),Planned,4.58 / 7,7%,Identity,Microsoft Entra ID,Yes,No,Fabrikam Health,MDA_CitrixSF_EnableTwoFactorAuth,"Regulated tenant with good intent, mixed licensing, and slow remediation queues."
10,Enable Single Sign on (SSO),To address,2.2 / 7,7%,Identity,Microsoft Entra ID,Yes,No,Fabrikam Health,MDA_CitrixSF_ForceSSO,"Regulated tenant with good intent, mixed licensing, and slow remediation queues."
10,Enable session timeout for web users,Planned,2.8 / 6,6%,Identity,Microsoft Entra ID,Yes,No,Fabrikam Health,MDA_CitrixSF_InactiveTimeoutMins,"Regulated tenant with good intent, mixed licensing, and slow remediation queues."
10,Enhance 'login maximum attempts' - Lockout timer,Planned,3 / 6,6%,Identity,Microsoft Entra ID,Yes,No,Fabrikam Health,MDA_CitrixSF_LoginFailLockoutSecs,"Regulated tenant with good intent, mixed licensing, and slow remediation queues."
10,Enhance 'login maximum attempts' - Number of attempts,Completed,5.38 / 6,6%,Identity,Microsoft Entra ID,Yes,No,Fabrikam Health,MDA_CitrixSF_LoginFailMaxAttempts,"Regulated tenant with good intent, mixed licensing, and slow remediation queues."
10,Enable password minimum length,Completed,3.65 / 4,4%,Identity,Microsoft Entra ID,Yes,No,Fabrikam Health,MDA_CitrixSF_MinimumLength,"Regulated tenant with good intent, mixed licensing, and slow remediation queues."
10,Enable password minimum numeric characters,Completed,3.6 / 4,4%,Identity,Microsoft Entra ID,Yes,No,Fabrikam Health,MDA_CitrixSF_MinimumNumeric,"Regulated tenant with good intent, mixed licensing, and slow remediation queues."
10,Enable password minimum special characters,Planned,2.65 / 4,4%,Identity,Microsoft Entra ID,Yes,No,Fabrikam Health,MDA_CitrixSF_MinimumSpecialCharacters,"Regulated tenant with good intent, mixed licensing, and slow remediation queues."
10,Enable password expiration policies,Planned,2.64 / 4,4%,Identity,Microsoft Entra ID,Yes,No,Fabrikam Health,MDA_CitrixSF_PasswordMaxAgeDays,"Regulated tenant with good intent, mixed licensing, and slow remediation queues."
10,Enhance password requirements,Planned,2.44 / 4,4%,Identity,Microsoft Entra ID,Yes,No,Fabrikam Health,MDA_DocuSign_EnhancedPassword,"Regulated tenant with good intent, mixed licensing, and slow remediation queues."
10,Password expiry requirements,Planned,1.68 / 4,4%,Identity,Microsoft Entra ID,Yes,No,Fabrikam Health,MDA_DocuSign_PasswordExpires,"Regulated tenant with good intent, mixed licensing, and slow remediation queues."
10,Enable session timeout for web users,Planned,4.66 / 6,6%,Identity,Microsoft Entra ID,Yes,No,Fabrikam Health,MDA_DocuSign_SessionTimeout,"Regulated tenant with good intent, mixed licensing, and slow remediation queues."
10,Enable web session timeout for web users,Planned,3.8 / 6,6%,Identity,Microsoft Entra ID,Yes,No,Fabrikam Health,MDA_Dropbox_InactiveTimeoutMins,"Regulated tenant with good intent, mixed licensing, and slow remediation queues."
10,Disable 'Allow members to view dependency insights',Planned,2.42 / 4,4%,Identity,Microsoft Entra ID,Yes,No,Fabrikam Health,MDA_GitHub_DependencyInsights,"Regulated tenant with good intent, mixed licensing, and slow remediation queues."
10,Enabled 'email notification delivery for this enterprise is restricted to verified or approved domains',Completed,2.93 / 3,3%,Apps,Exchange Online,Yes,No,Fabrikam Health,MDA_GitHub_EmailNotificationRestrictedToVerifiedOrApprovedDomains,"Regulated tenant with good intent, mixed licensing, and slow remediation queues."
10,Enforce IP allow list configuration for org resources,Completed,3.54 / 4,4%,Identity,Microsoft Entra ID,Yes,No,Fabrikam Health,MDA_GitHub_IPallowListConfigurationForOrgResources,"Regulated tenant with good intent, mixed licensing, and slow remediation queues."
10,Disable 'Allow repository administrators to invite outside collaborators to repositories for this organization,Planned,2.58 / 4,4%,Identity,Microsoft Entra ID,Yes,No,Fabrikam Health,MDA_GitHub_OutsideCollabInvitation,"Regulated tenant with good intent, mixed licensing, and slow remediation queues."
10,Disable private repository forking,Planned,3.07 / 7,7%,Apps,MDA_GitHub,Yes,No,Fabrikam Health,MDA_GitHub_PrivateRepositoryForkingSetting,"Regulated tenant with good intent, mixed licensing, and slow remediation queues."
10,"Disable 'Members will be able to create public repositories, visible to anyone'",Planned,1.39 / 4,4%,Identity,Microsoft Entra ID,No,No,Fabrikam Health,MDA_GitHub_PublicRepoCreation,"Regulated tenant with good intent, mixed licensing, and slow remediation queues."
10,Disable 'members with admin permissions for repositories can delete or transfer repositories',Planned,3.4 / 6,6%,Identity,Microsoft Entra ID,Yes,No,Fabrikam Health,MDA_GitHub_RepoTransferOrDeletion,"Regulated tenant with good intent, mixed licensing, and slow remediation queues."
10,Disable 'Allow members to change repository visibilities for this organization',To address,0.6 / 6,6%,Apps,MDA_GitHub,Yes,No,Fabrikam Health,MDA_GitHub_RepoVisibility_change,"Regulated tenant with good intent, mixed licensing, and slow remediation queues."
10,Enable single sign on (SSO),Completed,2.75 / 3,3%,Identity,Microsoft Entra ID,No,No,Fabrikam Health,MDA_GitHub_SAML,"Regulated tenant with good intent, mixed licensing, and slow remediation queues."
10,Enable multi-factor authentication (MFA),Planned,5.7 / 7,7%,Identity,Microsoft Entra ID,Yes,No,Fabrikam Health,MDA_Google_EnableTwoFactorAuth,"Regulated tenant with good intent, mixed licensing, and slow remediation queues."
10,Adopt SSO (Single sign on) in netDocuments,Planned,5.73 / 7,7%,Identity,Microsoft Entra ID,Yes,No,Fabrikam Health,MDA_NetDocuments_SSO,"Regulated tenant with good intent, mixed licensing, and slow remediation queues."
10,Enhance password requirements,Planned,3.26 / 4,4%,Identity,Microsoft Entra ID,Yes,No,Fabrikam Health,MDA_Okta_EnhancedPassword,"Regulated tenant with good intent, mixed licensing, and slow remediation queues."
10,Enable multi-factor authentication,To address,1.49 / 7,7%,Identity,Microsoft Entra ID,Yes,No,Fabrikam Health,MDA_Okta_MFA,"Regulated tenant with good intent, mixed licensing, and slow remediation queues."
10,Password expiry requirements,To address,0.44 / 4,4%,Identity,Microsoft Entra ID,Yes,No,Fabrikam Health,MDA_Okta_PasswordExpires,"Regulated tenant with good intent, mixed licensing, and slow remediation queues."
10,Enable session timeout for web users,Planned,2.48 / 6,6%,Identity,Microsoft Entra ID,Yes,No,Fabrikam Health,MDA_Okta_SessionTimeout,"Regulated tenant with good intent, mixed licensing, and slow remediation queues."
10,Remote Site,Planned,2.09 / 5,5%,Apps,MDA_SF,Yes,No,Fabrikam Health,MDA_SF_disableProtocolSecurity,"Regulated tenant with good intent, mixed licensing, and slow remediation queues."
10,Disable Administrators Can Log In As Any User,Planned,2.25 / 3,3%,Identity,Microsoft Entra ID,Yes,No,Fabrikam Health,MDA_SF_enableAdminLoginAsAnyUser,"Regulated tenant with good intent, mixed licensing, and slow remediation queues."
10,Disable Caching and Autocomplete on Login Page via Session settings,Completed,3.34 / 4,4%,Identity,Microsoft Entra ID,Yes,No,Fabrikam Health,MDA_SF_enableCacheAndAutocomplete,"Regulated tenant with good intent, mixed licensing, and slow remediation queues."
10,Enable clickjack protection for non-Setup for Salesforce pages,Planned,2.13 / 3,3%,Apps,MDA_SF,Yes,No,Fabrikam Health,MDA_SF_enableClickjackNonsetupSFDC,"Regulated tenant with good intent, mixed licensing, and slow remediation queues."
10,Enable clickjack protection for customer VisualForce pages with standard headers,Planned,2.23 / 3,3%,Apps,MDA_SF,Yes,No,Fabrikam Health,MDA_SF_enableClickjackNonsetupUser,"Regulated tenant with good intent, mixed licensing, and slow remediation queues."
10,Enable clickjack protection for customer VisualForce pages with headers disabled,Planned,2.42 / 3,3%,Apps,MDA_SF,Yes,No,Fabrikam Health,MDA_SF_enableClickjackNonsetupUserHeaderless,"Regulated tenant with good intent, mixed licensing, and slow remediation queues."
10,Enable clickjack protection for Setup pages,Planned,2.27 / 3,3%,Apps,MDA_SF,Yes,No,Fabrikam Health,MDA_SF_enableClickjackSetup,"Regulated tenant with good intent, mixed licensing, and slow remediation queues."
10,Enable Content Sniffing protection,Completed,2.92 / 3,3%,Apps,MDA_SF,Yes,No,Fabrikam Health,MDA_SF_enableContentSniffingProtection,"Regulated tenant with good intent, mixed licensing, and slow remediation queues."
10,Enable Content Security Policy protection for email templates,Planned,1.82 / 3,3%,Apps,Exchange Online,Yes,Yes,Fabrikam Health,MDA_SF_enableCSPOnEmail,"Regulated tenant with good intent, mixed licensing, and slow remediation queues."
10,Enable CSRF protection on GET requests on non-setup pages,Planned,1.88 / 3,3%,Apps,MDA_SF,Yes,No,Fabrikam Health,MDA_SF_enableCSRFOnGet,"Regulated tenant with good intent, mixed licensing, and slow remediation queues."
10,Enable CSRF protection on POST requests on non-setup pages,Planned,1.37 / 3,3%,Apps,MDA_SF,Yes,No,Fabrikam Health,MDA_SF_enableCSRFOnPost,"Regulated tenant with good intent, mixed licensing, and slow remediation queues."
33,Require identity verification during multi-factor authentication (MFA) registration,Completed,5.95 / 7,7%,Identity,Microsoft Entra ID,Yes,No,Fabrikam Health,MDA_SF_enableMultipleSamlConfigs,"Regulated tenant with good intent, mixed licensing, and slow remediation queues."
10,Let users verify their identity by text (SMS),Completed,7 / 7,7%,Identity,Microsoft Entra ID,Yes,No,Fabrikam Health,MDA_SF_enableSMSIdentity,"Regulated tenant with good intent, mixed licensing, and slow remediation queues."
10,Enforce login IP ranges on every request,Completed,4.18 / 5,5%,Identity,Microsoft Entra ID,Yes,No,Fabrikam Health,MDA_SF_enforceIpRangesEveryRequest,"Regulated tenant with good intent, mixed licensing, and slow remediation queues."
10,Force logout on session timeout,Completed,5.95 / 7,7%,Identity,Microsoft Entra ID,Yes,No,Fabrikam Health,MDA_SF_forceLogoutOnSessionTimeout,"Regulated tenant with good intent, mixed licensing, and slow remediation queues."
10,Force (admin) relogin after Login-As-User,Completed,2.52 / 3,3%,Identity,Microsoft Entra ID,Yes,No,Fabrikam Health,MDA_SF_forceRelogin,"Regulated tenant with good intent, mixed licensing, and slow remediation queues."
10,Require identity verification for change of email address,Completed,4.37 / 5,5%,Identity,Exchange Online,No,No,Fabrikam Health,MDA_SF_identityConfirmationOnEmailChange,"Regulated tenant with good intent, mixed licensing, and slow remediation queues."
10,Lock sessions to the domain in which they were first used,Planned,4.3 / 7,7%,Identity,Microsoft Entra ID,Yes,No,Fabrikam Health,MDA_SF_lockSessionsToDomain,"Regulated tenant with good intent, mixed licensing, and slow remediation queues."
10,Maximum invalid login attempts,Planned,1.98 / 5,5%,Identity,Microsoft Entra ID,Yes,No,Fabrikam Health,MDA_SF_maxLoginAttempts,"Regulated tenant with good intent, mixed licensing, and slow remediation queues."
10,Require a minimum 1 day password lifetime,Planned,3.36 / 5,5%,Identity,Microsoft Entra ID,Yes,No,Fabrikam Health,MDA_SF_minimumPasswordLifetime,"Regulated tenant with good intent, mixed licensing, and slow remediation queues."
10,Password complexity requirement,Planned,2.4 / 4,4%,Identity,Microsoft Entra ID,No,No,Fabrikam Health,MDA_SF_password_complexity,"Regulated tenant with good intent, mixed licensing, and slow remediation queues."
10,User passwords expire in 90 days or less,Completed,4.69 / 5,5%,Identity,Microsoft Entra ID,Yes,No,Fabrikam Health,MDA_SF_password_expiration,"Regulated tenant with good intent, mixed licensing, and slow remediation queues."
10,Enforce password history,Planned,3.27 / 4,4%,Identity,Microsoft Entra ID,Yes,No,Fabrikam Health,MDA_SF_password_historyRestriction,"Regulated tenant with good intent, mixed licensing, and slow remediation queues."
10,Lockout effective period,Planned,4.7 / 7,7%,Identity,Microsoft Entra ID,Yes,No,Fabrikam Health,MDA_SF_password_lockoutInterval,"Regulated tenant with good intent, mixed licensing, and slow remediation queues."
10,Minimum password length,Planned,1.93 / 4,4%,Identity,Microsoft Entra ID,Yes,No,Fabrikam Health,MDA_SF_password_minimumPasswordLength,"Regulated tenant with good intent, mixed licensing, and slow remediation queues."
10,Obscure secret answer for password resets,Planned,1.15 / 3,3%,Identity,Microsoft Entra ID,Yes,No,Fabrikam Health,MDA_SF_password_obscureSecretAnswer,"Regulated tenant with good intent, mixed licensing, and slow remediation queues."
10,Password question requirement,Planned,1.12 / 3,3%,Identity,Microsoft Entra ID,Yes,No,Fabrikam Health,MDA_SF_password_questionRestriction,"Regulated tenant with good intent, mixed licensing, and slow remediation queues."
10,Session timeout,Planned,4.74 / 7,7%,Identity,Microsoft Entra ID,No,No,Fabrikam Health,MDA_SF_password_sessionTimeout,"Regulated tenant with good intent, mixed licensing, and slow remediation queues."
10,Require HttpOnly attribute,Planned,1.57 / 3,3%,Apps,MDA_SF,Yes,No,Fabrikam Health,MDA_SF_requireHttpOnly,"Regulated tenant with good intent, mixed licensing, and slow remediation queues."
10,Enable multi-factor authentication,Planned,4.91 / 6,6%,Identity,Microsoft Entra ID,Yes,No,Fabrikam Health,MDA_SNOW_authenticateMultifactor,"Regulated tenant with good intent, mixed licensing, and slow remediation queues."
10,Enable enforcing JSONv2 requests with basic authorization,Completed,4.55 / 5,5%,Identity,Microsoft Entra ID,Yes,No,Fabrikam Health,MDA_SNOW_authRequiredJson2,"Regulated tenant with good intent, mixed licensing, and slow remediation queues."
10,Enable enforcing SOAP requests with basic authorization,Planned,4.03 / 5,5%,Identity,Microsoft Entra ID,Yes,No,Fabrikam Health,MDA_SNOW_authRequiredSOAP,"Regulated tenant with good intent, mixed licensing, and slow remediation queues."
10,Enable unload request authorization,Planned,3.91 / 6,6%,Identity,Microsoft Entra ID,Yes,No,Fabrikam Health,MDA_SNOW_authRequiredUnl,"Regulated tenant with good intent, mixed licensing, and slow remediation queues."
10,Enable script request authorization,Planned,3.03 / 4,4%,Identity,Microsoft Entra ID,Yes,No,Fabrikam Health,MDA_SNOW_cauthRequiredScriptedProcessor,"Regulated tenant with good intent, mixed licensing, and slow remediation queues."
10,Enable URL allow list for cross-origin iframe communication,Planned,3.65 / 6,6%,Apps,MDA_SNOW,Yes,Yes,Fabrikam Health,MDA_SNOW_concourseOnmessageEnforceSameOrigin,"Regulated tenant with good intent, mixed licensing, and slow remediation queues."
10,Enable Password Reset Policy Checks,To address,0.5 / 4,4%,Identity,Microsoft Entra ID,Yes,No,Fabrikam Health,MDA_SNOW_enablePasswordPolicy,"Regulated tenant with good intent, mixed licensing, and slow remediation queues."
10,Enable high security plugin,Planned,4.88 / 7,7%,Apps,MDA_SNOW,Yes,No,Fabrikam Health,MDA_SNOW_highSecurity,"Regulated tenant with good intent, mixed licensing, and slow remediation queues."
10,Set default cache-control HTTP header value to private,Planned,3.57 / 6,6%,Apps,MDA_SNOW,No,No,Fabrikam Health,MDA_SNOW_httpCacheControl,"Regulated tenant with good intent, mixed licensing, and slow remediation queues."
10,Disable password-less authentication,Planned,4.66 / 6,6%,Identity,Microsoft Entra ID,Yes,No,Fabrikam Health,MDA_SNOW_loginNoBlankPassword,"Regulated tenant with good intent, mixed licensing, and slow remediation queues."
10,Enable Contextual Security: Role Management plugin,Completed,5.06 / 6,6%,Identity,Microsoft Entra ID,Yes,No,Fabrikam Health,MDA_SNOW_roleManagement,"Regulated tenant with good intent, mixed licensing, and slow remediation queues."
10,Set client-callable script includes to private,Planned,2.91 / 4,4%,Apps,MDA_SNOW,Yes,No,Fabrikam Health,MDA_SNOW_scriptCcsiIsPublic,"Regulated tenant with good intent, mixed licensing, and slow remediation queues."
10,Apply access control rule (ACL) validation when server-side records are accessed using GlideAjax APIs within a client script,Completed,3.82 / 4,4%,Apps,MDA_SNOW,Yes,No,Fabrikam Health,MDA_SNOW_scriptSecureAjaxgliderecord,"Regulated tenant with good intent, mixed licensing, and slow remediation queues."
10,Enable client generated scripts sandbox,Planned,2.54 / 6,6%,Apps,MDA_SNOW,Yes,No,Fabrikam Health,MDA_SNOW_scriptUseSandbox,"Regulated tenant with good intent, mixed licensing, and slow remediation queues."
10,Enable default deny with new ACL rules,Planned,2.68 / 5,5%,Apps,MDA_SNOW,Yes,No,Fabrikam Health,MDA_SNOW_smDefaultMode,"Regulated tenant with good intent, mixed licensing, and slow remediation queues."
10,Enable managing failed login attempts,Planned,1.49 / 4,4%,Identity,Microsoft Entra ID,No,No,Fabrikam Health,MDA_SNOW_sncUserLockoutCheck,"Regulated tenant with good intent, mixed licensing, and slow remediation queues."
10,Enable SOAP content type checking,Planned,4.11 / 6,6%,Apps,MDA_SNOW,Yes,No,Fabrikam Health,MDA_SNOW_soapRequireContentTypeXml,"Regulated tenant with good intent, mixed licensing, and slow remediation queues."
10,Enable SOAP request strict security,Planned,4.3 / 6,6%,Apps,MDA_SNOW,Yes,No,Fabrikam Health,MDA_SNOW_soapStrictSecurity,"Regulated tenant with good intent, mixed licensing, and slow remediation queues."
10,Activate security jump start (ACL rules) plugin,Completed,3.46 / 4,4%,Identity,Microsoft Entra ID,Yes,No,Fabrikam Health,MDA_SNOW_systemSecurity,"Regulated tenant with good intent, mixed licensing, and slow remediation queues."
10,Enable session activity timeout,Planned,2.77 / 4,4%,Identity,Microsoft Entra ID,Yes,No,Fabrikam Health,MDA_SNOW_uiSessionTimeout,"Regulated tenant with good intent, mixed licensing, and slow remediation queues."
10,Enable anti-CSRF token,To address,1.57 / 6,6%,Identity,Microsoft Entra ID,Yes,No,Fabrikam Health,MDA_SNOW_useCsrfToken,"Regulated tenant with good intent, mixed licensing, and slow remediation queues."
10,Enable absolute session timeout,Completed,3.63 / 4,4%,Identity,Microsoft Entra ID,No,No,Fabrikam Health,MDA_SNOW_userCookieMaxLifeSpanInDays,"Regulated tenant with good intent, mixed licensing, and slow remediation queues."
10,Adopt SSO (Single sign on) in Workplace by Meta,Planned,3.96 / 7,7%,Identity,Microsoft Entra ID,Yes,No,Fabrikam Health,MDA_Workplace_SSO,"Regulated tenant with good intent, mixed licensing, and slow remediation queues."
10,Block admins to set passwords,Planned,1.14 / 3,3%,Identity,Microsoft Entra ID,Yes,No,Fabrikam Health,MDA_Zendesk_AdminPassChange,"Regulated tenant with good intent, mixed licensing, and slow remediation queues."
10,Block account assumption,Planned,2.02 / 4,4%,Identity,Microsoft Entra ID,Yes,No,Fabrikam Health,MDA_Zendesk_BlockAccountAssumption,"Regulated tenant with good intent, mixed licensing, and slow remediation queues."
10,Block customers to bypass IP restrictions,Planned,1.39 / 3,3%,Identity,Microsoft Entra ID,Yes,No,Fabrikam Health,MDA_Zendesk_bypassIPrestrictions,"Regulated tenant with good intent, mixed licensing, and slow remediation queues."
10,"Send a notification on password change for admins, agents, and end users",Planned,2.38 / 3,3%,Identity,Microsoft Entra ID,No,No,Fabrikam Health,MDA_Zendesk_EmailNotificationsforPassChange,"Regulated tenant with good intent, mixed licensing, and slow remediation queues."
10,Admins and agents can use the Zendesk Support mobile app,To address,0.19 / 3,3%,Apps,MDA_Zendesk,Yes,No,Fabrikam Health,MDA_Zendesk_enableapp,"Regulated tenant with good intent, mixed licensing, and slow remediation queues."
10,Enable IP restrictions,Completed,2.47 / 3,3%,Identity,Microsoft Entra ID,Yes,No,Fabrikam Health,MDA_Zendesk_IPrestrictions,"Regulated tenant with good intent, mixed licensing, and slow remediation queues."
10,Enable and adopt two-factor authentication (2FA),Completed,6.48 / 7,7%,Identity,Microsoft Entra ID,Yes,No,Fabrikam Health,MDA_Zendesk_MFA,"Regulated tenant with good intent, mixed licensing, and slow remediation queues."
10,Enable session timeout for users,Planned,3.95 / 6,6%,Identity,Microsoft Entra ID,Yes,No,Fabrikam Health,MDA_Zendesk_sessionexpiry,"Regulated tenant with good intent, mixed licensing, and slow remediation queues."
10,Enable external Authentication (google or microsoft or SSO),Planned,2.81 / 7,7%,Identity,Microsoft Entra ID,Yes,Yes,Fabrikam Health,MDA_Zendesk_SSO,"Regulated tenant with good intent, mixed licensing, and slow remediation queues."
10,Enable Zendesk authentication,To address,0.7 / 7,7%,Identity,Microsoft Entra ID,Yes,No,Fabrikam Health,MDA_Zendesk_ZanAuth,"Regulated tenant with good intent, mixed licensing, and slow remediation queues."
10,Block users in specific domains from joining meetings and webinars,Planned,1.27 / 3,3%,Apps,MDA_Zoom,Yes,No,Fabrikam Health,MDA_Zoom_BlockDomains,"Regulated tenant with good intent, mixed licensing, and slow remediation queues."
10,Enforce end to end encryption in all Zoom meetings,Planned,1.74 / 3,3%,Apps,MDA_Zoom,Yes,Yes,Fabrikam Health,MDA_Zoom_MeetingE2eEncryption,"Regulated tenant with good intent, mixed licensing, and slow remediation queues."
10,Enable multi-factor authentication,Planned,5.09 / 7,7%,Apps,MDA_Zoom,Yes,No,Fabrikam Health,MDA_Zoom_MFA,"Regulated tenant with good intent, mixed licensing, and slow remediation queues."
10,Enhance password requirements,Completed,3.58 / 4,4%,Apps,MDA_Zoom,Yes,No,Fabrikam Health,MDA_Zoom_PasswordReq,"Regulated tenant with good intent, mixed licensing, and slow remediation queues."
10,Enable session timeout for client users,Planned,4.42 / 6,6%,Apps,MDA_Zoom,Yes,No,Fabrikam Health,MDA_Zoom_SessionTimeoutClient,"Regulated tenant with good intent, mixed licensing, and slow remediation queues."
10,Enable session timeout for web users,Completed,5.54 / 6,6%,Apps,MDA_Zoom,Yes,No,Fabrikam Health,MDA_Zoom_SessionTimeoutWeb,"Regulated tenant with good intent, mixed licensing, and slow remediation queues."
128,Ensure that no sender domains are allowed for anti-spam policies,Planned,1.52 / 2,2%,Apps,MDO,Yes,No,Fabrikam Health,mdo_allowedsenderscombined,"Regulated tenant with good intent, mixed licensing, and slow remediation queues."
10,Ensure that an anti-phishing policy has been created,Planned,2.08 / 3,3%,Apps,MDO,Yes,No,Fabrikam Health,mdo_antiphishingpolicies,"Regulated tenant with good intent, mixed licensing, and slow remediation queues."
128,"Turn on Microsoft Defender for Office 365 in SharePoint, OneDrive, and Microsoft Teams",Planned,2.62 / 5,5%,Apps,Microsoft Teams,No,No,Fabrikam Health,mdo_atpprotection,"Regulated tenant with good intent, mixed licensing, and slow remediation queues."
128,Set automatic email forwarding rules to be system controlled,Planned,0.8 / 1,1%,Apps,Exchange Online,Yes,No,Fabrikam Health,mdo_autoforwardingmode,"Regulated tenant with good intent, mixed licensing, and slow remediation queues."
10,Ensure all forms of mail forwarding are blocked and/or disabled,Planned,2.86 / 5,5%,Apps,Exchange Online,Yes,No,Fabrikam Health,mdo_blockmailforward,"Regulated tenant with good intent, mixed licensing, and slow remediation queues."
128,Set action to take on bulk spam detection,Completed,2.63 / 3,3%,Apps,MDO,Yes,No,Fabrikam Health,mdo_bulkspamaction,"Regulated tenant with good intent, mixed licensing, and slow remediation queues."
128,Set the email bulk complaint level (BCL) threshold to be 6 or lower,Planned,0.73 / 1,1%,Apps,Exchange Online,Yes,No,Fabrikam Health,mdo_bulkthreshold,"Regulated tenant with good intent, mixed licensing, and slow remediation queues."
128,Ensure the Common Attachment Types Filter is enabled,Planned,3.85 / 5,5%,Apps,MDO,No,No,Fabrikam Health,mdo_commonattachmentsfilter,"Regulated tenant with good intent, mixed licensing, and slow remediation queues."
128,Don't add allowed IP addresses in the connection filter policy,To address,0.13 / 1,1%,Apps,MDO,Yes,No,Fabrikam Health,mdo_connectionfilter,"Regulated tenant with good intent, mixed licensing, and slow remediation queues."
128,Enable impersonated domain protection,Planned,5.4 / 8,8%,Apps,MDO,Yes,No,Fabrikam Health,mdo_enabledomainstoprotect,"Regulated tenant with good intent, mixed licensing, and slow remediation queues."
128,Ensure that mailbox intelligence is enabled,To address,1.09 / 8,8%,Apps,Exchange Online,Yes,No,Fabrikam Health,mdo_enablemailboxintelligence,"Regulated tenant with good intent, mixed licensing, and slow remediation queues."
128,Set action to take on high confidence phishing detection,Planned,2.94 / 5,5%,Apps,MDO,Yes,No,Fabrikam Health,mdo_highconfidencephishaction,"Regulated tenant with good intent, mixed licensing, and slow remediation queues."
128,Set action to take on high confidence spam detection,Planned,3.08 / 5,5%,Apps,MDO,Yes,No,Fabrikam Health,mdo_highconfidencespamaction,"Regulated tenant with good intent, mixed licensing, and slow remediation queues."
128,Ensure that intelligence for impersonation protection is enabled,Planned,4.32 / 8,8%,Apps,MDO,Yes,No,Fabrikam Health,mdo_mailboxintelligenceprotection,"Regulated tenant with good intent, mixed licensing, and slow remediation queues."
128,Move messages that are detected as impersonated users by mailbox intelligence,Planned,4.76 / 8,8%,Apps,Exchange Online,No,No,Fabrikam Health,mdo_mailboxintelligenceprotectionaction,"Regulated tenant with good intent, mixed licensing, and slow remediation queues."
128,Set the phishing email level threshold at 2 or higher,Completed,8 / 8,8%,Apps,Exchange Online,Yes,No,Fabrikam Health,mdo_phishthresholdlevel,"Regulated tenant with good intent, mixed licensing, and slow remediation queues."
128,Set action to take on phishing detection,Planned,3.43 / 5,5%,Apps,MDO,Yes,No,Fabrikam Health,mdo_phisspamacation,"Regulated tenant with good intent, mixed licensing, and slow remediation queues."
128,Retain spam in quarantine for 30 days,Completed,0.9 / 1,1%,Apps,MDO,Yes,No,Fabrikam Health,mdo_quarantineretentionperiod,"Regulated tenant with good intent, mixed licensing, and slow remediation queues."
128,Set maximum number of external recipients that a user can email per hour,Planned,0.7 / 1,1%,Apps,Exchange Online,No,Yes,Fabrikam Health,mdo_recipientexternallimitperhour,"Regulated tenant with good intent, mixed licensing, and slow remediation queues."
128,Set maximum number of internal recipients that a user can send to within an hour,Planned,0.44 / 1,1%,Apps,MDO,Yes,No,Fabrikam Health,mdo_recipientinternallimitperhour,"Regulated tenant with good intent, mixed licensing, and slow remediation queues."
128,Set a daily message limit,Planned,0.59 / 1,1%,Apps,MDO,Yes,No,Fabrikam Health,mdo_recipientlimitperday,"Regulated tenant with good intent, mixed licensing, and slow remediation queues."
10,Ensure Safe Attachments policy is enabled,Completed,4.14 / 5,5%,Apps,MDO,Yes,No,Fabrikam Health,mdo_safeattachmentpolicy,"Regulated tenant with good intent, mixed licensing, and slow remediation queues."
128,Turn on Safe Attachments in block mode,Planned,4.7 / 8,8%,Apps,MDO,Yes,No,Fabrikam Health,mdo_safeattachments,"Regulated tenant with good intent, mixed licensing, and slow remediation queues."
128,Turn on Safe Documents for Office Clients,Planned,3.84 / 5,5%,Apps,MDO,Yes,No,Fabrikam Health,mdo_safedocuments,"Regulated tenant with good intent, mixed licensing, and slow remediation queues."
128,Create Safe Links policies for email messages,Completed,8.48 / 9,9%,Apps,Exchange Online,Yes,No,Fabrikam Health,mdo_safelinksforemail,"Regulated tenant with good intent, mixed licensing, and slow remediation queues."
10,Ensure Safe Links for Office Applications is Enabled,Completed,2.9 / 3,3%,Apps,MDO,Yes,No,Fabrikam Health,mdo_safelinksforOfficeApps,"Regulated tenant with good intent, mixed licensing, and slow remediation queues."
128,Enable the domain impersonation safety tip,Planned,2.05 / 3,3%,Apps,MDO,Yes,No,Fabrikam Health,mdo_similardomainssafetytips,"Regulated tenant with good intent, mixed licensing, and slow remediation queues."
128,Enable the user impersonation safety tip,Planned,2.37 / 3,3%,Apps,MDO,Yes,No,Fabrikam Health,mdo_similaruserssafetytips,"Regulated tenant with good intent, mixed licensing, and slow remediation queues."
10,Ensure Exchange Online Spam Policies are set to notify administrators,Planned,1.98 / 3,3%,Apps,Exchange Online,Yes,Yes,Fabrikam Health,mdo_spam_notifications_only_for_admins,"Regulated tenant with good intent, mixed licensing, and slow remediation queues."
128,Set action to take on spam detection,Planned,1.83 / 5,5%,Apps,MDO,Yes,No,Fabrikam Health,mdo_spamaction,"Regulated tenant with good intent, mixed licensing, and slow remediation queues."
128,Quarantine messages that are detected from impersonated domains,To address,0.16 / 6,6%,Apps,MDO,Yes,No,Fabrikam Health,mdo_targeteddomainprotectionaction,"Regulated tenant with good intent, mixed licensing, and slow remediation queues."
128,Quarantine messages that are detected from impersonated users,Planned,3.46 / 6,6%,Apps,MDO,Yes,No,Fabrikam Health,mdo_targeteduserprotectionaction,"Regulated tenant with good intent, mixed licensing, and slow remediation queues."
128,Enable impersonated user protection,Completed,8 / 8,8%,Apps,MDO,Yes,No,Fabrikam Health,mdo_targetedusersprotection,"Regulated tenant with good intent, mixed licensing, and slow remediation queues."
128,Block users who reached the message limit,Completed,0.87 / 1,1%,Apps,MDO,Yes,No,Fabrikam Health,mdo_thresholdreachedaction,"Regulated tenant with good intent, mixed licensing, and slow remediation queues."
128,Enable the user impersonation unusual characters safety tip,Completed,2.61 / 3,3%,Apps,MDO,Yes,No,Fabrikam Health,mdo_unusualcharacterssafetytips,"Regulated tenant with good intent, mixed licensing, and slow remediation queues."
128,Create zero-hour auto purge policies for malware,Planned,4.37 / 6,6%,Apps,MDO,Yes,Yes,Fabrikam Health,mdo_zapmalware,"Regulated tenant with good intent, mixed licensing, and slow remediation queues."
128,Create zero-hour auto purge policies for phishing messages,Planned,1.62 / 3,3%,Apps,MDO,Yes,No,Fabrikam Health,mdo_zapphish,"Regulated tenant with good intent, mixed licensing, and slow remediation queues."
128,Create zero-hour auto purge policies for spam messages,Planned,0.73 / 1,1%,Apps,MDO,Yes,No,Fabrikam Health,mdo_zapspam,"Regulated tenant with good intent, mixed licensing, and slow remediation queues."
246,Restrict anonymous users from starting Teams meetings,Planned,0.41 / 1,1%,Apps,Microsoft Teams,Yes,No,Fabrikam Health,meeting_anonymousstartmeeting_v1,"Regulated tenant with good intent, mixed licensing, and slow remediation queues."
247,Only invited users should be automatically admitted to Teams meetings,Planned,1.19 / 2,2%,Apps,Microsoft Teams,Yes,No,Fabrikam Health,meeting_autoadmitusers_v1,"Regulated tenant with good intent, mixed licensing, and slow remediation queues."
248,Configure which users are allowed to present in Teams meetings,Planned,1.07 / 2,2%,Apps,Microsoft Teams,Yes,No,Fabrikam Health,meeting_designatedpresenter_v1,"Regulated tenant with good intent, mixed licensing, and slow remediation queues."
249,Limit external participants from having control in a Teams meeting,Completed,0.86 / 1,1%,Apps,Microsoft Teams,Yes,No,Fabrikam Health,meeting_externalrequestcontrol_v1,"Regulated tenant with good intent, mixed licensing, and slow remediation queues."
250,Restrict dial-in users from bypassing a meeting lobby,Planned,0.75 / 1,1%,Apps,Microsoft Teams,Yes,No,Fabrikam Health,meeting_pstnusersbypasslobby_v1,"Regulated tenant with good intent, mixed licensing, and slow remediation queues."
251,Restrict anonymous users from joining meetings,Completed,0.92 / 1,1%,Apps,Microsoft Teams,Yes,No,Fabrikam Health,meeting_restrictanonymousjoin_v1,"Regulated tenant with good intent, mixed licensing, and slow remediation queues."
12,Ensure multifactor authentication is enabled for all users,Planned,7.33 / 9,9%,Identity,Microsoft Entra ID,Yes,No,Fabrikam Health,MFARegistrationV2,"Regulated tenant with good intent, mixed licensing, and slow remediation queues."
129,Ensure that Auto-labeling data classification policies are set up and used,Planned,0.69 / 1,1%,Data,MIP,Yes,No,Fabrikam Health,mip_autosensitivitylabelspolicies,"Regulated tenant with good intent, mixed licensing, and slow remediation queues."
10,Ensure DLP policies are enabled for Microsoft Teams,Planned,1.31 / 3,3%,Apps,Microsoft Teams,Yes,No,Fabrikam Health,mip_DLP_policies_Teams,"Regulated tenant with good intent, mixed licensing, and slow remediation queues."
10,Ensure Office 365 Management Activity API is Enabled for some workloads (see description),Planned,2.12 / 3,3%,Apps,MIP,Yes,No,Fabrikam Health,mip_management_API_enabled_four_workloads,"Regulated tenant with good intent, mixed licensing, and slow remediation queues."
129,Extend M365 sensitivity labeling to assets in Microsoft Purview data map,Planned,0.45 / 1,1%,Data,MIP,Yes,No,Fabrikam Health,mip_purviewlabelconsent,"Regulated tenant with good intent, mixed licensing, and slow remediation queues."
10,Ensure Microsoft 365 audit log search is Enabled,To address,0.85 / 3,3%,Apps,MIP,Yes,No,Fabrikam Health,mip_search_auditlog,"Regulated tenant with good intent, mixed licensing, and slow remediation queues."
129,Publish M365 sensitivity label data classification policies,Planned,1.43 / 2,2%,Data,MIP,Yes,No,Fabrikam Health,mip_sensitivitylabelspolicies,"Regulated tenant with good intent, mixed licensing, and slow remediation queues."
27,Designate more than one global admin,Planned,0.38 / 1,1%,Identity,Microsoft Entra ID,Yes,No,Fabrikam Health,OneAdmin,"Regulated tenant with good intent, mixed licensing, and slow remediation queues."
9,Ensure that password hash sync is enabled for hybrid deployments,Completed,4.52 / 5,5%,Identity,Microsoft Entra ID,Yes,No,Fabrikam Health,PasswordHashSync,"Regulated tenant with good intent, mixed licensing, and slow remediation queues."
33,Ensure the 'Password expiration policy' is set to 'Set passwords to never expire (recommended)',Planned,6.47 / 8,8%,Identity,Microsoft Entra ID,Yes,No,Fabrikam Health,PWAgePolicyNew,"Regulated tenant with good intent, mixed licensing, and slow remediation queues."
50,Use least privileged administrative roles,Planned,0.68 / 1,1%,Identity,Microsoft Entra ID,Yes,No,Fabrikam Health,RoleOverlap,"Regulated tenant with good intent, mixed licensing, and slow remediation queues."
162,Disable JavaScript on Adobe Reader 2015,Planned,2.25 / 5,5%,Device,Microsoft Intune,Yes,No,Fabrikam Health,scid_100,"Regulated tenant with good intent, mixed licensing, and slow remediation queues."
163,Disable JavaScript on Adobe 2015,Planned,2.81 / 5,5%,Device,Microsoft Intune,Yes,No,Fabrikam Health,scid_101,"Regulated tenant with good intent, mixed licensing, and slow remediation queues."
208,Enable 'Local Security Authority (LSA) protection' on Windows 11 22h2 and higher,Planned,5.84 / 8,8%,Device,Microsoft Intune,Yes,No,Fabrikam Health,scid_102,"Regulated tenant with good intent, mixed licensing, and slow remediation queues."
209,Require LDAP client signing to prevent tampering and protect directory authentication,Completed,5.79 / 7,7%,Device,Microsoft Intune,Yes,No,Fabrikam Health,scid_103,"Regulated tenant with good intent, mixed licensing, and slow remediation queues."
210,Encrypt LDAP client traffic to protect sensitive data in transit,Planned,4.55 / 7,7%,Device,Microsoft Intune,Yes,No,Fabrikam Health,scid_104,"Regulated tenant with good intent, mixed licensing, and slow remediation queues."
211,Enforce LDAP channel binding to protect authentication sessions from interception,Planned,5 / 7,7%,Device,Microsoft Intune,Yes,No,Fabrikam Health,scid_105,"Regulated tenant with good intent, mixed licensing, and slow remediation queues."
212,Require LDAP server signing to ensure integrity of directory traffic,Planned,5.71 / 8,8%,Device,Microsoft Intune,Yes,No,Fabrikam Health,scid_106,"Regulated tenant with good intent, mixed licensing, and slow remediation queues."
213,Disable Remote Registry Service on Windows,Planned,4.14 / 8,8%,Device,Microsoft Intune,Yes,No,Fabrikam Health,scid_108,"Regulated tenant with good intent, mixed licensing, and slow remediation queues."
214,Disable NTLM authentication for Windows,Planned,5 / 8,8%,Device,Microsoft Intune,Yes,No,Fabrikam Health,scid_109,"Regulated tenant with good intent, mixed licensing, and slow remediation queues."
228,Ensure devices are updated to Secure Boot 2023 certificates and boot manager,To address,2.03 / 7,7%,Device,Microsoft Intune,Yes,No,Fabrikam Health,scid_112,"Regulated tenant with good intent, mixed licensing, and slow remediation queues."
33,Enable Automatic Updates,Planned,1.88 / 5,5%,Device,Microsoft Intune,Yes,No,Fabrikam Health,scid_15,"Regulated tenant with good intent, mixed licensing, and slow remediation queues."
34,Enable 'Hide Option to Enable or Disable Updates',Planned,2.77 / 5,5%,Device,Microsoft Intune,No,No,Fabrikam Health,scid_16,"Regulated tenant with good intent, mixed licensing, and slow remediation queues."
35,Disable 'Allow running plugins that are outdated',Completed,6.82 / 8,8%,Device,Microsoft Intune,Yes,No,Fabrikam Health,scid_17,"Regulated tenant with good intent, mixed licensing, and slow remediation queues."
37,Disable 'Continue running background apps when Google Chrome is closed',Planned,3.75 / 5,5%,Device,Microsoft Intune,Yes,No,Fabrikam Health,scid_19,"Regulated tenant with good intent, mixed licensing, and slow remediation queues."
38,Disable 'AutoFill',Completed,4.25 / 5,5%,Device,Microsoft Intune,Yes,No,Fabrikam Health,scid_20,"Regulated tenant with good intent, mixed licensing, and slow remediation queues."
99,Turn on Microsoft Defender for Endpoint sensor,Completed,8.44 / 10,10%,Device,Microsoft Intune,Yes,No,Fabrikam Health,scid_2000,"Regulated tenant with good intent, mixed licensing, and slow remediation queues."
100,Fix Microsoft Defender for Endpoint sensor data collection,To address,2.79 / 10,10%,Device,Microsoft Intune,Yes,No,Fabrikam Health,scid_2001,"Regulated tenant with good intent, mixed licensing, and slow remediation queues."
101,Fix Microsoft Defender for Endpoint impaired communications,Planned,6.49 / 10,10%,Device,Microsoft Intune,Yes,No,Fabrikam Health,scid_2002,"Regulated tenant with good intent, mixed licensing, and slow remediation queues."
281,Turn on Tamper Protection,Planned,4.44 / 8,8%,Device,Microsoft Intune,Yes,No,Fabrikam Health,scid_2003,"Regulated tenant with good intent, mixed licensing, and slow remediation queues."
167,Enable EDR in block mode,Planned,3.83 / 8,8%,Device,Microsoft Intune,Yes,No,Fabrikam Health,scid_2004,"Regulated tenant with good intent, mixed licensing, and slow remediation queues."
102,Turn on Microsoft Defender Antivirus,Planned,6.44 / 10,10%,Device,Microsoft Intune,No,No,Fabrikam Health,scid_2010,"Regulated tenant with good intent, mixed licensing, and slow remediation queues."
103,Update Microsoft Defender Antivirus definitions,To address,1.37 / 9,9%,Device,Microsoft Intune,No,No,Fabrikam Health,scid_2011,"Regulated tenant with good intent, mixed licensing, and slow remediation queues."
104,Turn on real-time protection,Planned,6.87 / 10,10%,Device,Microsoft Intune,No,No,Fabrikam Health,scid_2012,"Regulated tenant with good intent, mixed licensing, and slow remediation queues."
105,Turn on PUA protection in block mode,Completed,8.42 / 9,9%,Device,Microsoft Intune,Yes,No,Fabrikam Health,scid_2013,"Regulated tenant with good intent, mixed licensing, and slow remediation queues."
106,Fix Windows Defender Antivirus cloud service connectivity,Planned,6.06 / 8,8%,Device,Microsoft Intune,Yes,No,Fabrikam Health,scid_2014,"Regulated tenant with good intent, mixed licensing, and slow remediation queues."
288,Enable cloud-delivered protection,Planned,4.36 / 8,8%,Device,Microsoft Intune,Yes,No,Fabrikam Health,scid_2016,"Regulated tenant with good intent, mixed licensing, and slow remediation queues."
108,Turn on all system-level Exploit protection settings,Planned,4.07 / 8,8%,Device,Microsoft Intune,Yes,Yes,Fabrikam Health,scid_2020,"Regulated tenant with good intent, mixed licensing, and slow remediation queues."
109,Set controlled folder access to enabled or audit mode,Planned,3.62 / 8,8%,Device,Microsoft Intune,Yes,No,Fabrikam Health,scid_2021,"Regulated tenant with good intent, mixed licensing, and slow remediation queues."
207,Update Microsoft Defender for Endpoint core components,Completed,8.37 / 10,10%,Device,Microsoft Intune,Yes,No,Fabrikam Health,scid_2030,"Regulated tenant with good intent, mixed licensing, and slow remediation queues."
114,Set Microsoft Defender SmartScreen app and file checking to block or warn,Planned,5.48 / 9,9%,Device,Microsoft Intune,Yes,No,Fabrikam Health,scid_2060,"Regulated tenant with good intent, mixed licensing, and slow remediation queues."
115,Set Microsoft Defender SmartScreen Microsoft Edge site and download checking to block or warn,Planned,5.9 / 9,9%,Device,Microsoft Intune,Yes,No,Fabrikam Health,scid_2061,"Regulated tenant with good intent, mixed licensing, and slow remediation queues."
117,Turn on Microsoft Defender Firewall,Completed,8.86 / 10,10%,Device,Microsoft Intune,Yes,No,Fabrikam Health,scid_2070,"Regulated tenant with good intent, mixed licensing, and slow remediation queues."
118,Secure Microsoft Defender Firewall domain profile,Planned,5.92 / 9,9%,Device,Microsoft Intune,Yes,No,Fabrikam Health,scid_2071,"Regulated tenant with good intent, mixed licensing, and slow remediation queues."
119,Secure Microsoft Defender firewall private profile,Completed,7.57 / 9,9%,Device,Microsoft Intune,Yes,No,Fabrikam Health,scid_2072,"Regulated tenant with good intent, mixed licensing, and slow remediation queues."
120,Secure Microsoft Defender Firewall public profile,Planned,6.74 / 9,9%,Device,Microsoft Intune,Yes,Yes,Fabrikam Health,scid_2073,"Regulated tenant with good intent, mixed licensing, and slow remediation queues."
122,Turn on Microsoft Defender Credential Guard,Planned,5.17 / 8,8%,Device,Microsoft Intune,Yes,Yes,Fabrikam Health,scid_2080,"Regulated tenant with good intent, mixed licensing, and slow remediation queues."
124,Encrypt all BitLocker-supported drives,Planned,3.17 / 9,9%,Device,Microsoft Intune,Yes,No,Fabrikam Health,scid_2090,"Regulated tenant with good intent, mixed licensing, and slow remediation queues."
125,Resume BitLocker protection on all drives,Planned,5.75 / 9,9%,Device,Microsoft Intune,Yes,No,Fabrikam Health,scid_2091,"Regulated tenant with good intent, mixed licensing, and slow remediation queues."
126,Ensure BitLocker drive compatibility,Planned,5.96 / 8,8%,Device,Microsoft Intune,Yes,No,Fabrikam Health,scid_2093,"Regulated tenant with good intent, mixed licensing, and slow remediation queues."
39,Block webpages from automatically running Flash plugins,Planned,4.09 / 5,5%,Device,Microsoft Intune,Yes,No,Fabrikam Health,scid_21,"Regulated tenant with good intent, mixed licensing, and slow remediation queues."
215,Enable UEFI Secure Boot mode,Completed,7.74 / 9,9%,Device,Microsoft Intune,Yes,No,Fabrikam Health,scid_2100,"Regulated tenant with good intent, mixed licensing, and slow remediation queues."
40,Disable 'Password Manager',Planned,3.69 / 5,5%,Device,Microsoft Intune,Yes,No,Fabrikam Health,scid_22,"Regulated tenant with good intent, mixed licensing, and slow remediation queues."
41,Enable 'Block third party cookies',Planned,0.76 / 2,2%,Device,Microsoft Intune,Yes,No,Fabrikam Health,scid_23,"Regulated tenant with good intent, mixed licensing, and slow remediation queues."
42,Set 'Remote Desktop security level' to 'TLS',Planned,5.45 / 8,8%,Device,Microsoft Intune,Yes,No,Fabrikam Health,scid_24,"Regulated tenant with good intent, mixed licensing, and slow remediation queues."
43,Enable 'Local Security Authority (LSA) protection',Planned,4.44 / 8,8%,Device,Microsoft Intune,Yes,No,Fabrikam Health,scid_25,"Regulated tenant with good intent, mixed licensing, and slow remediation queues."
308,Block executable content from email client and webmail,To address,1.09 / 9,9%,Device,Exchange Online,Yes,No,Fabrikam Health,scid_2500,"Regulated tenant with good intent, mixed licensing, and slow remediation queues."
309,Block all Office applications from creating child processes,Planned,5.9 / 9,9%,Device,Microsoft Intune,Yes,No,Fabrikam Health,scid_2501,"Regulated tenant with good intent, mixed licensing, and slow remediation queues."
310,Block Office applications from creating executable content,Planned,6.07 / 9,9%,Device,Microsoft Intune,Yes,Yes,Fabrikam Health,scid_2502,"Regulated tenant with good intent, mixed licensing, and slow remediation queues."
311,Block Office applications from injecting code into other processes,Completed,8.01 / 9,9%,Device,Microsoft Intune,Yes,No,Fabrikam Health,scid_2503,"Regulated tenant with good intent, mixed licensing, and slow remediation queues."
312,Block JavaScript or VBScript from launching downloaded executable content,Planned,6.66 / 9,9%,Device,Microsoft Intune,Yes,No,Fabrikam Health,scid_2504,"Regulated tenant with good intent, mixed licensing, and slow remediation queues."
313,Block execution of potentially obfuscated scripts,Planned,6.68 / 9,9%,Device,Microsoft Intune,Yes,No,Fabrikam Health,scid_2505,"Regulated tenant with good intent, mixed licensing, and slow remediation queues."
314,Block Win32 API calls from Office macros,Planned,6.22 / 9,9%,Device,Microsoft Intune,Yes,No,Fabrikam Health,scid_2506,"Regulated tenant with good intent, mixed licensing, and slow remediation queues."
315,"Block executable files from running unless they meet a prevalence, age, or trusted list criterion",Planned,3.77 / 9,9%,Device,Microsoft Intune,Yes,No,Fabrikam Health,scid_2507,"Regulated tenant with good intent, mixed licensing, and slow remediation queues."
316,Use advanced protection against ransomware,Planned,5.64 / 9,9%,Device,Microsoft Intune,Yes,No,Fabrikam Health,scid_2508,"Regulated tenant with good intent, mixed licensing, and slow remediation queues."
126,Block credential stealing from the Windows local security authority subsystem (lsass.exe),Planned,3.99 / 9,9%,Device,Microsoft Intune,No,No,Fabrikam Health,scid_2509,"Regulated tenant with good intent, mixed licensing, and slow remediation queues."
318,Block process creations originating from PSExec and WMI commands,Planned,6.01 / 9,9%,Device,Microsoft Intune,No,No,Fabrikam Health,scid_2510,"Regulated tenant with good intent, mixed licensing, and slow remediation queues."
319,Block untrusted and unsigned processes that run from USB,Planned,7.07 / 9,9%,Device,Microsoft Intune,No,No,Fabrikam Health,scid_2511,"Regulated tenant with good intent, mixed licensing, and slow remediation queues."
320,Block Office communication application from creating child processes,Completed,7.94 / 9,9%,Device,Microsoft Intune,Yes,No,Fabrikam Health,scid_2512,"Regulated tenant with good intent, mixed licensing, and slow remediation queues."
321,Block Adobe Reader from creating child processes,Completed,7.74 / 9,9%,Device,Microsoft Intune,Yes,No,Fabrikam Health,scid_2513,"Regulated tenant with good intent, mixed licensing, and slow remediation queues."
322,Block persistence through WMI event subscription,Planned,6.86 / 9,9%,Device,Microsoft Intune,Yes,No,Fabrikam Health,scid_2514,"Regulated tenant with good intent, mixed licensing, and slow remediation queues."
323,Block abuse of exploited vulnerable signed drivers,Planned,5.55 / 9,9%,Device,Microsoft Intune,Yes,No,Fabrikam Health,scid_2515,"Regulated tenant with good intent, mixed licensing, and slow remediation queues."
216,Block Webshell creation for Servers,Planned,6.73 / 9,9%,Device,Microsoft Intune,Yes,No,Fabrikam Health,scid_2516,"Regulated tenant with good intent, mixed licensing, and slow remediation queues."
217,Block use of copied or impersonated system tools,Planned,4.01 / 9,9%,Device,Microsoft Intune,Yes,No,Fabrikam Health,scid_2517,"Regulated tenant with good intent, mixed licensing, and slow remediation queues."
218,Block rebooting machine in Safe Mode,Planned,3.37 / 9,9%,Device,Microsoft Intune,Yes,No,Fabrikam Health,scid_2518,"Regulated tenant with good intent, mixed licensing, and slow remediation queues."
44,Enable 'Safe DLL Search Mode',Completed,6.8 / 8,8%,Device,Microsoft Intune,Yes,No,Fabrikam Health,scid_26,"Regulated tenant with good intent, mixed licensing, and slow remediation queues."
45,Set User Account Control (UAC) to automatically deny elevation requests,Completed,6.63 / 8,8%,Device,Microsoft Intune,Yes,No,Fabrikam Health,scid_27,"Regulated tenant with good intent, mixed licensing, and slow remediation queues."
177,Set 'Interactive logon: Machine inactivity limit' to '1-900 seconds',Planned,3.73 / 5,5%,Device,Microsoft Intune,Yes,No,Fabrikam Health,scid_28,"Regulated tenant with good intent, mixed licensing, and slow remediation queues."
46,Disable 'Enumerate administrator accounts on elevation',Completed,6.83 / 8,8%,Device,Microsoft Intune,Yes,No,Fabrikam Health,scid_29,"Regulated tenant with good intent, mixed licensing, and slow remediation queues."
47,Disable 'Insecure guest logons' in SMB,Completed,8 / 8,8%,Device,Microsoft Intune,Yes,No,Fabrikam Health,scid_30,"Regulated tenant with good intent, mixed licensing, and slow remediation queues."
164,Fix unquoted service path for Windows services,Planned,4.67 / 8,8%,Device,Microsoft Intune,Yes,No,Fabrikam Health,scid_3001,"Regulated tenant with good intent, mixed licensing, and slow remediation queues."
165,Change service executable path to a common protected location,Planned,4.31 / 8,8%,Device,Microsoft Intune,Yes,No,Fabrikam Health,scid_3002,"Regulated tenant with good intent, mixed licensing, and slow remediation queues."
166,Change service account to avoid cached password in windows registry,Completed,7.13 / 8,8%,Device,Microsoft Intune,Yes,No,Fabrikam Health,scid_3003,"Regulated tenant with good intent, mixed licensing, and slow remediation queues."
168,Disable the built-in Administrator account,To address,0.99 / 8,8%,Device,Microsoft Intune,Yes,No,Fabrikam Health,scid_3010,"Regulated tenant with good intent, mixed licensing, and slow remediation queues."
169,Disable the built-in Guest account,Planned,6.04 / 8,8%,Device,Microsoft Intune,No,Yes,Fabrikam Health,scid_3011,"Regulated tenant with good intent, mixed licensing, and slow remediation queues."
170,Set 'Minimum password length' to '14 or more characters',Completed,4.45 / 5,5%,Device,Microsoft Intune,Yes,No,Fabrikam Health,scid_32,"Regulated tenant with good intent, mixed licensing, and slow remediation queues."
171,Set 'Enforce password history' to '24 or more password(s)',Planned,3.36 / 5,5%,Device,Microsoft Intune,Yes,Yes,Fabrikam Health,scid_33,"Regulated tenant with good intent, mixed licensing, and slow remediation queues."
172,"Set 'Maximum password age' to '60 or fewer days, but not 0'",Completed,4.89 / 5,5%,Device,Microsoft Intune,Yes,No,Fabrikam Health,scid_34,"Regulated tenant with good intent, mixed licensing, and slow remediation queues."
173,Set 'Minimum password age' to '1 or more day(s)',Planned,3.66 / 5,5%,Device,Microsoft Intune,Yes,No,Fabrikam Health,scid_35,"Regulated tenant with good intent, mixed licensing, and slow remediation queues."
49,Enable 'Domain member: Require strong (Windows 2000 or later) session key',Planned,2.74 / 5,5%,Device,Microsoft Intune,Yes,No,Fabrikam Health,scid_36,"Regulated tenant with good intent, mixed licensing, and slow remediation queues."
50,Enable 'Domain member: Digitally encrypt or sign secure channel data (always)',Planned,2.4 / 5,5%,Device,Microsoft Intune,Yes,No,Fabrikam Health,scid_37,"Regulated tenant with good intent, mixed licensing, and slow remediation queues."
51,Enable Set 'Domain member: Digitally encrypt secure channel data (when possible)',To address,0.67 / 5,5%,Device,Microsoft Intune,Yes,No,Fabrikam Health,scid_38,"Regulated tenant with good intent, mixed licensing, and slow remediation queues."
52,Enable 'Domain member: Digitally sign secure channel data (when possible)',Planned,1.97 / 5,5%,Device,Microsoft Intune,Yes,Yes,Fabrikam Health,scid_39,"Regulated tenant with good intent, mixed licensing, and slow remediation queues."
53,Disable 'Domain member: Disable machine account password changes',To address,0.14 / 2,2%,Device,Microsoft Intune,Yes,No,Fabrikam Health,scid_40,"Regulated tenant with good intent, mixed licensing, and slow remediation queues."
203,Disallow offline access to shares,Completed,6.97 / 8,8%,Device,Microsoft Intune,Yes,No,Fabrikam Health,scid_4000,"Regulated tenant with good intent, mixed licensing, and slow remediation queues."
204,Remove share write permission set to ‘Everyone’,Completed,8 / 8,8%,Device,Microsoft Intune,Yes,No,Fabrikam Health,scid_4001,"Regulated tenant with good intent, mixed licensing, and slow remediation queues."
205,Remove shares from the root folder,Planned,6.16 / 8,8%,Device,Microsoft Intune,Yes,No,Fabrikam Health,scid_4002,"Regulated tenant with good intent, mixed licensing, and slow remediation queues."
206,Set folder access-based enumeration for shares,Planned,5.19 / 8,8%,Device,Microsoft Intune,Yes,No,Fabrikam Health,scid_4003,"Regulated tenant with good intent, mixed licensing, and slow remediation queues."
175,Set 'Account lockout duration' to 15 minutes or more,Planned,3.93 / 6,6%,Device,Microsoft Intune,Yes,No,Fabrikam Health,scid_41,"Regulated tenant with good intent, mixed licensing, and slow remediation queues."
178,Set 'Reset account lockout counter after' to 15 minutes or more,Planned,3.77 / 6,6%,Device,Microsoft Intune,Yes,No,Fabrikam Health,scid_42,"Regulated tenant with good intent, mixed licensing, and slow remediation queues."
54,Disable Microsoft Defender Firewall notifications when programs are blocked for Domain profile,Planned,1.17 / 2,2%,Device,Microsoft Intune,Yes,No,Fabrikam Health,scid_43,"Regulated tenant with good intent, mixed licensing, and slow remediation queues."
176,Set 'Account lockout threshold' to 1-10 invalid login attempts,Planned,2.38 / 6,6%,Device,Microsoft Intune,Yes,No,Fabrikam Health,scid_44,"Regulated tenant with good intent, mixed licensing, and slow remediation queues."
202,Set user authentication for remote connections by using Network Level Authentication to 'Enabled',Planned,2.5 / 5,5%,Device,Microsoft Intune,Yes,Yes,Fabrikam Health,scid_45,"Regulated tenant with good intent, mixed licensing, and slow remediation queues."
55,Disable Microsoft Defender Firewall notifications when programs are blocked for Private profile,Planned,1.56 / 2,2%,Device,Microsoft Intune,No,Yes,Fabrikam Health,scid_46,"Regulated tenant with good intent, mixed licensing, and slow remediation queues."
56,Disable Microsoft Defender Firewall notifications when programs are blocked for Public profile,To address,0.55 / 2,2%,Device,Microsoft Intune,Yes,Yes,Fabrikam Health,scid_49,"Regulated tenant with good intent, mixed licensing, and slow remediation queues."
57,Disable merging of local Microsoft Defender Firewall rules with group policy firewall rules for the Public profile,Completed,5 / 5,5%,Device,Microsoft Intune,Yes,No,Fabrikam Health,scid_50,"Regulated tenant with good intent, mixed licensing, and slow remediation queues."
179,Fix Microsoft Defender for Endpoint sensor data collection in macOS,Planned,7.45 / 10,10%,Device,Microsoft Intune,Yes,No,Fabrikam Health,scid_5001,"Regulated tenant with good intent, mixed licensing, and slow remediation queues."
180,Fix Microsoft Defender for Endpoint impaired communications in macOS,Completed,9.54 / 10,10%,Device,Microsoft Intune,Yes,No,Fabrikam Health,scid_5002,"Regulated tenant with good intent, mixed licensing, and slow remediation queues."
181,Set minimum password length to 15 or more characters in macOS,Planned,3.94 / 6,6%,Device,Microsoft Intune,Yes,No,Fabrikam Health,scid_5003,"Regulated tenant with good intent, mixed licensing, and slow remediation queues."
182,Set 'Enforce password history' to '24 or more password(s)' in macOS,Planned,1.81 / 5,5%,Device,Microsoft Intune,Yes,No,Fabrikam Health,scid_5004,"Regulated tenant with good intent, mixed licensing, and slow remediation queues."
183,"Set 'Maximum password age' to '90 or fewer days, but not 0' in macOS",Planned,2.84 / 5,5%,Device,Microsoft Intune,Yes,No,Fabrikam Health,scid_5005,"Regulated tenant with good intent, mixed licensing, and slow remediation queues."
184,Set account lockout threshold to 5 or lower in macOS,Planned,5.14 / 7,7%,Device,Microsoft Intune,Yes,No,Fabrikam Health,scid_5006,"Regulated tenant with good intent, mixed licensing, and slow remediation queues."
185,Turn on Firewall in macOS,Planned,6.15 / 10,10%,Device,Microsoft Intune,Yes,No,Fabrikam Health,scid_5007,"Regulated tenant with good intent, mixed licensing, and slow remediation queues."
186,Enable Gatekeeper in macOS,Completed,6.72 / 8,8%,Device,Microsoft Intune,Yes,No,Fabrikam Health,scid_5009,"Regulated tenant with good intent, mixed licensing, and slow remediation queues."
187,Enable System Integrity Protection (SIP) in macOS,Planned,5.04 / 7,7%,Device,Microsoft Intune,Yes,No,Fabrikam Health,scid_5010,"Regulated tenant with good intent, mixed licensing, and slow remediation queues."
187,Enable FileVault Disk Encryption in macOS,Planned,4.9 / 7,7%,Device,Microsoft Intune,Yes,No,Fabrikam Health,scid_5011,"Regulated tenant with good intent, mixed licensing, and slow remediation queues."
189,Ensure screensaver is set to start in 20 minutes or less in macOS,Planned,3.52 / 5,5%,Device,Microsoft Intune,Yes,No,Fabrikam Health,scid_5013,"Regulated tenant with good intent, mixed licensing, and slow remediation queues."
190,Secure Home Folders in macOS,Planned,3.68 / 6,6%,Device,Microsoft Intune,Yes,No,Fabrikam Health,scid_5014,"Regulated tenant with good intent, mixed licensing, and slow remediation queues."
191,Turn on Microsoft Defender Antivirus real-time protection in macOS,Planned,6.51 / 10,10%,Device,Microsoft Intune,Yes,No,Fabrikam Health,scid_5090,"Regulated tenant with good intent, mixed licensing, and slow remediation queues."
192,Turn on Microsoft Defender Antivirus PUA protection in block mode in macOS,Planned,4.34 / 9,9%,Device,Microsoft Intune,No,No,Fabrikam Health,scid_5091,"Regulated tenant with good intent, mixed licensing, and slow remediation queues."
219,Turn on Tamper Protection for MacOS,Planned,5.31 / 8,8%,Device,Microsoft Intune,Yes,No,Fabrikam Health,scid_5092,"Regulated tenant with good intent, mixed licensing, and slow remediation queues."
220,Enable Microsoft Defender Antivirus real-time behavior monitoring in macOS,Planned,3.23 / 5,5%,Device,Microsoft Intune,Yes,No,Fabrikam Health,scid_5093,"Regulated tenant with good intent, mixed licensing, and slow remediation queues."
193,Enable Microsoft Defender Antivirus cloud-delivered protection in macOS,Completed,6.71 / 8,8%,Device,Microsoft Intune,Yes,No,Fabrikam Health,scid_5094,"Regulated tenant with good intent, mixed licensing, and slow remediation queues."
194,Update Microsoft Defender Antivirus definitions in macOS,Planned,6.51 / 9,9%,Device,Microsoft Intune,No,No,Fabrikam Health,scid_5095,"Regulated tenant with good intent, mixed licensing, and slow remediation queues."
58,Disable merging of local Microsoft Defender Firewall connection rules with group policy firewall rules for the Public profile,Planned,2.51 / 5,5%,Device,Microsoft Intune,Yes,Yes,Fabrikam Health,scid_51,"Regulated tenant with good intent, mixed licensing, and slow remediation queues."
59,Enable 'Apply UAC restrictions to local accounts on network logons',Planned,2.49 / 5,5%,Device,Microsoft Intune,Yes,No,Fabrikam Health,scid_52,"Regulated tenant with good intent, mixed licensing, and slow remediation queues."
60,Disable SMBv1 client driver,Planned,3.04 / 8,8%,Device,Microsoft Intune,Yes,Yes,Fabrikam Health,scid_53,"Regulated tenant with good intent, mixed licensing, and slow remediation queues."
61,Disable SMBv1 server,Planned,5.31 / 8,8%,Device,Microsoft Intune,Yes,Yes,Fabrikam Health,scid_54,"Regulated tenant with good intent, mixed licensing, and slow remediation queues."
174,Disable 'Network access: Let Everyone permissions apply to anonymous users',Planned,2.52 / 5,5%,Device,Microsoft Intune,Yes,No,Fabrikam Health,scid_55,"Regulated tenant with good intent, mixed licensing, and slow remediation queues."
62,Disable 'WDigest Authentication',Planned,3.87 / 5,5%,Device,Microsoft Intune,Yes,No,Fabrikam Health,scid_57,"Regulated tenant with good intent, mixed licensing, and slow remediation queues."
63,Disable 'Installation and configuration of Network Bridge on your DNS domain network',Planned,3.39 / 5,5%,Device,Microsoft Intune,Yes,No,Fabrikam Health,scid_58,"Regulated tenant with good intent, mixed licensing, and slow remediation queues."
64,Enable 'Require domain users to elevate when setting a network's location',Completed,1.9 / 2,2%,Device,Microsoft Intune,Yes,No,Fabrikam Health,scid_59,"Regulated tenant with good intent, mixed licensing, and slow remediation queues."
65,Prohibit use of Internet Connection Sharing on your DNS domain network,Completed,4.23 / 5,5%,Device,Microsoft Intune,Yes,No,Fabrikam Health,scid_60,"Regulated tenant with good intent, mixed licensing, and slow remediation queues."
195,Fix Microsoft Defender for Endpoint sensor data collection for Linux,Planned,5.1 / 10,10%,Device,Microsoft Intune,Yes,Yes,Fabrikam Health,scid_6001,"Regulated tenant with good intent, mixed licensing, and slow remediation queues."
196,Fix Microsoft Defender for Endpoint impaired communications for Linux,Planned,6.19 / 10,10%,Device,Microsoft Intune,Yes,No,Fabrikam Health,scid_6002,"Regulated tenant with good intent, mixed licensing, and slow remediation queues."
197,Unrestricted Access Accounts for Linux,Planned,2.86 / 6,6%,Device,Microsoft Intune,Yes,No,Fabrikam Health,scid_6014,"Regulated tenant with good intent, mixed licensing, and slow remediation queues."
198,Turn on Microsoft Defender Antivirus real-time protection for Linux,Planned,5.85 / 10,10%,Device,Microsoft Intune,Yes,No,Fabrikam Health,scid_6090,"Regulated tenant with good intent, mixed licensing, and slow remediation queues."
199,Turn on Microsoft Defender Antivirus PUA protection in block mode for Linux,Planned,4.25 / 9,9%,Device,Microsoft Intune,Yes,No,Fabrikam Health,scid_6091,"Regulated tenant with good intent, mixed licensing, and slow remediation queues."
221,Turn on Microsoft Defender Antivirus Tamper Protection for Linux,Planned,5.54 / 8,8%,Device,Microsoft Intune,No,No,Fabrikam Health,scid_6092,"Regulated tenant with good intent, mixed licensing, and slow remediation queues."
222,Enable Microsoft Defender Antivirus real-time behavior monitoring for Linux,Completed,4.73 / 5,5%,Device,Microsoft Intune,No,No,Fabrikam Health,scid_6093,"Regulated tenant with good intent, mixed licensing, and slow remediation queues."
200,Enable Microsoft Defender Antivirus cloud-delivered protection for Linux,Completed,8 / 8,8%,Device,Microsoft Intune,Yes,No,Fabrikam Health,scid_6094,"Regulated tenant with good intent, mixed licensing, and slow remediation queues."
201,Update Microsoft Defender Antivirus definitions for Linux,Planned,7.17 / 9,9%,Device,Microsoft Intune,Yes,No,Fabrikam Health,scid_6095,"Regulated tenant with good intent, mixed licensing, and slow remediation queues."
66,Set 'Minimum PIN length for startup' to '6 or more characters',Planned,3.99 / 5,5%,Device,Microsoft Intune,Yes,No,Fabrikam Health,scid_61,"Regulated tenant with good intent, mixed licensing, and slow remediation queues."
223,Enable 'Microsoft Defender for Endpoint Plug-in for WSL',To address,0.51 / 5,5%,Device,Microsoft Intune,Yes,No,Fabrikam Health,scid_6100,"Regulated tenant with good intent, mixed licensing, and slow remediation queues."
67,Enable 'Require additional authentication at startup',Planned,4.69 / 8,8%,Device,Microsoft Intune,Yes,Yes,Fabrikam Health,scid_62,"Regulated tenant with good intent, mixed licensing, and slow remediation queues."
68,Disable 'Configure Offer Remote Assistance',Planned,3.17 / 5,5%,Device,Microsoft Intune,Yes,Yes,Fabrikam Health,scid_63,"Regulated tenant with good intent, mixed licensing, and slow remediation queues."
69,Restrict anonymous access to named pipes and Shares,Planned,5.41 / 8,8%,Device,Microsoft Intune,Yes,No,Fabrikam Health,scid_64,"Regulated tenant with good intent, mixed licensing, and slow remediation queues."
70,Disable 'Store LAN Manager hash value on next password change',To address,0.94 / 8,8%,Device,Microsoft Intune,Yes,No,Fabrikam Health,scid_65,"Regulated tenant with good intent, mixed licensing, and slow remediation queues."
71,Disable 'Always install with elevated privileges',Completed,7.32 / 8,8%,Device,Microsoft Intune,Yes,No,Fabrikam Health,scid_66,"Regulated tenant with good intent, mixed licensing, and slow remediation queues."
72,Disable 'Autoplay for non-volume devices',To address,0.55 / 5,5%,Device,Microsoft Intune,Yes,No,Fabrikam Health,scid_67,"Regulated tenant with good intent, mixed licensing, and slow remediation queues."
73,Disable 'Anonymous enumeration of SAM accounts',To address,1.29 / 8,8%,Device,Microsoft Intune,Yes,No,Fabrikam Health,scid_68,"Regulated tenant with good intent, mixed licensing, and slow remediation queues."
74,Disable 'Autoplay' for all drives,Planned,6.14 / 8,8%,Device,Microsoft Intune,Yes,No,Fabrikam Health,scid_69,"Regulated tenant with good intent, mixed licensing, and slow remediation queues."
75,Set default behavior for 'AutoRun' to 'Enabled: Do not execute any autorun commands',Planned,5.4 / 8,8%,Device,Microsoft Intune,Yes,No,Fabrikam Health,scid_70,"Regulated tenant with good intent, mixed licensing, and slow remediation queues."
76,Enable 'Limit local account use of blank passwords to console logon only',Planned,2.48 / 5,5%,Device,Microsoft Intune,Yes,No,Fabrikam Health,scid_71,"Regulated tenant with good intent, mixed licensing, and slow remediation queues."
77,Set LAN Manager authentication level to 'Send NTLMv2 response only. Refuse LM & NTLM',Planned,5.36 / 8,8%,Device,Microsoft Intune,Yes,No,Fabrikam Health,scid_72,"Regulated tenant with good intent, mixed licensing, and slow remediation queues."
78,Disable 'Allow Basic authentication' for WinRM Client,Planned,3.9 / 8,8%,Device,Microsoft Intune,Yes,No,Fabrikam Health,scid_73,"Regulated tenant with good intent, mixed licensing, and slow remediation queues."
79,Disable 'Allow Basic authentication' for WinRM Service,To address,1.56 / 8,8%,Device,Microsoft Intune,Yes,Yes,Fabrikam Health,scid_74,"Regulated tenant with good intent, mixed licensing, and slow remediation queues."
80,Disable Flash on Adobe Reader DC,Planned,3.56 / 5,5%,Device,Microsoft Intune,No,No,Fabrikam Health,scid_75,"Regulated tenant with good intent, mixed licensing, and slow remediation queues."
81,Disable JavaScript on Adobe Reader DC,Completed,4.42 / 5,5%,Device,Microsoft Intune,Yes,No,Fabrikam Health,scid_76,"Regulated tenant with good intent, mixed licensing, and slow remediation queues."
82,Disable Flash on Adobe Acrobat Pro XI,Planned,3.18 / 5,5%,Device,Microsoft Intune,Yes,No,Fabrikam Health,scid_77,"Regulated tenant with good intent, mixed licensing, and slow remediation queues."
83,Disable JavaScript on Adobe Acrobat Pro XI,Planned,2.23 / 5,5%,Device,Microsoft Intune,Yes,No,Fabrikam Health,scid_78,"Regulated tenant with good intent, mixed licensing, and slow remediation queues."
84,Disable running or installing downloaded software with invalid signature,Planned,3.2 / 5,5%,Device,Microsoft Intune,Yes,No,Fabrikam Health,scid_79,"Regulated tenant with good intent, mixed licensing, and slow remediation queues."
85,Block Flash activation in Office documents,Planned,2.55 / 5,5%,Device,Microsoft Intune,Yes,No,Fabrikam Health,scid_80,"Regulated tenant with good intent, mixed licensing, and slow remediation queues."
86,Set IPv6 source routing to highest protection,Planned,2.97 / 5,5%,Device,Microsoft Intune,Yes,No,Fabrikam Health,scid_81,"Regulated tenant with good intent, mixed licensing, and slow remediation queues."
87,Disable IP source routing,Planned,3.54 / 5,5%,Device,Microsoft Intune,Yes,Yes,Fabrikam Health,scid_82,"Regulated tenant with good intent, mixed licensing, and slow remediation queues."
88,Enable Explorer Data Execution Prevention (DEP),Planned,4.01 / 5,5%,Device,Microsoft Intune,Yes,No,Fabrikam Health,scid_83,"Regulated tenant with good intent, mixed licensing, and slow remediation queues."
90,Block outdated ActiveX controls for Internet Explorer,Planned,3.75 / 5,5%,Device,Microsoft Intune,Yes,No,Fabrikam Health,scid_85,"Regulated tenant with good intent, mixed licensing, and slow remediation queues."
91,Disable Solicited Remote Assistance,Completed,6.65 / 8,8%,Device,Microsoft Intune,No,No,Fabrikam Health,scid_87,"Regulated tenant with good intent, mixed licensing, and slow remediation queues."
92,Disable Anonymous enumeration of shares,Planned,4.54 / 8,8%,Device,Microsoft Intune,Yes,Yes,Fabrikam Health,scid_88,"Regulated tenant with good intent, mixed licensing, and slow remediation queues."
92,Enable scanning of removable drives during a full scan,To address,0.48 / 8,8%,Device,Microsoft Intune,Yes,No,Fabrikam Health,scid_89,"Regulated tenant with good intent, mixed licensing, and slow remediation queues."
422,Enable 'Local Machine Zone Lockdown Security',To address,0.41 / 5,5%,Device,Microsoft Intune,Yes,No,Fabrikam Health,scid_9,"Regulated tenant with good intent, mixed licensing, and slow remediation queues."
93,Enable Microsoft Defender Antivirus email scanning,Planned,5.82 / 9,9%,Device,Exchange Online,Yes,No,Fabrikam Health,scid_90,"Regulated tenant with good intent, mixed licensing, and slow remediation queues."
94,Enable Microsoft Defender Antivirus real-time behavior monitoring,Completed,4.14 / 5,5%,Device,Microsoft Intune,Yes,No,Fabrikam Health,scid_91,"Regulated tenant with good intent, mixed licensing, and slow remediation queues."
95,Enable Microsoft Defender Antivirus scanning of downloaded files and attachments,Planned,7.31 / 10,10%,Device,Microsoft Intune,Yes,No,Fabrikam Health,scid_92,"Regulated tenant with good intent, mixed licensing, and slow remediation queues."
96,Disable the local storage of passwords and credentials,Planned,3.71 / 5,5%,Device,Microsoft Intune,No,No,Fabrikam Health,scid_93,"Regulated tenant with good intent, mixed licensing, and slow remediation queues."
97,Disable sending unencrypted password to third-party SMB servers,Completed,4.24 / 5,5%,Device,Microsoft Intune,Yes,No,Fabrikam Health,scid_94,"Regulated tenant with good intent, mixed licensing, and slow remediation queues."
98,Enable 'Microsoft network client: Digitally sign communications (always)',Completed,4.11 / 5,5%,Device,Microsoft Intune,Yes,No,Fabrikam Health,scid_95,"Regulated tenant with good intent, mixed licensing, and slow remediation queues."
429,Enable 'Network Protection',Planned,6.03 / 8,8%,Device,Microsoft Intune,Yes,Yes,Fabrikam Health,scid_96,"Regulated tenant with good intent, mixed licensing, and slow remediation queues."
159,Disable JavaScript on Adobe DC,Planned,2.8 / 5,5%,Device,Microsoft Intune,Yes,No,Fabrikam Health,scid_97,"Regulated tenant with good intent, mixed licensing, and slow remediation queues."
160,Disable JavaScript on Adobe Reader 2017,Planned,1.96 / 5,5%,Device,Microsoft Intune,Yes,No,Fabrikam Health,scid_98,"Regulated tenant with good intent, mixed licensing, and slow remediation queues."
161,Disable JavaScript on Adobe Acrobat 2017,To address,0.7 / 5,5%,Device,Microsoft Intune,Yes,No,Fabrikam Health,scid_99,"Regulated tenant with good intent, mixed licensing, and slow remediation queues."
20,Ensure 'Self service password reset enabled' is set to 'All',Planned,0.71 / 1,1%,Identity,Microsoft Entra ID,Yes,No,Fabrikam Health,SelfServicePasswordReset,"Regulated tenant with good intent, mixed licensing, and slow remediation queues."
58,Enable Microsoft Entra ID Identity Protection sign-in risk policies,Completed,5.91 / 7,7%,Identity,Microsoft Entra ID,Yes,No,Fabrikam Health,SigninRiskPolicy,"Regulated tenant with good intent, mixed licensing, and slow remediation queues."
10,Block OneDrive for Business sync from unmanaged devices,Planned,2.21 / 3,3%,Apps,SharePoint Online,Yes,No,Fabrikam Health,spo_block_onedrive_sync_unmanaged_devices,"Regulated tenant with good intent, mixed licensing, and slow remediation queues."
10,Ensure SharePoint external sharing is managed through domain whitelist/blacklists,Planned,2.31 / 3,3%,Apps,SharePoint Online,No,No,Fabrikam Health,spo_external_sharing_managed,"Regulated tenant with good intent, mixed licensing, and slow remediation queues."
10,Ensure that SharePoint guest users cannot share items they don't own,Planned,1.83 / 3,3%,Identity,SharePoint Online,No,No,Fabrikam Health,spo_external_users_sharing,"Regulated tenant with good intent, mixed licensing, and slow remediation queues."
128,Sign out inactive users in SharePoint Online,Planned,0.59 / 1,1%,Identity,SharePoint Online,No,No,Fabrikam Health,spo_idle_session_timeout,"Regulated tenant with good intent, mixed licensing, and slow remediation queues."
128,Ensure modern authentication for SharePoint applications is required,Planned,0.46 / 1,1%,Identity,SharePoint Online,Yes,No,Fabrikam Health,spo_legacy_auth,"Regulated tenant with good intent, mixed licensing, and slow remediation queues."
10,Ensure that Sways cannot be shared with people outside of your organization,Planned,1.46 / 3,3%,Apps,SWAY,Yes,No,Fabrikam Health,sway_block_sharing_with_outside_users,"Regulated tenant with good intent, mixed licensing, and slow remediation queues."
59,Enable Microsoft Entra ID Identity Protection user risk policies,Planned,3.4 / 7,7%,Identity,Microsoft Entra ID,Yes,No,Fabrikam Health,UserRiskPolicy,"Regulated tenant with good intent, mixed licensing, and slow remediation queues."
