Rank,Recommended action,Status,Points achieved,Score impact,Category,Product,Have license?,Regressed,Tenant,Control ID,Notes
10,Ensure Administrative accounts are separate and cloud-only,Completed,3 / 3,3%,Identity,Microsoft Entra ID,Yes,No,Golden Tenant,aad_admin_accounts_separate_unassigned_cloud_only,"Reference posture: disciplined identity, endpoint, mail, collaboration, and data controls."
10,Ensure the admin consent workflow is enabled,Completed,5 / 5,5%,Identity,Microsoft Entra ID,Yes,No,Golden Tenant,aad_admin_consent_workflow,"Reference posture: disciplined identity, endpoint, mail, collaboration, and data controls."
10,Ensure custom banned passwords lists are used,Completed,4.96 / 5,5%,Identity,Microsoft Entra ID,Yes,No,Golden Tenant,aad_custom_banned_passwords,"Reference posture: disciplined identity, endpoint, mail, collaboration, and data controls."
10,Ensure 'Microsoft Azure Management' is limited to administrative roles,Completed,3 / 3,3%,Identity,Microsoft Entra ID,Yes,No,Golden Tenant,aad_limited_administrative_roles,"Reference posture: disciplined identity, endpoint, mail, collaboration, and data controls."
10,Ensure 'LinkedIn account connections' is disabled,Completed,2.89 / 3,3%,Identity,Microsoft Entra ID,Yes,No,Golden Tenant,aad_linkedin_connection_disables,"Reference posture: disciplined identity, endpoint, mail, collaboration, and data controls."
10,Ensure that only organizationally managed/approved public groups exist,Completed,2.88 / 3,3%,Identity,Microsoft Entra ID,Yes,No,Golden Tenant,aad_managed_approved_public_groups_only,"Reference posture: disciplined identity, endpoint, mail, collaboration, and data controls."
10,Ensure password protection is enabled for on-prem Active Directory,Completed,5.9 / 6,6%,Identity,Microsoft Entra ID,Yes,No,Golden Tenant,aad_password_protection,"Reference posture: disciplined identity, endpoint, mail, collaboration, and data controls."
10,Ensure 'Phishing-resistant MFA strength' is required for Administrators,Completed,7 / 7,7%,Identity,Microsoft Entra ID,Yes,No,Golden Tenant,aad_phishing_MFA_strength,"Reference posture: disciplined identity, endpoint, mail, collaboration, and data controls."
10,Ensure Sign-in frequency is enabled and browser sessions are not persistent for Administrative users,Completed,5 / 5,5%,Identity,Microsoft Entra ID,Yes,No,Golden Tenant,aad_sign_in_freq_session_timeout,"Reference posture: disciplined identity, endpoint, mail, collaboration, and data controls."
10,Ensure third party integrated applications are not allowed,Completed,5 / 5,5%,Identity,Microsoft Entra ID,Yes,No,Golden Tenant,aad_third_party_apps,"Reference posture: disciplined identity, endpoint, mail, collaboration, and data controls."
65,Locate accounts in built-in Operator Groups,Completed,8 / 8,8%,Identity,Microsoft Entra ID,Yes,No,Golden Tenant,AATP_AccountsInOperatorGroups,"Reference posture: disciplined identity, endpoint, mail, collaboration, and data controls."
65,Accounts with non-default Primary Group ID,Completed,5 / 5,5%,Identity,Microsoft Entra ID,Yes,No,Golden Tenant,AATP_AccountsWithNonDefaultPrimaryGroup,"Reference posture: disciplined identity, endpoint, mail, collaboration, and data controls."
65,Change password for accounts with leaked credentials,Completed,4.99 / 5,5%,Identity,Microsoft Entra ID,Yes,No,Golden Tenant,AATP_AccountWithLeakedCredentials,"Reference posture: disciplined identity, endpoint, mail, collaboration, and data controls."
65,Change password for on-prem account with potentially leaked credentials,Completed,4.93 / 5,5%,Identity,Microsoft Entra ID,Yes,No,Golden Tenant,AATP_AdAccountWithPotentiallyLeakedCredentials,"Reference posture: disciplined identity, endpoint, mail, collaboration, and data controls."
65,Prevent Certificate Enrollment with arbitrary Application Policies (ESC15),Completed,4.79 / 5,5%,Identity,Microsoft Entra ID,Yes,No,Golden Tenant,AATP_ADCSCertificateTemplateArbitraryAppPolicies,"Reference posture: disciplined identity, endpoint, mail, collaboration, and data controls."
65,Prevent users to request a certificate valid for arbitrary users based on the certificate template (ESC1),Completed,4.78 / 5,5%,Identity,Microsoft Entra ID,Yes,No,Golden Tenant,AATP_ADCSCertificateTemplateEnrolementSuppliesSubject,"Reference posture: disciplined identity, endpoint, mail, collaboration, and data controls."
65,Install Defender for Identity Sensor on ADCS servers,Completed,3.85 / 4,4%,Identity,Microsoft Entra ID,Yes,No,Golden Tenant,AATP_AdcsComputersWithNoMdiSensorInstalled,"Reference posture: disciplined identity, endpoint, mail, collaboration, and data controls."
65,Edit insecure certificate enrollment IIS endpoints (ESC8),Completed,4.89 / 5,5%,Identity,Microsoft Intune,Yes,No,Golden Tenant,AATP_ADCSInsecureCertificateEnrollmentIisEndpoints,"Reference posture: disciplined identity, endpoint, mail, collaboration, and data controls."
65,Edit misconfigured Certificate Authority ACL (ESC7),Completed,4.97 / 5,5%,Identity,Microsoft Entra ID,Yes,No,Golden Tenant,AATP_ADCSMisconfiguredCertificateAuthorityAcl,"Reference posture: disciplined identity, endpoint, mail, collaboration, and data controls."
65,Edit misconfigured certificate templates ACL (ESC4),Completed,4.96 / 5,5%,Identity,Microsoft Entra ID,Yes,No,Golden Tenant,AATP_ADCSMisconfiguredCertificateTemplateAcl,"Reference posture: disciplined identity, endpoint, mail, collaboration, and data controls."
60,Edit overly permissive Certificate Template with privileged EKU (Any purpose EKU or No EKU) (ESC2),Completed,4.91 / 5,5%,Identity,Microsoft Entra ID,Yes,No,Golden Tenant,AATP_ADCSMisconfiguredCertificateTemplateEku,"Reference posture: disciplined identity, endpoint, mail, collaboration, and data controls."
65,Edit misconfigured enrollment agent certificate template (ESC3),Completed,4.94 / 5,5%,Identity,Microsoft Entra ID,Yes,No,Golden Tenant,AATP_ADCSMisconfiguredCertificateTemplateEnrollmentAgent,"Reference posture: disciplined identity, endpoint, mail, collaboration, and data controls."
65,Edit misconfigured certificate templates owner (ESC4),Completed,4.93 / 5,5%,Identity,Microsoft Entra ID,Yes,No,Golden Tenant,AATP_ADCSMisconfiguredCertificateTemplateOwner,"Reference posture: disciplined identity, endpoint, mail, collaboration, and data controls."
65,Enforce encryption for RPC certificate enrollment interface (ESC8),Completed,4.9 / 5,5%,Identity,Microsoft Entra ID,Yes,No,Golden Tenant,AATP_ADCSMisconfiguredRpcEnrollmentSigning,"Reference posture: disciplined identity, endpoint, mail, collaboration, and data controls."
65,Edit vulnerable Certificate Authority setting (ESC6),Completed,4.83 / 5,5%,Identity,Microsoft Entra ID,Yes,No,Golden Tenant,AATP_ADCSSanSpecifiedByUserEnabled,"Reference posture: disciplined identity, endpoint, mail, collaboration, and data controls."
65,Install Defender for Identity Sensor on ADFS servers,Completed,3.86 / 4,4%,Identity,Microsoft Entra ID,Yes,No,Golden Tenant,AATP_AdfsComputersWithNoMdiSensorInstalled,"Reference posture: disciplined identity, endpoint, mail, collaboration, and data controls."
67,Remove access rights on suspicious accounts with the Admin SDHolder permission,Completed,5 / 5,5%,Identity,Microsoft Entra ID,Yes,No,Golden Tenant,AATP_AdminSDHolder,"Reference posture: disciplined identity, endpoint, mail, collaboration, and data controls."
65,Change password for Entra seamless SSO account,Completed,4.92 / 5,5%,Identity,Microsoft Entra ID,Yes,No,Golden Tenant,AATP_AzureSsoAccountOldPasswords,"Reference posture: disciplined identity, endpoint, mail, collaboration, and data controls."
65,Change password of built-in domain Administrator account,Completed,5 / 5,5%,Identity,Microsoft Entra ID,Yes,No,Golden Tenant,AATP_BuiltinAdministratorAccountWithOldPassword,"Reference posture: disciplined identity, endpoint, mail, collaboration, and data controls."
65,Built-in Active Directory Guest account is enabled,Completed,5 / 5,5%,Identity,Microsoft Entra ID,Yes,No,Golden Tenant,AATP_BuiltinGuestAccountIsEnabled,"Reference posture: disciplined identity, endpoint, mail, collaboration, and data controls."
65,Change password for krbtgt account,Completed,4.9 / 5,5%,Identity,Microsoft Entra ID,Yes,No,Golden Tenant,AATP_BuiltinKrbtgtAccountWithOldPassword,"Reference posture: disciplined identity, endpoint, mail, collaboration, and data controls."
67,Stop clear text credentials exposure,Completed,4.81 / 5,5%,Identity,Microsoft Entra ID,Yes,No,Golden Tenant,AATP_ClearText,"Reference posture: disciplined identity, endpoint, mail, collaboration, and data controls."
65,Remove stale CyberArk Identity privileged accounts,Completed,4.78 / 5,5%,Identity,Microsoft Entra ID,Yes,No,Golden Tenant,AATP_CyberArk_DormantPriviledgedAccounts,"Reference posture: disciplined identity, endpoint, mail, collaboration, and data controls."
65,High number of CyberArk Identity accounts with a privileged role assigned,Completed,4.88 / 5,5%,Identity,Microsoft Entra ID,Yes,No,Golden Tenant,AATP_CyberArk_HighNumberOfPriviledgedIdentityAccounts,"Reference posture: disciplined identity, endpoint, mail, collaboration, and data controls."
65,Limit the number of CyberArk Identity accounts with system admin role,Completed,5 / 5,5%,Identity,Microsoft Entra ID,Yes,No,Golden Tenant,AATP_CyberArk_HighNumberOfSystemAdmins,"Reference posture: disciplined identity, endpoint, mail, collaboration, and data controls."
65,Change password for CyberArk Identity privileged User accounts,Completed,5.94 / 6,6%,Identity,Microsoft Entra ID,Yes,No,Golden Tenant,AATP_CyberArk_PriviledgedUserAccountsWithOldPasswords,"Reference posture: disciplined identity, endpoint, mail, collaboration, and data controls."
59,"Start your Defender for Identity deployment, installing Sensors on Domain Controllers and other eligible servers.",Completed,4.93 / 5,5%,Identity,Microsoft Entra ID,Yes,No,Golden Tenant,AATP_DefenderForIdentityIsNotInstalled,"Reference posture: disciplined identity, endpoint, mail, collaboration, and data controls."
65,Unsafe permissions on the DnsAdmins group,Completed,8 / 8,8%,Identity,Microsoft Entra ID,Yes,No,Golden Tenant,AATP_DnsAdminsGroupWithUnsafePermissions,"Reference posture: disciplined identity, endpoint, mail, collaboration, and data controls."
65,Remove local admins on identity assets,Completed,5 / 5,5%,Identity,Microsoft Entra ID,Yes,No,Golden Tenant,AATP_DomainControllerLocalUsers,"Reference posture: disciplined identity, endpoint, mail, collaboration, and data controls."
65,Change Domain Controller computer account old password,Completed,4.84 / 5,5%,Identity,Microsoft Entra ID,Yes,No,Golden Tenant,AATP_DomainControllersWithOldPassword,"Reference posture: disciplined identity, endpoint, mail, collaboration, and data controls."
67,Remove dormant accounts from sensitive groups,Completed,4.94 / 5,5%,Identity,Microsoft Entra ID,Yes,No,Golden Tenant,AATP_DormantAccounts,"Reference posture: disciplined identity, endpoint, mail, collaboration, and data controls."
65,Rotate password for Entra Connect AD DS Connector account,Completed,2.88 / 3,3%,Identity,Microsoft Entra ID,Yes,No,Golden Tenant,AATP_EntraConnectAccountsOldPasswords,"Reference posture: disciplined identity, endpoint, mail, collaboration, and data controls."
65,Replace Enterprise or Domain Admin account for Entra Connect AD DS Connector account,Completed,3 / 3,3%,Identity,Microsoft Entra ID,Yes,No,Golden Tenant,AATP_EntraConnectAccountsWithConnectorAccountAsDefaultAdmin,"Reference posture: disciplined identity, endpoint, mail, collaboration, and data controls."
65,Remove unnecessary replication permissions for Entra Connect AD DS Connector Account,Completed,7.83 / 8,8%,Identity,Microsoft Entra ID,Yes,No,Golden Tenant,AATP_EntraConnectAccountUnnecessaryReplicationPermission,"Reference posture: disciplined identity, endpoint, mail, collaboration, and data controls."
65,Install Defender for Identity Sensor on Entra Connect servers,Completed,4 / 4,4%,Identity,Microsoft Entra ID,Yes,No,Golden Tenant,AATP_EntraConnectComputersWithNoMdiSensorInstalled,"Reference posture: disciplined identity, endpoint, mail, collaboration, and data controls."
65,Remove unsafe permissions on sensitive Entra Connect accounts,Completed,9 / 9,9%,Identity,Microsoft Entra ID,Yes,No,Golden Tenant,AATP_EntraConnectSensitiveAccountsWithUnsafePermissions,"Reference posture: disciplined identity, endpoint, mail, collaboration, and data controls."
65,Remove discoverable passwords in Active Directory account attributes,Completed,7.94 / 8,8%,Identity,Microsoft Entra ID,Yes,No,Golden Tenant,AATP_ExposedPasswordsInADAttributes,"Reference posture: disciplined identity, endpoint, mail, collaboration, and data controls."
65,Set a valid password rotation interval for gMSA,Completed,5.87 / 6,6%,Identity,Microsoft Entra ID,Yes,No,Golden Tenant,AATP_GroupManagedServiceAccountWithUnrecommendedPasswordChangeInterval,"Reference posture: disciplined identity, endpoint, mail, collaboration, and data controls."
65,GPO can be modified by unprivileged accounts,Completed,4.94 / 5,5%,Identity,Microsoft Entra ID,Yes,No,Golden Tenant,AATP_GroupPolicyAbnormalModificationAssignment,"Reference posture: disciplined identity, endpoint, mail, collaboration, and data controls."
65,GPO assigns unprivileged identities to local groups with elevated privileges,Completed,6.86 / 7,7%,Identity,Microsoft Entra ID,Yes,No,Golden Tenant,AATP_GroupPolicyAssignsUnprivilegedIdentitiesToElevatedLocalGroups,"Reference posture: disciplined identity, endpoint, mail, collaboration, and data controls."
65,Reversible passwords found in GPOs,Completed,7.7 / 8,8%,Identity,Microsoft Entra ID,Yes,No,Golden Tenant,AATP_GroupPolicyPasswordInPreferences,"Reference posture: disciplined identity, endpoint, mail, collaboration, and data controls."
61,Set a honeytoken account,Completed,0.97 / 1,1%,Identity,Microsoft Entra ID,Yes,No,Golden Tenant,AATP_HoneyToken,"Reference posture: disciplined identity, endpoint, mail, collaboration, and data controls."
65,Remove stale service accounts,Completed,4.92 / 5,5%,Identity,Microsoft Entra ID,Yes,No,Golden Tenant,AATP_InactiveServiceAccounts,"Reference posture: disciplined identity, endpoint, mail, collaboration, and data controls."
67,Modify unsecure Kerberos delegations to prevent impersonation,Completed,4.98 / 5,5%,Identity,Microsoft Entra ID,Yes,No,Golden Tenant,AATP_KerberosDelegations,"Reference posture: disciplined identity, endpoint, mail, collaboration, and data controls."
66,Remove non-admin accounts with DCSync permissions,Completed,5 / 5,5%,Identity,Microsoft Entra ID,Yes,No,Golden Tenant,AATP_NonAdminDCSyncAccounts,"Reference posture: disciplined identity, endpoint, mail, collaboration, and data controls."
65,Remove dormant Okta privileged accounts,Completed,5 / 5,5%,Identity,Microsoft Entra ID,Yes,No,Golden Tenant,AATP_Okta_Dormant,"Reference posture: disciplined identity, endpoint, mail, collaboration, and data controls."
65,High number of Okta accounts with privileged role assigned,Completed,5 / 5,5%,Identity,Microsoft Entra ID,Yes,No,Golden Tenant,AATP_Okta_HighNumberOfNonSuperAdminPrivilegedUserAccounts,"Reference posture: disciplined identity, endpoint, mail, collaboration, and data controls."
65,Limit the Number of Okta Super Admins Accounts,Completed,5 / 5,5%,Identity,Microsoft Entra ID,Yes,No,Golden Tenant,AATP_Okta_HighNumberOfSuperAdmins,"Reference posture: disciplined identity, endpoint, mail, collaboration, and data controls."
65,Change password for Okta privileged User accounts,Completed,5.91 / 6,6%,Identity,Microsoft Entra ID,Yes,No,Golden Tenant,AATP_Okta_SensitiveAccountWithOldPassword,"Reference posture: disciplined identity, endpoint, mail, collaboration, and data controls."
65,Assign multi-factor authentication for Okta privileged user accounts,Completed,5 / 5,5%,Identity,Microsoft Entra ID,Yes,No,Golden Tenant,AATP_Okta_SensitiveAccountWithoutFactorsAssigned,"Reference posture: disciplined identity, endpoint, mail, collaboration, and data controls."
65,Highly Privileged Okta Api Token,Completed,4.89 / 5,5%,Identity,Microsoft Entra ID,Yes,No,Golden Tenant,AATP_Okta_SensitiveApiToken,"Reference posture: disciplined identity, endpoint, mail, collaboration, and data controls."
67,Reduce lateral movement path risk to sensitive entities,Completed,4.9 / 5,5%,Identity,Microsoft Entra ID,Yes,No,Golden Tenant,AATP_PathRisk,"Reference posture: disciplined identity, endpoint, mail, collaboration, and data controls."
65,Remove stale PingOne privileged accounts,Completed,4.97 / 5,5%,Identity,Microsoft Entra ID,Yes,No,Golden Tenant,AATP_Ping_Dormant,"Reference posture: disciplined identity, endpoint, mail, collaboration, and data controls."
65,High number of PingOne accounts with a privileged role assigned,Completed,5 / 5,5%,Identity,Microsoft Entra ID,Yes,No,Golden Tenant,AATP_Ping_HighNumberOfNonSuperAdminPrivilegedUserAccounts,"Reference posture: disciplined identity, endpoint, mail, collaboration, and data controls."
65,Limit the number of PingOne accounts with organization admin role,Completed,5 / 5,5%,Identity,Microsoft Entra ID,Yes,No,Golden Tenant,AATP_Ping_HighNumberOfSuperAdmins,"Reference posture: disciplined identity, endpoint, mail, collaboration, and data controls."
65,Change password for PingOne privileged User accounts,Completed,5.89 / 6,6%,Identity,Microsoft Entra ID,Yes,No,Golden Tenant,AATP_Ping_SensitiveAccountWithOldPassword,"Reference posture: disciplined identity, endpoint, mail, collaboration, and data controls."
65,Assign multi-factor authentication for PingOne privileged user accounts,Completed,5 / 5,5%,Identity,Microsoft Entra ID,Yes,No,Golden Tenant,AATP_Ping_SensitiveAccountWithoutFactorsAssigned,"Reference posture: disciplined identity, endpoint, mail, collaboration, and data controls."
67,Disable Print spooler service on domain controllers,Completed,4.91 / 5,5%,Identity,Microsoft Entra ID,Yes,No,Golden Tenant,AATP_PrintSpooler,"Reference posture: disciplined identity, endpoint, mail, collaboration, and data controls."
65,Ensure privileged accounts are not delegated,Completed,4.83 / 5,5%,Identity,Microsoft Entra ID,Yes,No,Golden Tenant,AATP_PrivilegedAccountsWithDelegationAllowed,"Reference posture: disciplined identity, endpoint, mail, collaboration, and data controls."
65,Identify Entra ID privileged accounts that are also privileged in Active Directory,Completed,8.81 / 9,9%,Identity,Microsoft Entra ID,Yes,No,Golden Tenant,AATP_PrivilegedEntraIdAndActiveDirectoryAccounts,"Reference posture: disciplined identity, endpoint, mail, collaboration, and data controls."
67,Protect and manage local admin passwords with Microsoft LAPS,Completed,5 / 5,5%,Identity,Microsoft Entra ID,Yes,No,Golden Tenant,AATP_PwdLAPS,"Reference posture: disciplined identity, endpoint, mail, collaboration, and data controls."
65,Remove stale SailPoint privileged accounts,Completed,4.98 / 5,5%,Identity,Microsoft Entra ID,Yes,No,Golden Tenant,AATP_SailPoint_DormantPriviledgedAccounts,"Reference posture: disciplined identity, endpoint, mail, collaboration, and data controls."
65,High number of SailPoint accounts with a privileged role assigned,Completed,5 / 5,5%,Identity,Microsoft Entra ID,Yes,No,Golden Tenant,AATP_SailPoint_HighNumberOfPriviledgedIdentityAccounts,"Reference posture: disciplined identity, endpoint, mail, collaboration, and data controls."
65,Limit the number of SailPoint accounts with system admin role,Completed,5 / 5,5%,Identity,Microsoft Entra ID,Yes,No,Golden Tenant,AATP_SailPoint_HighNumberOfSystemAdmins,"Reference posture: disciplined identity, endpoint, mail, collaboration, and data controls."
65,Assign multi-factor authentication for SailPoint privileged user accounts,Completed,5 / 5,5%,Identity,Microsoft Entra ID,Yes,No,Golden Tenant,AATP_SailPoint_MFAforPriviledgedUserAccounts,"Reference posture: disciplined identity, endpoint, mail, collaboration, and data controls."
65,Change password for SailPoint privileged User accounts,Completed,4.82 / 5,5%,Identity,Microsoft Entra ID,Yes,No,Golden Tenant,AATP_SailPoint_PriviledgedUserAccountsWithOldPasswords,"Reference posture: disciplined identity, endpoint, mail, collaboration, and data controls."
60,Install Defender for Identity Sensor on all Domain Controllers,Completed,3.91 / 4,4%,Identity,Microsoft Entra ID,Yes,No,Golden Tenant,AATP_Sensor,"Reference posture: disciplined identity, endpoint, mail, collaboration, and data controls."
65,Identify service accounts in privileged groups,Completed,6.75 / 7,7%,Identity,Microsoft Entra ID,Yes,No,Golden Tenant,AATP_ServiceAccountsInPrivilegedGroup,"Reference posture: disciplined identity, endpoint, mail, collaboration, and data controls."
67,Remove unsecure SID history attributes from entities,Completed,4.94 / 5,5%,Identity,Microsoft Entra ID,Yes,No,Golden Tenant,AATP_SIDHistory,"Reference posture: disciplined identity, endpoint, mail, collaboration, and data controls."
65,Rotate old password for sMSA and set up valid rotation interval in the GPO,Completed,6 / 6,6%,Identity,Microsoft Entra ID,Yes,No,Golden Tenant,AATP_SingleManagedServiceAccountsWithOldPassword,"Reference posture: disciplined identity, endpoint, mail, collaboration, and data controls."
65,Remove stale Active Directory accounts,Completed,5 / 5,5%,Identity,Microsoft Entra ID,Yes,No,Golden Tenant,AATP_StaleAccounts,"Reference posture: disciplined identity, endpoint, mail, collaboration, and data controls."
67,Resolve unsecure account attributes,Completed,5 / 5,5%,Identity,Microsoft Entra ID,Yes,No,Golden Tenant,AATP_UnsecureAccount,"Reference posture: disciplined identity, endpoint, mail, collaboration, and data controls."
60,Resolve unsecure domain configurations,Completed,5 / 5,5%,Identity,Microsoft Entra ID,Yes,No,Golden Tenant,AATP_UnsecureDomain,"Reference posture: disciplined identity, endpoint, mail, collaboration, and data controls."
63,Configure VPN integration,Completed,0.99 / 1,1%,Identity,Microsoft Entra ID,Yes,No,Golden Tenant,AATP_Vpn,"Reference posture: disciplined identity, endpoint, mail, collaboration, and data controls."
67,Stop weak cipher usage,Completed,4.82 / 5,5%,Identity,Microsoft Entra ID,Yes,No,Golden Tenant,AATP_WeakCipher,"Reference posture: disciplined identity, endpoint, mail, collaboration, and data controls."
10,Ensure 'User owned apps and services' is restricted,Completed,2.95 / 3,3%,Identity,Microsoft Entra ID,Yes,No,Golden Tenant,admincenter_owned_apps_and_services,"Reference posture: disciplined identity, endpoint, mail, collaboration, and data controls."
1,Ensure multifactor authentication is enabled for all users in administrative roles,Completed,10 / 10,10%,Identity,Microsoft Entra ID,Yes,No,Golden Tenant,AdminMFAV2,"Reference posture: disciplined identity, endpoint, mail, collaboration, and data controls."
9,Regulate cloud app access to sensitive data,Completed,6.91 / 7,7%,Apps,AppG,Yes,No,Golden Tenant,AppG_regulate_access_to_sensitive_data,"Reference posture: disciplined identity, endpoint, mail, collaboration, and data controls."
10,Regulate apps with priority account consent,Completed,6.86 / 7,7%,Apps,AppG,Yes,No,Golden Tenant,AppG_unusual_activity_with_priority_account,"Reference posture: disciplined identity, endpoint, mail, collaboration, and data controls."
68,Enable Conditional Access policies to block legacy authentication,Completed,8 / 8,8%,Identity,Microsoft Entra ID,Yes,No,Golden Tenant,BlockLegacyAuthentication,"Reference posture: disciplined identity, endpoint, mail, collaboration, and data controls."
127,Ensure the customer lockbox feature is enabled,Completed,1 / 1,1%,Apps,Exchange Online,Yes,No,Golden Tenant,CustomerLockBoxEnabled,"Reference posture: disciplined identity, endpoint, mail, collaboration, and data controls."
128,Ensure DLP policies are enabled,Completed,4.98 / 5,5%,Data,MIP,Yes,No,Golden Tenant,dlp_datalossprevention,"Reference posture: disciplined identity, endpoint, mail, collaboration, and data controls."
128,Ensure 'External sharing' of calendars is not available,Completed,5 / 5,5%,Apps,Exchange Online,Yes,No,Golden Tenant,exo_individualsharing,"Reference posture: disciplined identity, endpoint, mail, collaboration, and data controls."
10,Ensure mailbox auditing for all users is Enabled,Completed,3 / 3,3%,Apps,Exchange Online,Yes,No,Golden Tenant,exo_mailboxaudit,"Reference posture: disciplined identity, endpoint, mail, collaboration, and data controls."
10,Ensure MailTips are enabled for end users,Completed,2.85 / 3,3%,Apps,Exchange Online,Yes,No,Golden Tenant,exo_mailtipsenabled,"Reference posture: disciplined identity, endpoint, mail, collaboration, and data controls."
10,Ensure modern authentication for Exchange Online is enabled,Completed,2.87 / 3,3%,Identity,Exchange Online,Yes,No,Golden Tenant,exo_oauth2clientprofileenabled,"Reference posture: disciplined identity, endpoint, mail, collaboration, and data controls."
10,Ensure users installing Outlook add-ins is not allowed,Completed,2.97 / 3,3%,Apps,Exchange Online,Yes,No,Golden Tenant,exo_outlookaddins,"Reference posture: disciplined identity, endpoint, mail, collaboration, and data controls."
10,Ensure that SPF records are published for all Exchange Domains,Completed,4.9 / 5,5%,Apps,Exchange Online,Yes,No,Golden Tenant,exo_SPF_records_for_all_domains,"Reference posture: disciplined identity, endpoint, mail, collaboration, and data controls."
10,Ensure additional storage providers are restricted in Outlook on the web,Completed,4.94 / 5,5%,Apps,Exchange Online,Yes,No,Golden Tenant,exo_storageproviderrestricted,"Reference posture: disciplined identity, endpoint, mail, collaboration, and data controls."
128,Ensure Spam confidence level (SCL) is configured in mail transport rules with specific domains,Completed,2.99 / 3,3%,Apps,Exchange Online,Yes,No,Golden Tenant,exo_transportrulesallowlistdomains,"Reference posture: disciplined identity, endpoint, mail, collaboration, and data controls."
10,Ensure internal phishing protection for Forms is enabled,Completed,6 / 6,6%,Apps,FORMS,Yes,No,Golden Tenant,forms_phishing_protection,"Reference posture: disciplined identity, endpoint, mail, collaboration, and data controls."
35,Ensure user consent to apps accessing company data on their behalf is not allowed,Completed,3.88 / 4,4%,Identity,Microsoft Entra ID,Yes,No,Golden Tenant,IntegratedApps,"Reference posture: disciplined identity, endpoint, mail, collaboration, and data controls."
10,Ensure Microsoft Defender for Cloud Apps is enabled and configured,Completed,4.88 / 5,5%,Apps,Microsoft Defender,Yes,No,Golden Tenant,mcas_mda_enabled,"Reference posture: disciplined identity, endpoint, mail, collaboration, and data controls."
82,Deploy a log collector to discover shadow IT activity,Completed,0.98 / 1,1%,Apps,MCAS,Yes,No,Golden Tenant,McasFirewallLogUpload,"Reference posture: disciplined identity, endpoint, mail, collaboration, and data controls."
10,Enable multi-factor authentication (MFA),Completed,7 / 7,7%,Identity,Microsoft Entra ID,Yes,No,Golden Tenant,MDA_Atlassian_EnableTwoFactorAuth,"Reference posture: disciplined identity, endpoint, mail, collaboration, and data controls."
10,Enable Single Sing On (SSO),Completed,6.95 / 7,7%,Identity,Microsoft Entra ID,Yes,No,Golden Tenant,MDA_Atlassian_ForceSSO,"Reference posture: disciplined identity, endpoint, mail, collaboration, and data controls."
10,Enable session timeout for web users,Completed,6 / 6,6%,Identity,Microsoft Entra ID,Yes,No,Golden Tenant,MDA_Atlassian_InactiveTimeoutMins,"Reference posture: disciplined identity, endpoint, mail, collaboration, and data controls."
10,Atlassian mobile app security - App access requirement,Completed,5.94 / 6,6%,Identity,Microsoft Entra ID,No,No,Golden Tenant,MDA_Atlassian_mobile_access,"Reference posture: disciplined identity, endpoint, mail, collaboration, and data controls."
10,Atlassian mobile app security - App data protection,Completed,5.98 / 6,6%,Apps,MDA_Atlassian,Yes,No,Golden Tenant,MDA_Atlassian_mobile_dataprotection,"Reference posture: disciplined identity, endpoint, mail, collaboration, and data controls."
10,Atlassian mobile app security - Users that are affected by policies,Completed,3 / 3,3%,Identity,Microsoft Entra ID,Yes,No,Golden Tenant,MDA_Atlassian_mobile_UsersAffected,"Reference posture: disciplined identity, endpoint, mail, collaboration, and data controls."
10,Enable Password expiration policies,Completed,5.79 / 6,6%,Identity,Microsoft Entra ID,Yes,No,Golden Tenant,MDA_Atlassian_passwordExpiry,"Reference posture: disciplined identity, endpoint, mail, collaboration, and data controls."
10,Enable multi-factor authentication (MFA),Completed,6.97 / 7,7%,Identity,Microsoft Entra ID,Yes,No,Golden Tenant,MDA_CitrixSF_EnableTwoFactorAuth,"Reference posture: disciplined identity, endpoint, mail, collaboration, and data controls."
10,Enable Single Sign on (SSO),Completed,6.85 / 7,7%,Identity,Microsoft Entra ID,Yes,No,Golden Tenant,MDA_CitrixSF_ForceSSO,"Reference posture: disciplined identity, endpoint, mail, collaboration, and data controls."
10,Enable session timeout for web users,Completed,5.81 / 6,6%,Identity,Microsoft Entra ID,Yes,No,Golden Tenant,MDA_CitrixSF_InactiveTimeoutMins,"Reference posture: disciplined identity, endpoint, mail, collaboration, and data controls."
10,Enhance 'login maximum attempts' - Lockout timer,Completed,6 / 6,6%,Identity,Microsoft Entra ID,Yes,No,Golden Tenant,MDA_CitrixSF_LoginFailLockoutSecs,"Reference posture: disciplined identity, endpoint, mail, collaboration, and data controls."
10,Enhance 'login maximum attempts' - Number of attempts,Completed,6 / 6,6%,Identity,Microsoft Entra ID,Yes,No,Golden Tenant,MDA_CitrixSF_LoginFailMaxAttempts,"Reference posture: disciplined identity, endpoint, mail, collaboration, and data controls."
10,Enable password minimum length,Completed,4 / 4,4%,Identity,Microsoft Entra ID,Yes,No,Golden Tenant,MDA_CitrixSF_MinimumLength,"Reference posture: disciplined identity, endpoint, mail, collaboration, and data controls."
10,Enable password minimum numeric characters,Completed,4 / 4,4%,Identity,Microsoft Entra ID,Yes,No,Golden Tenant,MDA_CitrixSF_MinimumNumeric,"Reference posture: disciplined identity, endpoint, mail, collaboration, and data controls."
10,Enable password minimum special characters,Completed,3.95 / 4,4%,Identity,Microsoft Entra ID,Yes,No,Golden Tenant,MDA_CitrixSF_MinimumSpecialCharacters,"Reference posture: disciplined identity, endpoint, mail, collaboration, and data controls."
10,Enable password expiration policies,Completed,3.91 / 4,4%,Identity,Microsoft Entra ID,Yes,No,Golden Tenant,MDA_CitrixSF_PasswordMaxAgeDays,"Reference posture: disciplined identity, endpoint, mail, collaboration, and data controls."
10,Enhance password requirements,Completed,3.92 / 4,4%,Identity,Microsoft Entra ID,Yes,No,Golden Tenant,MDA_DocuSign_EnhancedPassword,"Reference posture: disciplined identity, endpoint, mail, collaboration, and data controls."
10,Password expiry requirements,Completed,3.85 / 4,4%,Identity,Microsoft Entra ID,Yes,No,Golden Tenant,MDA_DocuSign_PasswordExpires,"Reference posture: disciplined identity, endpoint, mail, collaboration, and data controls."
10,Enable session timeout for web users,Completed,5.87 / 6,6%,Identity,Microsoft Entra ID,Yes,No,Golden Tenant,MDA_DocuSign_SessionTimeout,"Reference posture: disciplined identity, endpoint, mail, collaboration, and data controls."
10,Enable web session timeout for web users,Completed,5.9 / 6,6%,Identity,Microsoft Entra ID,Yes,No,Golden Tenant,MDA_Dropbox_InactiveTimeoutMins,"Reference posture: disciplined identity, endpoint, mail, collaboration, and data controls."
10,Disable 'Allow members to view dependency insights',Completed,3.93 / 4,4%,Identity,Microsoft Entra ID,Yes,No,Golden Tenant,MDA_GitHub_DependencyInsights,"Reference posture: disciplined identity, endpoint, mail, collaboration, and data controls."
10,Enabled 'email notification delivery for this enterprise is restricted to verified or approved domains',Completed,2.98 / 3,3%,Apps,Exchange Online,Yes,No,Golden Tenant,MDA_GitHub_EmailNotificationRestrictedToVerifiedOrApprovedDomains,"Reference posture: disciplined identity, endpoint, mail, collaboration, and data controls."
10,Enforce IP allow list configuration for org resources,Completed,3.96 / 4,4%,Identity,Microsoft Entra ID,Yes,No,Golden Tenant,MDA_GitHub_IPallowListConfigurationForOrgResources,"Reference posture: disciplined identity, endpoint, mail, collaboration, and data controls."
10,Disable 'Allow repository administrators to invite outside collaborators to repositories for this organization,Completed,4 / 4,4%,Identity,Microsoft Entra ID,Yes,No,Golden Tenant,MDA_GitHub_OutsideCollabInvitation,"Reference posture: disciplined identity, endpoint, mail, collaboration, and data controls."
10,Disable private repository forking,Completed,6.74 / 7,7%,Apps,MDA_GitHub,Yes,No,Golden Tenant,MDA_GitHub_PrivateRepositoryForkingSetting,"Reference posture: disciplined identity, endpoint, mail, collaboration, and data controls."
10,"Disable 'Members will be able to create public repositories, visible to anyone'",Completed,3.84 / 4,4%,Identity,Microsoft Entra ID,Yes,No,Golden Tenant,MDA_GitHub_PublicRepoCreation,"Reference posture: disciplined identity, endpoint, mail, collaboration, and data controls."
10,Disable 'members with admin permissions for repositories can delete or transfer repositories',Completed,5.96 / 6,6%,Identity,Microsoft Entra ID,Yes,No,Golden Tenant,MDA_GitHub_RepoTransferOrDeletion,"Reference posture: disciplined identity, endpoint, mail, collaboration, and data controls."
10,Disable 'Allow members to change repository visibilities for this organization',Completed,5.77 / 6,6%,Apps,MDA_GitHub,Yes,No,Golden Tenant,MDA_GitHub_RepoVisibility_change,"Reference posture: disciplined identity, endpoint, mail, collaboration, and data controls."
10,Enable single sign on (SSO),Completed,3 / 3,3%,Identity,Microsoft Entra ID,Yes,No,Golden Tenant,MDA_GitHub_SAML,"Reference posture: disciplined identity, endpoint, mail, collaboration, and data controls."
10,Enable multi-factor authentication (MFA),Completed,7 / 7,7%,Identity,Microsoft Entra ID,No,No,Golden Tenant,MDA_Google_EnableTwoFactorAuth,"Reference posture: disciplined identity, endpoint, mail, collaboration, and data controls."
10,Adopt SSO (Single sign on) in netDocuments,Completed,7 / 7,7%,Identity,Microsoft Entra ID,Yes,No,Golden Tenant,MDA_NetDocuments_SSO,"Reference posture: disciplined identity, endpoint, mail, collaboration, and data controls."
10,Enhance password requirements,Completed,3.97 / 4,4%,Identity,Microsoft Entra ID,Yes,No,Golden Tenant,MDA_Okta_EnhancedPassword,"Reference posture: disciplined identity, endpoint, mail, collaboration, and data controls."
10,Enable multi-factor authentication,Completed,7 / 7,7%,Identity,Microsoft Entra ID,No,No,Golden Tenant,MDA_Okta_MFA,"Reference posture: disciplined identity, endpoint, mail, collaboration, and data controls."
10,Password expiry requirements,Completed,3.95 / 4,4%,Identity,Microsoft Entra ID,Yes,No,Golden Tenant,MDA_Okta_PasswordExpires,"Reference posture: disciplined identity, endpoint, mail, collaboration, and data controls."
10,Enable session timeout for web users,Completed,5.88 / 6,6%,Identity,Microsoft Entra ID,Yes,No,Golden Tenant,MDA_Okta_SessionTimeout,"Reference posture: disciplined identity, endpoint, mail, collaboration, and data controls."
10,Remote Site,Completed,4.9 / 5,5%,Apps,MDA_SF,Yes,No,Golden Tenant,MDA_SF_disableProtocolSecurity,"Reference posture: disciplined identity, endpoint, mail, collaboration, and data controls."
10,Disable Administrators Can Log In As Any User,Completed,3 / 3,3%,Identity,Microsoft Entra ID,Yes,No,Golden Tenant,MDA_SF_enableAdminLoginAsAnyUser,"Reference posture: disciplined identity, endpoint, mail, collaboration, and data controls."
10,Disable Caching and Autocomplete on Login Page via Session settings,Completed,3.9 / 4,4%,Identity,Microsoft Entra ID,Yes,No,Golden Tenant,MDA_SF_enableCacheAndAutocomplete,"Reference posture: disciplined identity, endpoint, mail, collaboration, and data controls."
10,Enable clickjack protection for non-Setup for Salesforce pages,Completed,2.95 / 3,3%,Apps,MDA_SF,Yes,No,Golden Tenant,MDA_SF_enableClickjackNonsetupSFDC,"Reference posture: disciplined identity, endpoint, mail, collaboration, and data controls."
10,Enable clickjack protection for customer VisualForce pages with standard headers,Completed,3 / 3,3%,Apps,MDA_SF,Yes,No,Golden Tenant,MDA_SF_enableClickjackNonsetupUser,"Reference posture: disciplined identity, endpoint, mail, collaboration, and data controls."
10,Enable clickjack protection for customer VisualForce pages with headers disabled,Completed,3 / 3,3%,Apps,MDA_SF,Yes,No,Golden Tenant,MDA_SF_enableClickjackNonsetupUserHeaderless,"Reference posture: disciplined identity, endpoint, mail, collaboration, and data controls."
10,Enable clickjack protection for Setup pages,Completed,2.98 / 3,3%,Apps,MDA_SF,Yes,No,Golden Tenant,MDA_SF_enableClickjackSetup,"Reference posture: disciplined identity, endpoint, mail, collaboration, and data controls."
10,Enable Content Sniffing protection,Completed,2.92 / 3,3%,Apps,MDA_SF,Yes,No,Golden Tenant,MDA_SF_enableContentSniffingProtection,"Reference posture: disciplined identity, endpoint, mail, collaboration, and data controls."
10,Enable Content Security Policy protection for email templates,Completed,2.9 / 3,3%,Apps,Exchange Online,Yes,No,Golden Tenant,MDA_SF_enableCSPOnEmail,"Reference posture: disciplined identity, endpoint, mail, collaboration, and data controls."
10,Enable CSRF protection on GET requests on non-setup pages,Completed,2.95 / 3,3%,Apps,MDA_SF,Yes,No,Golden Tenant,MDA_SF_enableCSRFOnGet,"Reference posture: disciplined identity, endpoint, mail, collaboration, and data controls."
10,Enable CSRF protection on POST requests on non-setup pages,Completed,2.99 / 3,3%,Apps,MDA_SF,Yes,No,Golden Tenant,MDA_SF_enableCSRFOnPost,"Reference posture: disciplined identity, endpoint, mail, collaboration, and data controls."
33,Require identity verification during multi-factor authentication (MFA) registration,Completed,7 / 7,7%,Identity,Microsoft Entra ID,Yes,No,Golden Tenant,MDA_SF_enableMultipleSamlConfigs,"Reference posture: disciplined identity, endpoint, mail, collaboration, and data controls."
10,Let users verify their identity by text (SMS),Completed,6.97 / 7,7%,Identity,Microsoft Entra ID,Yes,No,Golden Tenant,MDA_SF_enableSMSIdentity,"Reference posture: disciplined identity, endpoint, mail, collaboration, and data controls."
10,Enforce login IP ranges on every request,Completed,5 / 5,5%,Identity,Microsoft Entra ID,Yes,No,Golden Tenant,MDA_SF_enforceIpRangesEveryRequest,"Reference posture: disciplined identity, endpoint, mail, collaboration, and data controls."
10,Force logout on session timeout,Completed,6.98 / 7,7%,Identity,Microsoft Entra ID,Yes,No,Golden Tenant,MDA_SF_forceLogoutOnSessionTimeout,"Reference posture: disciplined identity, endpoint, mail, collaboration, and data controls."
10,Force (admin) relogin after Login-As-User,Completed,3 / 3,3%,Identity,Microsoft Entra ID,Yes,No,Golden Tenant,MDA_SF_forceRelogin,"Reference posture: disciplined identity, endpoint, mail, collaboration, and data controls."
10,Require identity verification for change of email address,Completed,4.91 / 5,5%,Identity,Exchange Online,Yes,No,Golden Tenant,MDA_SF_identityConfirmationOnEmailChange,"Reference posture: disciplined identity, endpoint, mail, collaboration, and data controls."
10,Lock sessions to the domain in which they were first used,Completed,6.86 / 7,7%,Identity,Microsoft Entra ID,Yes,No,Golden Tenant,MDA_SF_lockSessionsToDomain,"Reference posture: disciplined identity, endpoint, mail, collaboration, and data controls."
10,Maximum invalid login attempts,Completed,4.93 / 5,5%,Identity,Microsoft Entra ID,Yes,No,Golden Tenant,MDA_SF_maxLoginAttempts,"Reference posture: disciplined identity, endpoint, mail, collaboration, and data controls."
10,Require a minimum 1 day password lifetime,Completed,4.93 / 5,5%,Identity,Microsoft Entra ID,Yes,No,Golden Tenant,MDA_SF_minimumPasswordLifetime,"Reference posture: disciplined identity, endpoint, mail, collaboration, and data controls."
10,Password complexity requirement,Completed,4 / 4,4%,Identity,Microsoft Entra ID,Yes,No,Golden Tenant,MDA_SF_password_complexity,"Reference posture: disciplined identity, endpoint, mail, collaboration, and data controls."
10,User passwords expire in 90 days or less,Completed,4.99 / 5,5%,Identity,Microsoft Entra ID,Yes,No,Golden Tenant,MDA_SF_password_expiration,"Reference posture: disciplined identity, endpoint, mail, collaboration, and data controls."
10,Enforce password history,Completed,4 / 4,4%,Identity,Microsoft Entra ID,Yes,No,Golden Tenant,MDA_SF_password_historyRestriction,"Reference posture: disciplined identity, endpoint, mail, collaboration, and data controls."
10,Lockout effective period,Completed,6.93 / 7,7%,Identity,Microsoft Entra ID,Yes,No,Golden Tenant,MDA_SF_password_lockoutInterval,"Reference posture: disciplined identity, endpoint, mail, collaboration, and data controls."
10,Minimum password length,Completed,4 / 4,4%,Identity,Microsoft Entra ID,Yes,No,Golden Tenant,MDA_SF_password_minimumPasswordLength,"Reference posture: disciplined identity, endpoint, mail, collaboration, and data controls."
10,Obscure secret answer for password resets,Completed,2.92 / 3,3%,Identity,Microsoft Entra ID,Yes,No,Golden Tenant,MDA_SF_password_obscureSecretAnswer,"Reference posture: disciplined identity, endpoint, mail, collaboration, and data controls."
10,Password question requirement,Completed,2.89 / 3,3%,Identity,Microsoft Entra ID,Yes,No,Golden Tenant,MDA_SF_password_questionRestriction,"Reference posture: disciplined identity, endpoint, mail, collaboration, and data controls."
10,Session timeout,Completed,6.82 / 7,7%,Identity,Microsoft Entra ID,Yes,No,Golden Tenant,MDA_SF_password_sessionTimeout,"Reference posture: disciplined identity, endpoint, mail, collaboration, and data controls."
10,Require HttpOnly attribute,Completed,2.92 / 3,3%,Apps,MDA_SF,Yes,No,Golden Tenant,MDA_SF_requireHttpOnly,"Reference posture: disciplined identity, endpoint, mail, collaboration, and data controls."
10,Enable multi-factor authentication,Completed,6 / 6,6%,Identity,Microsoft Entra ID,Yes,No,Golden Tenant,MDA_SNOW_authenticateMultifactor,"Reference posture: disciplined identity, endpoint, mail, collaboration, and data controls."
10,Enable enforcing JSONv2 requests with basic authorization,Completed,5 / 5,5%,Identity,Microsoft Entra ID,Yes,No,Golden Tenant,MDA_SNOW_authRequiredJson2,"Reference posture: disciplined identity, endpoint, mail, collaboration, and data controls."
10,Enable enforcing SOAP requests with basic authorization,Completed,5 / 5,5%,Identity,Microsoft Entra ID,Yes,No,Golden Tenant,MDA_SNOW_authRequiredSOAP,"Reference posture: disciplined identity, endpoint, mail, collaboration, and data controls."
10,Enable unload request authorization,Completed,5.92 / 6,6%,Identity,Microsoft Entra ID,Yes,No,Golden Tenant,MDA_SNOW_authRequiredUnl,"Reference posture: disciplined identity, endpoint, mail, collaboration, and data controls."
10,Enable script request authorization,Completed,3.97 / 4,4%,Identity,Microsoft Entra ID,Yes,No,Golden Tenant,MDA_SNOW_cauthRequiredScriptedProcessor,"Reference posture: disciplined identity, endpoint, mail, collaboration, and data controls."
10,Enable URL allow list for cross-origin iframe communication,Completed,5.76 / 6,6%,Apps,MDA_SNOW,Yes,No,Golden Tenant,MDA_SNOW_concourseOnmessageEnforceSameOrigin,"Reference posture: disciplined identity, endpoint, mail, collaboration, and data controls."
10,Enable Password Reset Policy Checks,Completed,3.92 / 4,4%,Identity,Microsoft Entra ID,Yes,No,Golden Tenant,MDA_SNOW_enablePasswordPolicy,"Reference posture: disciplined identity, endpoint, mail, collaboration, and data controls."
10,Enable high security plugin,Completed,6.91 / 7,7%,Apps,MDA_SNOW,Yes,No,Golden Tenant,MDA_SNOW_highSecurity,"Reference posture: disciplined identity, endpoint, mail, collaboration, and data controls."
10,Set default cache-control HTTP header value to private,Completed,5.93 / 6,6%,Apps,MDA_SNOW,Yes,No,Golden Tenant,MDA_SNOW_httpCacheControl,"Reference posture: disciplined identity, endpoint, mail, collaboration, and data controls."
10,Disable password-less authentication,Completed,6 / 6,6%,Identity,Microsoft Entra ID,Yes,No,Golden Tenant,MDA_SNOW_loginNoBlankPassword,"Reference posture: disciplined identity, endpoint, mail, collaboration, and data controls."
10,Enable Contextual Security: Role Management plugin,Completed,6 / 6,6%,Identity,Microsoft Entra ID,Yes,No,Golden Tenant,MDA_SNOW_roleManagement,"Reference posture: disciplined identity, endpoint, mail, collaboration, and data controls."
10,Set client-callable script includes to private,Completed,3.95 / 4,4%,Apps,MDA_SNOW,Yes,No,Golden Tenant,MDA_SNOW_scriptCcsiIsPublic,"Reference posture: disciplined identity, endpoint, mail, collaboration, and data controls."
10,Apply access control rule (ACL) validation when server-side records are accessed using GlideAjax APIs within a client script,Completed,3.89 / 4,4%,Apps,MDA_SNOW,Yes,No,Golden Tenant,MDA_SNOW_scriptSecureAjaxgliderecord,"Reference posture: disciplined identity, endpoint, mail, collaboration, and data controls."
10,Enable client generated scripts sandbox,Completed,5.95 / 6,6%,Apps,MDA_SNOW,Yes,No,Golden Tenant,MDA_SNOW_scriptUseSandbox,"Reference posture: disciplined identity, endpoint, mail, collaboration, and data controls."
10,Enable default deny with new ACL rules,Completed,4.88 / 5,5%,Apps,MDA_SNOW,Yes,No,Golden Tenant,MDA_SNOW_smDefaultMode,"Reference posture: disciplined identity, endpoint, mail, collaboration, and data controls."
10,Enable managing failed login attempts,Completed,3.83 / 4,4%,Identity,Microsoft Entra ID,Yes,No,Golden Tenant,MDA_SNOW_sncUserLockoutCheck,"Reference posture: disciplined identity, endpoint, mail, collaboration, and data controls."
10,Enable SOAP content type checking,Completed,5.83 / 6,6%,Apps,MDA_SNOW,Yes,No,Golden Tenant,MDA_SNOW_soapRequireContentTypeXml,"Reference posture: disciplined identity, endpoint, mail, collaboration, and data controls."
10,Enable SOAP request strict security,Completed,5.86 / 6,6%,Apps,MDA_SNOW,Yes,No,Golden Tenant,MDA_SNOW_soapStrictSecurity,"Reference posture: disciplined identity, endpoint, mail, collaboration, and data controls."
10,Activate security jump start (ACL rules) plugin,Completed,3.99 / 4,4%,Identity,Microsoft Entra ID,Yes,No,Golden Tenant,MDA_SNOW_systemSecurity,"Reference posture: disciplined identity, endpoint, mail, collaboration, and data controls."
10,Enable session activity timeout,Completed,4 / 4,4%,Identity,Microsoft Entra ID,Yes,No,Golden Tenant,MDA_SNOW_uiSessionTimeout,"Reference posture: disciplined identity, endpoint, mail, collaboration, and data controls."
10,Enable anti-CSRF token,Completed,6 / 6,6%,Identity,Microsoft Entra ID,Yes,No,Golden Tenant,MDA_SNOW_useCsrfToken,"Reference posture: disciplined identity, endpoint, mail, collaboration, and data controls."
10,Enable absolute session timeout,Completed,3.91 / 4,4%,Identity,Microsoft Entra ID,Yes,No,Golden Tenant,MDA_SNOW_userCookieMaxLifeSpanInDays,"Reference posture: disciplined identity, endpoint, mail, collaboration, and data controls."
10,Adopt SSO (Single sign on) in Workplace by Meta,Completed,6.84 / 7,7%,Identity,Microsoft Entra ID,Yes,No,Golden Tenant,MDA_Workplace_SSO,"Reference posture: disciplined identity, endpoint, mail, collaboration, and data controls."
10,Block admins to set passwords,Completed,2.99 / 3,3%,Identity,Microsoft Entra ID,Yes,No,Golden Tenant,MDA_Zendesk_AdminPassChange,"Reference posture: disciplined identity, endpoint, mail, collaboration, and data controls."
10,Block account assumption,Completed,3.87 / 4,4%,Identity,Microsoft Entra ID,Yes,No,Golden Tenant,MDA_Zendesk_BlockAccountAssumption,"Reference posture: disciplined identity, endpoint, mail, collaboration, and data controls."
10,Block customers to bypass IP restrictions,Completed,2.93 / 3,3%,Identity,Microsoft Entra ID,Yes,No,Golden Tenant,MDA_Zendesk_bypassIPrestrictions,"Reference posture: disciplined identity, endpoint, mail, collaboration, and data controls."
10,"Send a notification on password change for admins, agents, and end users",Completed,3 / 3,3%,Identity,Microsoft Entra ID,Yes,No,Golden Tenant,MDA_Zendesk_EmailNotificationsforPassChange,"Reference posture: disciplined identity, endpoint, mail, collaboration, and data controls."
10,Admins and agents can use the Zendesk Support mobile app,Completed,3 / 3,3%,Apps,MDA_Zendesk,Yes,No,Golden Tenant,MDA_Zendesk_enableapp,"Reference posture: disciplined identity, endpoint, mail, collaboration, and data controls."
10,Enable IP restrictions,Completed,3 / 3,3%,Identity,Microsoft Entra ID,Yes,No,Golden Tenant,MDA_Zendesk_IPrestrictions,"Reference posture: disciplined identity, endpoint, mail, collaboration, and data controls."
10,Enable and adopt two-factor authentication (2FA),Completed,7 / 7,7%,Identity,Microsoft Entra ID,Yes,No,Golden Tenant,MDA_Zendesk_MFA,"Reference posture: disciplined identity, endpoint, mail, collaboration, and data controls."
10,Enable session timeout for users,Completed,5.97 / 6,6%,Identity,Microsoft Entra ID,Yes,No,Golden Tenant,MDA_Zendesk_sessionexpiry,"Reference posture: disciplined identity, endpoint, mail, collaboration, and data controls."
10,Enable external Authentication (google or microsoft or SSO),Completed,6.88 / 7,7%,Identity,Microsoft Entra ID,Yes,No,Golden Tenant,MDA_Zendesk_SSO,"Reference posture: disciplined identity, endpoint, mail, collaboration, and data controls."
10,Enable Zendesk authentication,Completed,6.9 / 7,7%,Identity,Microsoft Entra ID,Yes,No,Golden Tenant,MDA_Zendesk_ZanAuth,"Reference posture: disciplined identity, endpoint, mail, collaboration, and data controls."
10,Block users in specific domains from joining meetings and webinars,Completed,2.86 / 3,3%,Apps,MDA_Zoom,Yes,No,Golden Tenant,MDA_Zoom_BlockDomains,"Reference posture: disciplined identity, endpoint, mail, collaboration, and data controls."
10,Enforce end to end encryption in all Zoom meetings,Completed,2.93 / 3,3%,Apps,MDA_Zoom,Yes,No,Golden Tenant,MDA_Zoom_MeetingE2eEncryption,"Reference posture: disciplined identity, endpoint, mail, collaboration, and data controls."
10,Enable multi-factor authentication,Completed,7 / 7,7%,Apps,MDA_Zoom,Yes,No,Golden Tenant,MDA_Zoom_MFA,"Reference posture: disciplined identity, endpoint, mail, collaboration, and data controls."
10,Enhance password requirements,Completed,3.94 / 4,4%,Apps,MDA_Zoom,Yes,No,Golden Tenant,MDA_Zoom_PasswordReq,"Reference posture: disciplined identity, endpoint, mail, collaboration, and data controls."
10,Enable session timeout for client users,Completed,6 / 6,6%,Apps,MDA_Zoom,Yes,No,Golden Tenant,MDA_Zoom_SessionTimeoutClient,"Reference posture: disciplined identity, endpoint, mail, collaboration, and data controls."
10,Enable session timeout for web users,Completed,5.91 / 6,6%,Apps,MDA_Zoom,Yes,No,Golden Tenant,MDA_Zoom_SessionTimeoutWeb,"Reference posture: disciplined identity, endpoint, mail, collaboration, and data controls."
128,Ensure that no sender domains are allowed for anti-spam policies,Completed,1.94 / 2,2%,Apps,MDO,Yes,No,Golden Tenant,mdo_allowedsenderscombined,"Reference posture: disciplined identity, endpoint, mail, collaboration, and data controls."
10,Ensure that an anti-phishing policy has been created,Completed,3 / 3,3%,Apps,MDO,Yes,No,Golden Tenant,mdo_antiphishingpolicies,"Reference posture: disciplined identity, endpoint, mail, collaboration, and data controls."
128,"Turn on Microsoft Defender for Office 365 in SharePoint, OneDrive, and Microsoft Teams",Completed,4.92 / 5,5%,Apps,Microsoft Teams,Yes,No,Golden Tenant,mdo_atpprotection,"Reference posture: disciplined identity, endpoint, mail, collaboration, and data controls."
128,Set automatic email forwarding rules to be system controlled,Completed,0.98 / 1,1%,Apps,Exchange Online,Yes,No,Golden Tenant,mdo_autoforwardingmode,"Reference posture: disciplined identity, endpoint, mail, collaboration, and data controls."
10,Ensure all forms of mail forwarding are blocked and/or disabled,Completed,4.84 / 5,5%,Apps,Exchange Online,Yes,No,Golden Tenant,mdo_blockmailforward,"Reference posture: disciplined identity, endpoint, mail, collaboration, and data controls."
128,Set action to take on bulk spam detection,Completed,2.95 / 3,3%,Apps,MDO,Yes,No,Golden Tenant,mdo_bulkspamaction,"Reference posture: disciplined identity, endpoint, mail, collaboration, and data controls."
128,Set the email bulk complaint level (BCL) threshold to be 6 or lower,Completed,0.99 / 1,1%,Apps,Exchange Online,Yes,No,Golden Tenant,mdo_bulkthreshold,"Reference posture: disciplined identity, endpoint, mail, collaboration, and data controls."
128,Ensure the Common Attachment Types Filter is enabled,Completed,5 / 5,5%,Apps,MDO,Yes,No,Golden Tenant,mdo_commonattachmentsfilter,"Reference posture: disciplined identity, endpoint, mail, collaboration, and data controls."
128,Don't add allowed IP addresses in the connection filter policy,Completed,1 / 1,1%,Apps,MDO,No,No,Golden Tenant,mdo_connectionfilter,"Reference posture: disciplined identity, endpoint, mail, collaboration, and data controls."
128,Enable impersonated domain protection,Completed,7.72 / 8,8%,Apps,MDO,Yes,No,Golden Tenant,mdo_enabledomainstoprotect,"Reference posture: disciplined identity, endpoint, mail, collaboration, and data controls."
128,Ensure that mailbox intelligence is enabled,Completed,7.77 / 8,8%,Apps,Exchange Online,Yes,No,Golden Tenant,mdo_enablemailboxintelligence,"Reference posture: disciplined identity, endpoint, mail, collaboration, and data controls."
128,Set action to take on high confidence phishing detection,Completed,5 / 5,5%,Apps,MDO,Yes,No,Golden Tenant,mdo_highconfidencephishaction,"Reference posture: disciplined identity, endpoint, mail, collaboration, and data controls."
128,Set action to take on high confidence spam detection,Completed,4.91 / 5,5%,Apps,MDO,Yes,No,Golden Tenant,mdo_highconfidencespamaction,"Reference posture: disciplined identity, endpoint, mail, collaboration, and data controls."
128,Ensure that intelligence for impersonation protection is enabled,Completed,7.78 / 8,8%,Apps,MDO,Yes,No,Golden Tenant,mdo_mailboxintelligenceprotection,"Reference posture: disciplined identity, endpoint, mail, collaboration, and data controls."
128,Move messages that are detected as impersonated users by mailbox intelligence,Completed,7.84 / 8,8%,Apps,Exchange Online,Yes,No,Golden Tenant,mdo_mailboxintelligenceprotectionaction,"Reference posture: disciplined identity, endpoint, mail, collaboration, and data controls."
128,Set the phishing email level threshold at 2 or higher,Completed,8 / 8,8%,Apps,Exchange Online,Yes,No,Golden Tenant,mdo_phishthresholdlevel,"Reference posture: disciplined identity, endpoint, mail, collaboration, and data controls."
128,Set action to take on phishing detection,Completed,5 / 5,5%,Apps,MDO,Yes,No,Golden Tenant,mdo_phisspamacation,"Reference posture: disciplined identity, endpoint, mail, collaboration, and data controls."
128,Retain spam in quarantine for 30 days,Completed,0.99 / 1,1%,Apps,MDO,Yes,No,Golden Tenant,mdo_quarantineretentionperiod,"Reference posture: disciplined identity, endpoint, mail, collaboration, and data controls."
128,Set maximum number of external recipients that a user can email per hour,Completed,0.98 / 1,1%,Apps,Exchange Online,Yes,No,Golden Tenant,mdo_recipientexternallimitperhour,"Reference posture: disciplined identity, endpoint, mail, collaboration, and data controls."
128,Set maximum number of internal recipients that a user can send to within an hour,Completed,0.97 / 1,1%,Apps,MDO,Yes,No,Golden Tenant,mdo_recipientinternallimitperhour,"Reference posture: disciplined identity, endpoint, mail, collaboration, and data controls."
128,Set a daily message limit,Completed,0.97 / 1,1%,Apps,MDO,Yes,No,Golden Tenant,mdo_recipientlimitperday,"Reference posture: disciplined identity, endpoint, mail, collaboration, and data controls."
10,Ensure Safe Attachments policy is enabled,Completed,4.85 / 5,5%,Apps,MDO,Yes,No,Golden Tenant,mdo_safeattachmentpolicy,"Reference posture: disciplined identity, endpoint, mail, collaboration, and data controls."
128,Turn on Safe Attachments in block mode,Completed,8 / 8,8%,Apps,MDO,Yes,No,Golden Tenant,mdo_safeattachments,"Reference posture: disciplined identity, endpoint, mail, collaboration, and data controls."
128,Turn on Safe Documents for Office Clients,Completed,4.9 / 5,5%,Apps,MDO,Yes,No,Golden Tenant,mdo_safedocuments,"Reference posture: disciplined identity, endpoint, mail, collaboration, and data controls."
128,Create Safe Links policies for email messages,Completed,9 / 9,9%,Apps,Exchange Online,Yes,No,Golden Tenant,mdo_safelinksforemail,"Reference posture: disciplined identity, endpoint, mail, collaboration, and data controls."
10,Ensure Safe Links for Office Applications is Enabled,Completed,2.98 / 3,3%,Apps,MDO,Yes,No,Golden Tenant,mdo_safelinksforOfficeApps,"Reference posture: disciplined identity, endpoint, mail, collaboration, and data controls."
128,Enable the domain impersonation safety tip,Completed,2.93 / 3,3%,Apps,MDO,Yes,No,Golden Tenant,mdo_similardomainssafetytips,"Reference posture: disciplined identity, endpoint, mail, collaboration, and data controls."
128,Enable the user impersonation safety tip,Completed,2.9 / 3,3%,Apps,MDO,Yes,No,Golden Tenant,mdo_similaruserssafetytips,"Reference posture: disciplined identity, endpoint, mail, collaboration, and data controls."
10,Ensure Exchange Online Spam Policies are set to notify administrators,Completed,3 / 3,3%,Apps,Exchange Online,Yes,No,Golden Tenant,mdo_spam_notifications_only_for_admins,"Reference posture: disciplined identity, endpoint, mail, collaboration, and data controls."
128,Set action to take on spam detection,Completed,4.75 / 5,5%,Apps,MDO,Yes,No,Golden Tenant,mdo_spamaction,"Reference posture: disciplined identity, endpoint, mail, collaboration, and data controls."
128,Quarantine messages that are detected from impersonated domains,Completed,5.86 / 6,6%,Apps,MDO,Yes,No,Golden Tenant,mdo_targeteddomainprotectionaction,"Reference posture: disciplined identity, endpoint, mail, collaboration, and data controls."
128,Quarantine messages that are detected from impersonated users,Completed,5.85 / 6,6%,Apps,MDO,Yes,No,Golden Tenant,mdo_targeteduserprotectionaction,"Reference posture: disciplined identity, endpoint, mail, collaboration, and data controls."
128,Enable impersonated user protection,Completed,8 / 8,8%,Apps,MDO,Yes,No,Golden Tenant,mdo_targetedusersprotection,"Reference posture: disciplined identity, endpoint, mail, collaboration, and data controls."
128,Block users who reached the message limit,Completed,0.99 / 1,1%,Apps,MDO,Yes,No,Golden Tenant,mdo_thresholdreachedaction,"Reference posture: disciplined identity, endpoint, mail, collaboration, and data controls."
128,Enable the user impersonation unusual characters safety tip,Completed,3 / 3,3%,Apps,MDO,Yes,No,Golden Tenant,mdo_unusualcharacterssafetytips,"Reference posture: disciplined identity, endpoint, mail, collaboration, and data controls."
128,Create zero-hour auto purge policies for malware,Completed,6 / 6,6%,Apps,MDO,Yes,No,Golden Tenant,mdo_zapmalware,"Reference posture: disciplined identity, endpoint, mail, collaboration, and data controls."
128,Create zero-hour auto purge policies for phishing messages,Completed,3 / 3,3%,Apps,MDO,Yes,No,Golden Tenant,mdo_zapphish,"Reference posture: disciplined identity, endpoint, mail, collaboration, and data controls."
128,Create zero-hour auto purge policies for spam messages,Completed,0.96 / 1,1%,Apps,MDO,Yes,No,Golden Tenant,mdo_zapspam,"Reference posture: disciplined identity, endpoint, mail, collaboration, and data controls."
246,Restrict anonymous users from starting Teams meetings,Completed,0.97 / 1,1%,Apps,Microsoft Teams,Yes,No,Golden Tenant,meeting_anonymousstartmeeting_v1,"Reference posture: disciplined identity, endpoint, mail, collaboration, and data controls."
247,Only invited users should be automatically admitted to Teams meetings,Completed,1.97 / 2,2%,Apps,Microsoft Teams,Yes,No,Golden Tenant,meeting_autoadmitusers_v1,"Reference posture: disciplined identity, endpoint, mail, collaboration, and data controls."
248,Configure which users are allowed to present in Teams meetings,Completed,2 / 2,2%,Apps,Microsoft Teams,Yes,No,Golden Tenant,meeting_designatedpresenter_v1,"Reference posture: disciplined identity, endpoint, mail, collaboration, and data controls."
249,Limit external participants from having control in a Teams meeting,Completed,0.99 / 1,1%,Apps,Microsoft Teams,Yes,No,Golden Tenant,meeting_externalrequestcontrol_v1,"Reference posture: disciplined identity, endpoint, mail, collaboration, and data controls."
250,Restrict dial-in users from bypassing a meeting lobby,Completed,0.99 / 1,1%,Apps,Microsoft Teams,Yes,No,Golden Tenant,meeting_pstnusersbypasslobby_v1,"Reference posture: disciplined identity, endpoint, mail, collaboration, and data controls."
251,Restrict anonymous users from joining meetings,Completed,0.99 / 1,1%,Apps,Microsoft Teams,Yes,No,Golden Tenant,meeting_restrictanonymousjoin_v1,"Reference posture: disciplined identity, endpoint, mail, collaboration, and data controls."
12,Ensure multifactor authentication is enabled for all users,Completed,9 / 9,9%,Identity,Microsoft Entra ID,Yes,No,Golden Tenant,MFARegistrationV2,"Reference posture: disciplined identity, endpoint, mail, collaboration, and data controls."
129,Ensure that Auto-labeling data classification policies are set up and used,Completed,0.96 / 1,1%,Data,MIP,Yes,No,Golden Tenant,mip_autosensitivitylabelspolicies,"Reference posture: disciplined identity, endpoint, mail, collaboration, and data controls."
10,Ensure DLP policies are enabled for Microsoft Teams,Completed,2.88 / 3,3%,Apps,Microsoft Teams,Yes,No,Golden Tenant,mip_DLP_policies_Teams,"Reference posture: disciplined identity, endpoint, mail, collaboration, and data controls."
10,Ensure Office 365 Management Activity API is Enabled for some workloads (see description),Completed,2.91 / 3,3%,Apps,MIP,Yes,No,Golden Tenant,mip_management_API_enabled_four_workloads,"Reference posture: disciplined identity, endpoint, mail, collaboration, and data controls."
129,Extend M365 sensitivity labeling to assets in Microsoft Purview data map,Completed,0.97 / 1,1%,Data,MIP,Yes,No,Golden Tenant,mip_purviewlabelconsent,"Reference posture: disciplined identity, endpoint, mail, collaboration, and data controls."
10,Ensure Microsoft 365 audit log search is Enabled,Completed,3 / 3,3%,Apps,MIP,Yes,No,Golden Tenant,mip_search_auditlog,"Reference posture: disciplined identity, endpoint, mail, collaboration, and data controls."
129,Publish M365 sensitivity label data classification policies,Completed,2 / 2,2%,Data,MIP,Yes,No,Golden Tenant,mip_sensitivitylabelspolicies,"Reference posture: disciplined identity, endpoint, mail, collaboration, and data controls."
27,Designate more than one global admin,Completed,1 / 1,1%,Identity,Microsoft Entra ID,Yes,No,Golden Tenant,OneAdmin,"Reference posture: disciplined identity, endpoint, mail, collaboration, and data controls."
9,Ensure that password hash sync is enabled for hybrid deployments,Completed,4.99 / 5,5%,Identity,Microsoft Entra ID,Yes,No,Golden Tenant,PasswordHashSync,"Reference posture: disciplined identity, endpoint, mail, collaboration, and data controls."
33,Ensure the 'Password expiration policy' is set to 'Set passwords to never expire (recommended)',Completed,7.86 / 8,8%,Identity,Microsoft Entra ID,Yes,No,Golden Tenant,PWAgePolicyNew,"Reference posture: disciplined identity, endpoint, mail, collaboration, and data controls."
50,Use least privileged administrative roles,Completed,1 / 1,1%,Identity,Microsoft Entra ID,Yes,No,Golden Tenant,RoleOverlap,"Reference posture: disciplined identity, endpoint, mail, collaboration, and data controls."
162,Disable JavaScript on Adobe Reader 2015,Completed,4.85 / 5,5%,Device,Microsoft Intune,Yes,No,Golden Tenant,scid_100,"Reference posture: disciplined identity, endpoint, mail, collaboration, and data controls."
163,Disable JavaScript on Adobe 2015,Completed,4.9 / 5,5%,Device,Microsoft Intune,Yes,No,Golden Tenant,scid_101,"Reference posture: disciplined identity, endpoint, mail, collaboration, and data controls."
208,Enable 'Local Security Authority (LSA) protection' on Windows 11 22h2 and higher,Completed,7.85 / 8,8%,Device,Microsoft Intune,Yes,No,Golden Tenant,scid_102,"Reference posture: disciplined identity, endpoint, mail, collaboration, and data controls."
209,Require LDAP client signing to prevent tampering and protect directory authentication,Completed,6.86 / 7,7%,Device,Microsoft Intune,Yes,No,Golden Tenant,scid_103,"Reference posture: disciplined identity, endpoint, mail, collaboration, and data controls."
210,Encrypt LDAP client traffic to protect sensitive data in transit,Completed,7 / 7,7%,Device,Microsoft Intune,Yes,No,Golden Tenant,scid_104,"Reference posture: disciplined identity, endpoint, mail, collaboration, and data controls."
211,Enforce LDAP channel binding to protect authentication sessions from interception,Completed,6.95 / 7,7%,Device,Microsoft Intune,Yes,No,Golden Tenant,scid_105,"Reference posture: disciplined identity, endpoint, mail, collaboration, and data controls."
212,Require LDAP server signing to ensure integrity of directory traffic,Completed,7.93 / 8,8%,Device,Microsoft Intune,Yes,No,Golden Tenant,scid_106,"Reference posture: disciplined identity, endpoint, mail, collaboration, and data controls."
213,Disable Remote Registry Service on Windows,Completed,7.73 / 8,8%,Device,Microsoft Intune,Yes,No,Golden Tenant,scid_108,"Reference posture: disciplined identity, endpoint, mail, collaboration, and data controls."
214,Disable NTLM authentication for Windows,Completed,7.9 / 8,8%,Device,Microsoft Intune,Yes,No,Golden Tenant,scid_109,"Reference posture: disciplined identity, endpoint, mail, collaboration, and data controls."
228,Ensure devices are updated to Secure Boot 2023 certificates and boot manager,Completed,6.65 / 7,7%,Device,Microsoft Intune,Yes,No,Golden Tenant,scid_112,"Reference posture: disciplined identity, endpoint, mail, collaboration, and data controls."
33,Enable Automatic Updates,Completed,4.91 / 5,5%,Device,Microsoft Intune,Yes,No,Golden Tenant,scid_15,"Reference posture: disciplined identity, endpoint, mail, collaboration, and data controls."
34,Enable 'Hide Option to Enable or Disable Updates',Completed,4.89 / 5,5%,Device,Microsoft Intune,Yes,No,Golden Tenant,scid_16,"Reference posture: disciplined identity, endpoint, mail, collaboration, and data controls."
35,Disable 'Allow running plugins that are outdated',Completed,7.93 / 8,8%,Device,Microsoft Intune,Yes,No,Golden Tenant,scid_17,"Reference posture: disciplined identity, endpoint, mail, collaboration, and data controls."
37,Disable 'Continue running background apps when Google Chrome is closed',Completed,4.93 / 5,5%,Device,Microsoft Intune,Yes,No,Golden Tenant,scid_19,"Reference posture: disciplined identity, endpoint, mail, collaboration, and data controls."
38,Disable 'AutoFill',Completed,5 / 5,5%,Device,Microsoft Intune,Yes,No,Golden Tenant,scid_20,"Reference posture: disciplined identity, endpoint, mail, collaboration, and data controls."
99,Turn on Microsoft Defender for Endpoint sensor,Completed,9.88 / 10,10%,Device,Microsoft Intune,Yes,No,Golden Tenant,scid_2000,"Reference posture: disciplined identity, endpoint, mail, collaboration, and data controls."
100,Fix Microsoft Defender for Endpoint sensor data collection,Completed,9.71 / 10,10%,Device,Microsoft Intune,Yes,No,Golden Tenant,scid_2001,"Reference posture: disciplined identity, endpoint, mail, collaboration, and data controls."
101,Fix Microsoft Defender for Endpoint impaired communications,Completed,9.71 / 10,10%,Device,Microsoft Intune,Yes,No,Golden Tenant,scid_2002,"Reference posture: disciplined identity, endpoint, mail, collaboration, and data controls."
281,Turn on Tamper Protection,Completed,7.66 / 8,8%,Device,Microsoft Intune,Yes,No,Golden Tenant,scid_2003,"Reference posture: disciplined identity, endpoint, mail, collaboration, and data controls."
167,Enable EDR in block mode,Completed,7.71 / 8,8%,Device,Microsoft Intune,Yes,No,Golden Tenant,scid_2004,"Reference posture: disciplined identity, endpoint, mail, collaboration, and data controls."
102,Turn on Microsoft Defender Antivirus,Completed,9.66 / 10,10%,Device,Microsoft Intune,Yes,No,Golden Tenant,scid_2010,"Reference posture: disciplined identity, endpoint, mail, collaboration, and data controls."
103,Update Microsoft Defender Antivirus definitions,Completed,9 / 9,9%,Device,Microsoft Intune,Yes,No,Golden Tenant,scid_2011,"Reference posture: disciplined identity, endpoint, mail, collaboration, and data controls."
104,Turn on real-time protection,Completed,9.96 / 10,10%,Device,Microsoft Intune,Yes,No,Golden Tenant,scid_2012,"Reference posture: disciplined identity, endpoint, mail, collaboration, and data controls."
105,Turn on PUA protection in block mode,Completed,8.87 / 9,9%,Device,Microsoft Intune,Yes,No,Golden Tenant,scid_2013,"Reference posture: disciplined identity, endpoint, mail, collaboration, and data controls."
106,Fix Windows Defender Antivirus cloud service connectivity,Completed,7.93 / 8,8%,Device,Microsoft Intune,Yes,No,Golden Tenant,scid_2014,"Reference posture: disciplined identity, endpoint, mail, collaboration, and data controls."
288,Enable cloud-delivered protection,Completed,7.82 / 8,8%,Device,Microsoft Intune,Yes,No,Golden Tenant,scid_2016,"Reference posture: disciplined identity, endpoint, mail, collaboration, and data controls."
108,Turn on all system-level Exploit protection settings,Completed,7.67 / 8,8%,Device,Microsoft Intune,Yes,No,Golden Tenant,scid_2020,"Reference posture: disciplined identity, endpoint, mail, collaboration, and data controls."
109,Set controlled folder access to enabled or audit mode,Completed,8 / 8,8%,Device,Microsoft Intune,Yes,No,Golden Tenant,scid_2021,"Reference posture: disciplined identity, endpoint, mail, collaboration, and data controls."
207,Update Microsoft Defender for Endpoint core components,Completed,9.58 / 10,10%,Device,Microsoft Intune,Yes,No,Golden Tenant,scid_2030,"Reference posture: disciplined identity, endpoint, mail, collaboration, and data controls."
114,Set Microsoft Defender SmartScreen app and file checking to block or warn,Completed,8.78 / 9,9%,Device,Microsoft Intune,Yes,No,Golden Tenant,scid_2060,"Reference posture: disciplined identity, endpoint, mail, collaboration, and data controls."
115,Set Microsoft Defender SmartScreen Microsoft Edge site and download checking to block or warn,Completed,9 / 9,9%,Device,Microsoft Intune,Yes,No,Golden Tenant,scid_2061,"Reference posture: disciplined identity, endpoint, mail, collaboration, and data controls."
117,Turn on Microsoft Defender Firewall,Completed,9.9 / 10,10%,Device,Microsoft Intune,Yes,No,Golden Tenant,scid_2070,"Reference posture: disciplined identity, endpoint, mail, collaboration, and data controls."
118,Secure Microsoft Defender Firewall domain profile,Completed,9 / 9,9%,Device,Microsoft Intune,Yes,No,Golden Tenant,scid_2071,"Reference posture: disciplined identity, endpoint, mail, collaboration, and data controls."
119,Secure Microsoft Defender firewall private profile,Completed,8.87 / 9,9%,Device,Microsoft Intune,Yes,No,Golden Tenant,scid_2072,"Reference posture: disciplined identity, endpoint, mail, collaboration, and data controls."
120,Secure Microsoft Defender Firewall public profile,Completed,8.68 / 9,9%,Device,Microsoft Intune,Yes,No,Golden Tenant,scid_2073,"Reference posture: disciplined identity, endpoint, mail, collaboration, and data controls."
122,Turn on Microsoft Defender Credential Guard,Completed,7.74 / 8,8%,Device,Microsoft Intune,Yes,No,Golden Tenant,scid_2080,"Reference posture: disciplined identity, endpoint, mail, collaboration, and data controls."
124,Encrypt all BitLocker-supported drives,Completed,8.6 / 9,9%,Device,Microsoft Intune,Yes,No,Golden Tenant,scid_2090,"Reference posture: disciplined identity, endpoint, mail, collaboration, and data controls."
125,Resume BitLocker protection on all drives,Completed,8.75 / 9,9%,Device,Microsoft Intune,Yes,No,Golden Tenant,scid_2091,"Reference posture: disciplined identity, endpoint, mail, collaboration, and data controls."
126,Ensure BitLocker drive compatibility,Completed,7.99 / 8,8%,Device,Microsoft Intune,Yes,No,Golden Tenant,scid_2093,"Reference posture: disciplined identity, endpoint, mail, collaboration, and data controls."
39,Block webpages from automatically running Flash plugins,Completed,4.99 / 5,5%,Device,Microsoft Intune,Yes,No,Golden Tenant,scid_21,"Reference posture: disciplined identity, endpoint, mail, collaboration, and data controls."
215,Enable UEFI Secure Boot mode,Completed,8.9 / 9,9%,Device,Microsoft Intune,Yes,No,Golden Tenant,scid_2100,"Reference posture: disciplined identity, endpoint, mail, collaboration, and data controls."
40,Disable 'Password Manager',Completed,5 / 5,5%,Device,Microsoft Intune,Yes,No,Golden Tenant,scid_22,"Reference posture: disciplined identity, endpoint, mail, collaboration, and data controls."
41,Enable 'Block third party cookies',Completed,1.95 / 2,2%,Device,Microsoft Intune,Yes,No,Golden Tenant,scid_23,"Reference posture: disciplined identity, endpoint, mail, collaboration, and data controls."
42,Set 'Remote Desktop security level' to 'TLS',Completed,7.93 / 8,8%,Device,Microsoft Intune,Yes,No,Golden Tenant,scid_24,"Reference posture: disciplined identity, endpoint, mail, collaboration, and data controls."
43,Enable 'Local Security Authority (LSA) protection',Completed,7.81 / 8,8%,Device,Microsoft Intune,Yes,No,Golden Tenant,scid_25,"Reference posture: disciplined identity, endpoint, mail, collaboration, and data controls."
308,Block executable content from email client and webmail,Completed,8.68 / 9,9%,Device,Exchange Online,Yes,No,Golden Tenant,scid_2500,"Reference posture: disciplined identity, endpoint, mail, collaboration, and data controls."
309,Block all Office applications from creating child processes,Completed,8.95 / 9,9%,Device,Microsoft Intune,Yes,No,Golden Tenant,scid_2501,"Reference posture: disciplined identity, endpoint, mail, collaboration, and data controls."
310,Block Office applications from creating executable content,Completed,8.91 / 9,9%,Device,Microsoft Intune,Yes,No,Golden Tenant,scid_2502,"Reference posture: disciplined identity, endpoint, mail, collaboration, and data controls."
311,Block Office applications from injecting code into other processes,Completed,8.94 / 9,9%,Device,Microsoft Intune,Yes,No,Golden Tenant,scid_2503,"Reference posture: disciplined identity, endpoint, mail, collaboration, and data controls."
312,Block JavaScript or VBScript from launching downloaded executable content,Completed,9 / 9,9%,Device,Microsoft Intune,Yes,No,Golden Tenant,scid_2504,"Reference posture: disciplined identity, endpoint, mail, collaboration, and data controls."
313,Block execution of potentially obfuscated scripts,Completed,9 / 9,9%,Device,Microsoft Intune,Yes,No,Golden Tenant,scid_2505,"Reference posture: disciplined identity, endpoint, mail, collaboration, and data controls."
314,Block Win32 API calls from Office macros,Completed,9 / 9,9%,Device,Microsoft Intune,Yes,No,Golden Tenant,scid_2506,"Reference posture: disciplined identity, endpoint, mail, collaboration, and data controls."
315,"Block executable files from running unless they meet a prevalence, age, or trusted list criterion",Completed,8.73 / 9,9%,Device,Microsoft Intune,Yes,No,Golden Tenant,scid_2507,"Reference posture: disciplined identity, endpoint, mail, collaboration, and data controls."
316,Use advanced protection against ransomware,Completed,8.69 / 9,9%,Device,Microsoft Intune,Yes,No,Golden Tenant,scid_2508,"Reference posture: disciplined identity, endpoint, mail, collaboration, and data controls."
126,Block credential stealing from the Windows local security authority subsystem (lsass.exe),Completed,8.75 / 9,9%,Device,Microsoft Intune,Yes,No,Golden Tenant,scid_2509,"Reference posture: disciplined identity, endpoint, mail, collaboration, and data controls."
318,Block process creations originating from PSExec and WMI commands,Completed,8.93 / 9,9%,Device,Microsoft Intune,Yes,No,Golden Tenant,scid_2510,"Reference posture: disciplined identity, endpoint, mail, collaboration, and data controls."
319,Block untrusted and unsigned processes that run from USB,Completed,8.95 / 9,9%,Device,Microsoft Intune,Yes,No,Golden Tenant,scid_2511,"Reference posture: disciplined identity, endpoint, mail, collaboration, and data controls."
320,Block Office communication application from creating child processes,Completed,9 / 9,9%,Device,Microsoft Intune,Yes,No,Golden Tenant,scid_2512,"Reference posture: disciplined identity, endpoint, mail, collaboration, and data controls."
321,Block Adobe Reader from creating child processes,Completed,9 / 9,9%,Device,Microsoft Intune,Yes,No,Golden Tenant,scid_2513,"Reference posture: disciplined identity, endpoint, mail, collaboration, and data controls."
322,Block persistence through WMI event subscription,Completed,8.88 / 9,9%,Device,Microsoft Intune,Yes,No,Golden Tenant,scid_2514,"Reference posture: disciplined identity, endpoint, mail, collaboration, and data controls."
323,Block abuse of exploited vulnerable signed drivers,Completed,8.9 / 9,9%,Device,Microsoft Intune,Yes,No,Golden Tenant,scid_2515,"Reference posture: disciplined identity, endpoint, mail, collaboration, and data controls."
216,Block Webshell creation for Servers,Completed,8.89 / 9,9%,Device,Microsoft Intune,Yes,No,Golden Tenant,scid_2516,"Reference posture: disciplined identity, endpoint, mail, collaboration, and data controls."
217,Block use of copied or impersonated system tools,Completed,8.67 / 9,9%,Device,Microsoft Intune,Yes,No,Golden Tenant,scid_2517,"Reference posture: disciplined identity, endpoint, mail, collaboration, and data controls."
218,Block rebooting machine in Safe Mode,Completed,8.61 / 9,9%,Device,Microsoft Intune,Yes,No,Golden Tenant,scid_2518,"Reference posture: disciplined identity, endpoint, mail, collaboration, and data controls."
44,Enable 'Safe DLL Search Mode',Completed,7.76 / 8,8%,Device,Microsoft Intune,Yes,No,Golden Tenant,scid_26,"Reference posture: disciplined identity, endpoint, mail, collaboration, and data controls."
45,Set User Account Control (UAC) to automatically deny elevation requests,Completed,8 / 8,8%,Device,Microsoft Intune,Yes,No,Golden Tenant,scid_27,"Reference posture: disciplined identity, endpoint, mail, collaboration, and data controls."
177,Set 'Interactive logon: Machine inactivity limit' to '1-900 seconds',Completed,4.92 / 5,5%,Device,Microsoft Intune,Yes,No,Golden Tenant,scid_28,"Reference posture: disciplined identity, endpoint, mail, collaboration, and data controls."
46,Disable 'Enumerate administrator accounts on elevation',Completed,8 / 8,8%,Device,Microsoft Intune,Yes,No,Golden Tenant,scid_29,"Reference posture: disciplined identity, endpoint, mail, collaboration, and data controls."
47,Disable 'Insecure guest logons' in SMB,Completed,7.97 / 8,8%,Device,Microsoft Intune,Yes,No,Golden Tenant,scid_30,"Reference posture: disciplined identity, endpoint, mail, collaboration, and data controls."
164,Fix unquoted service path for Windows services,Completed,7.95 / 8,8%,Device,Microsoft Intune,Yes,No,Golden Tenant,scid_3001,"Reference posture: disciplined identity, endpoint, mail, collaboration, and data controls."
165,Change service executable path to a common protected location,Completed,7.64 / 8,8%,Device,Microsoft Intune,Yes,No,Golden Tenant,scid_3002,"Reference posture: disciplined identity, endpoint, mail, collaboration, and data controls."
166,Change service account to avoid cached password in windows registry,Completed,7.61 / 8,8%,Device,Microsoft Intune,Yes,No,Golden Tenant,scid_3003,"Reference posture: disciplined identity, endpoint, mail, collaboration, and data controls."
168,Disable the built-in Administrator account,Completed,8 / 8,8%,Device,Microsoft Intune,Yes,No,Golden Tenant,scid_3010,"Reference posture: disciplined identity, endpoint, mail, collaboration, and data controls."
169,Disable the built-in Guest account,Completed,7.87 / 8,8%,Device,Microsoft Intune,Yes,No,Golden Tenant,scid_3011,"Reference posture: disciplined identity, endpoint, mail, collaboration, and data controls."
170,Set 'Minimum password length' to '14 or more characters',Completed,5 / 5,5%,Device,Microsoft Intune,Yes,No,Golden Tenant,scid_32,"Reference posture: disciplined identity, endpoint, mail, collaboration, and data controls."
171,Set 'Enforce password history' to '24 or more password(s)',Completed,4.98 / 5,5%,Device,Microsoft Intune,Yes,No,Golden Tenant,scid_33,"Reference posture: disciplined identity, endpoint, mail, collaboration, and data controls."
172,"Set 'Maximum password age' to '60 or fewer days, but not 0'",Completed,5 / 5,5%,Device,Microsoft Intune,Yes,No,Golden Tenant,scid_34,"Reference posture: disciplined identity, endpoint, mail, collaboration, and data controls."
173,Set 'Minimum password age' to '1 or more day(s)',Completed,4.91 / 5,5%,Device,Microsoft Intune,Yes,No,Golden Tenant,scid_35,"Reference posture: disciplined identity, endpoint, mail, collaboration, and data controls."
49,Enable 'Domain member: Require strong (Windows 2000 or later) session key',Completed,4.94 / 5,5%,Device,Microsoft Intune,Yes,No,Golden Tenant,scid_36,"Reference posture: disciplined identity, endpoint, mail, collaboration, and data controls."
50,Enable 'Domain member: Digitally encrypt or sign secure channel data (always)',Completed,4.83 / 5,5%,Device,Microsoft Intune,Yes,No,Golden Tenant,scid_37,"Reference posture: disciplined identity, endpoint, mail, collaboration, and data controls."
51,Enable Set 'Domain member: Digitally encrypt secure channel data (when possible)',Completed,4.76 / 5,5%,Device,Microsoft Intune,Yes,No,Golden Tenant,scid_38,"Reference posture: disciplined identity, endpoint, mail, collaboration, and data controls."
52,Enable 'Domain member: Digitally sign secure channel data (when possible)',Completed,4.83 / 5,5%,Device,Microsoft Intune,Yes,No,Golden Tenant,scid_39,"Reference posture: disciplined identity, endpoint, mail, collaboration, and data controls."
53,Disable 'Domain member: Disable machine account password changes',Completed,1.96 / 2,2%,Device,Microsoft Intune,Yes,No,Golden Tenant,scid_40,"Reference posture: disciplined identity, endpoint, mail, collaboration, and data controls."
203,Disallow offline access to shares,Completed,8 / 8,8%,Device,Microsoft Intune,Yes,No,Golden Tenant,scid_4000,"Reference posture: disciplined identity, endpoint, mail, collaboration, and data controls."
204,Remove share write permission set to ‘Everyone’,Completed,8 / 8,8%,Device,Microsoft Intune,Yes,No,Golden Tenant,scid_4001,"Reference posture: disciplined identity, endpoint, mail, collaboration, and data controls."
205,Remove shares from the root folder,Completed,8 / 8,8%,Device,Microsoft Intune,Yes,No,Golden Tenant,scid_4002,"Reference posture: disciplined identity, endpoint, mail, collaboration, and data controls."
206,Set folder access-based enumeration for shares,Completed,7.82 / 8,8%,Device,Microsoft Intune,Yes,No,Golden Tenant,scid_4003,"Reference posture: disciplined identity, endpoint, mail, collaboration, and data controls."
175,Set 'Account lockout duration' to 15 minutes or more,Completed,5.85 / 6,6%,Device,Microsoft Intune,Yes,No,Golden Tenant,scid_41,"Reference posture: disciplined identity, endpoint, mail, collaboration, and data controls."
178,Set 'Reset account lockout counter after' to 15 minutes or more,Completed,5.89 / 6,6%,Device,Microsoft Intune,Yes,No,Golden Tenant,scid_42,"Reference posture: disciplined identity, endpoint, mail, collaboration, and data controls."
54,Disable Microsoft Defender Firewall notifications when programs are blocked for Domain profile,Completed,1.92 / 2,2%,Device,Microsoft Intune,Yes,No,Golden Tenant,scid_43,"Reference posture: disciplined identity, endpoint, mail, collaboration, and data controls."
176,Set 'Account lockout threshold' to 1-10 invalid login attempts,Completed,5.86 / 6,6%,Device,Microsoft Intune,Yes,No,Golden Tenant,scid_44,"Reference posture: disciplined identity, endpoint, mail, collaboration, and data controls."
202,Set user authentication for remote connections by using Network Level Authentication to 'Enabled',Completed,4.94 / 5,5%,Device,Microsoft Intune,Yes,No,Golden Tenant,scid_45,"Reference posture: disciplined identity, endpoint, mail, collaboration, and data controls."
55,Disable Microsoft Defender Firewall notifications when programs are blocked for Private profile,Completed,1.99 / 2,2%,Device,Microsoft Intune,Yes,No,Golden Tenant,scid_46,"Reference posture: disciplined identity, endpoint, mail, collaboration, and data controls."
56,Disable Microsoft Defender Firewall notifications when programs are blocked for Public profile,Completed,2 / 2,2%,Device,Microsoft Intune,Yes,No,Golden Tenant,scid_49,"Reference posture: disciplined identity, endpoint, mail, collaboration, and data controls."
57,Disable merging of local Microsoft Defender Firewall rules with group policy firewall rules for the Public profile,Completed,5 / 5,5%,Device,Microsoft Intune,Yes,No,Golden Tenant,scid_50,"Reference posture: disciplined identity, endpoint, mail, collaboration, and data controls."
179,Fix Microsoft Defender for Endpoint sensor data collection in macOS,Completed,9.96 / 10,10%,Device,Microsoft Intune,Yes,No,Golden Tenant,scid_5001,"Reference posture: disciplined identity, endpoint, mail, collaboration, and data controls."
180,Fix Microsoft Defender for Endpoint impaired communications in macOS,Completed,9.82 / 10,10%,Device,Microsoft Intune,Yes,No,Golden Tenant,scid_5002,"Reference posture: disciplined identity, endpoint, mail, collaboration, and data controls."
181,Set minimum password length to 15 or more characters in macOS,Completed,5.83 / 6,6%,Device,Microsoft Intune,Yes,No,Golden Tenant,scid_5003,"Reference posture: disciplined identity, endpoint, mail, collaboration, and data controls."
182,Set 'Enforce password history' to '24 or more password(s)' in macOS,Completed,4.93 / 5,5%,Device,Microsoft Intune,Yes,No,Golden Tenant,scid_5004,"Reference posture: disciplined identity, endpoint, mail, collaboration, and data controls."
183,"Set 'Maximum password age' to '90 or fewer days, but not 0' in macOS",Completed,4.9 / 5,5%,Device,Microsoft Intune,Yes,No,Golden Tenant,scid_5005,"Reference posture: disciplined identity, endpoint, mail, collaboration, and data controls."
184,Set account lockout threshold to 5 or lower in macOS,Completed,6.79 / 7,7%,Device,Microsoft Intune,Yes,No,Golden Tenant,scid_5006,"Reference posture: disciplined identity, endpoint, mail, collaboration, and data controls."
185,Turn on Firewall in macOS,Completed,10 / 10,10%,Device,Microsoft Intune,Yes,No,Golden Tenant,scid_5007,"Reference posture: disciplined identity, endpoint, mail, collaboration, and data controls."
186,Enable Gatekeeper in macOS,Completed,7.91 / 8,8%,Device,Microsoft Intune,Yes,No,Golden Tenant,scid_5009,"Reference posture: disciplined identity, endpoint, mail, collaboration, and data controls."
187,Enable System Integrity Protection (SIP) in macOS,Completed,6.89 / 7,7%,Device,Microsoft Intune,Yes,No,Golden Tenant,scid_5010,"Reference posture: disciplined identity, endpoint, mail, collaboration, and data controls."
187,Enable FileVault Disk Encryption in macOS,Completed,6.85 / 7,7%,Device,Microsoft Intune,Yes,No,Golden Tenant,scid_5011,"Reference posture: disciplined identity, endpoint, mail, collaboration, and data controls."
189,Ensure screensaver is set to start in 20 minutes or less in macOS,Completed,4.89 / 5,5%,Device,Microsoft Intune,Yes,No,Golden Tenant,scid_5013,"Reference posture: disciplined identity, endpoint, mail, collaboration, and data controls."
190,Secure Home Folders in macOS,Completed,5.79 / 6,6%,Device,Microsoft Intune,Yes,No,Golden Tenant,scid_5014,"Reference posture: disciplined identity, endpoint, mail, collaboration, and data controls."
191,Turn on Microsoft Defender Antivirus real-time protection in macOS,Completed,9.76 / 10,10%,Device,Microsoft Intune,Yes,No,Golden Tenant,scid_5090,"Reference posture: disciplined identity, endpoint, mail, collaboration, and data controls."
192,Turn on Microsoft Defender Antivirus PUA protection in block mode in macOS,Completed,8.89 / 9,9%,Device,Microsoft Intune,Yes,No,Golden Tenant,scid_5091,"Reference posture: disciplined identity, endpoint, mail, collaboration, and data controls."
219,Turn on Tamper Protection for MacOS,Completed,8 / 8,8%,Device,Microsoft Intune,Yes,No,Golden Tenant,scid_5092,"Reference posture: disciplined identity, endpoint, mail, collaboration, and data controls."
220,Enable Microsoft Defender Antivirus real-time behavior monitoring in macOS,Completed,4.92 / 5,5%,Device,Microsoft Intune,Yes,No,Golden Tenant,scid_5093,"Reference posture: disciplined identity, endpoint, mail, collaboration, and data controls."
193,Enable Microsoft Defender Antivirus cloud-delivered protection in macOS,Completed,8 / 8,8%,Device,Microsoft Intune,Yes,No,Golden Tenant,scid_5094,"Reference posture: disciplined identity, endpoint, mail, collaboration, and data controls."
194,Update Microsoft Defender Antivirus definitions in macOS,Completed,9 / 9,9%,Device,Microsoft Intune,Yes,No,Golden Tenant,scid_5095,"Reference posture: disciplined identity, endpoint, mail, collaboration, and data controls."
58,Disable merging of local Microsoft Defender Firewall connection rules with group policy firewall rules for the Public profile,Completed,4.93 / 5,5%,Device,Microsoft Intune,Yes,No,Golden Tenant,scid_51,"Reference posture: disciplined identity, endpoint, mail, collaboration, and data controls."
59,Enable 'Apply UAC restrictions to local accounts on network logons',Completed,4.81 / 5,5%,Device,Microsoft Intune,Yes,No,Golden Tenant,scid_52,"Reference posture: disciplined identity, endpoint, mail, collaboration, and data controls."
60,Disable SMBv1 client driver,Completed,7.81 / 8,8%,Device,Microsoft Intune,Yes,No,Golden Tenant,scid_53,"Reference posture: disciplined identity, endpoint, mail, collaboration, and data controls."
61,Disable SMBv1 server,Completed,7.61 / 8,8%,Device,Microsoft Intune,Yes,No,Golden Tenant,scid_54,"Reference posture: disciplined identity, endpoint, mail, collaboration, and data controls."
174,Disable 'Network access: Let Everyone permissions apply to anonymous users',Completed,4.83 / 5,5%,Device,Microsoft Intune,Yes,No,Golden Tenant,scid_55,"Reference posture: disciplined identity, endpoint, mail, collaboration, and data controls."
62,Disable 'WDigest Authentication',Completed,4.9 / 5,5%,Device,Microsoft Intune,Yes,No,Golden Tenant,scid_57,"Reference posture: disciplined identity, endpoint, mail, collaboration, and data controls."
63,Disable 'Installation and configuration of Network Bridge on your DNS domain network',Completed,4.95 / 5,5%,Device,Microsoft Intune,Yes,No,Golden Tenant,scid_58,"Reference posture: disciplined identity, endpoint, mail, collaboration, and data controls."
64,Enable 'Require domain users to elevate when setting a network's location',Completed,1.98 / 2,2%,Device,Microsoft Intune,Yes,No,Golden Tenant,scid_59,"Reference posture: disciplined identity, endpoint, mail, collaboration, and data controls."
65,Prohibit use of Internet Connection Sharing on your DNS domain network,Completed,4.97 / 5,5%,Device,Microsoft Intune,Yes,No,Golden Tenant,scid_60,"Reference posture: disciplined identity, endpoint, mail, collaboration, and data controls."
195,Fix Microsoft Defender for Endpoint sensor data collection for Linux,Completed,9.74 / 10,10%,Device,Microsoft Intune,Yes,No,Golden Tenant,scid_6001,"Reference posture: disciplined identity, endpoint, mail, collaboration, and data controls."
196,Fix Microsoft Defender for Endpoint impaired communications for Linux,Completed,9.63 / 10,10%,Device,Microsoft Intune,Yes,No,Golden Tenant,scid_6002,"Reference posture: disciplined identity, endpoint, mail, collaboration, and data controls."
197,Unrestricted Access Accounts for Linux,Completed,5.72 / 6,6%,Device,Microsoft Intune,Yes,No,Golden Tenant,scid_6014,"Reference posture: disciplined identity, endpoint, mail, collaboration, and data controls."
198,Turn on Microsoft Defender Antivirus real-time protection for Linux,Completed,9.8 / 10,10%,Device,Microsoft Intune,Yes,No,Golden Tenant,scid_6090,"Reference posture: disciplined identity, endpoint, mail, collaboration, and data controls."
199,Turn on Microsoft Defender Antivirus PUA protection in block mode for Linux,Completed,8.88 / 9,9%,Device,Microsoft Intune,Yes,No,Golden Tenant,scid_6091,"Reference posture: disciplined identity, endpoint, mail, collaboration, and data controls."
221,Turn on Microsoft Defender Antivirus Tamper Protection for Linux,Completed,7.98 / 8,8%,Device,Microsoft Intune,Yes,No,Golden Tenant,scid_6092,"Reference posture: disciplined identity, endpoint, mail, collaboration, and data controls."
222,Enable Microsoft Defender Antivirus real-time behavior monitoring for Linux,Completed,5 / 5,5%,Device,Microsoft Intune,Yes,No,Golden Tenant,scid_6093,"Reference posture: disciplined identity, endpoint, mail, collaboration, and data controls."
200,Enable Microsoft Defender Antivirus cloud-delivered protection for Linux,Completed,8 / 8,8%,Device,Microsoft Intune,Yes,No,Golden Tenant,scid_6094,"Reference posture: disciplined identity, endpoint, mail, collaboration, and data controls."
201,Update Microsoft Defender Antivirus definitions for Linux,Completed,8.86 / 9,9%,Device,Microsoft Intune,Yes,No,Golden Tenant,scid_6095,"Reference posture: disciplined identity, endpoint, mail, collaboration, and data controls."
66,Set 'Minimum PIN length for startup' to '6 or more characters',Completed,4.98 / 5,5%,Device,Microsoft Intune,Yes,No,Golden Tenant,scid_61,"Reference posture: disciplined identity, endpoint, mail, collaboration, and data controls."
223,Enable 'Microsoft Defender for Endpoint Plug-in for WSL',Completed,4.78 / 5,5%,Device,Microsoft Intune,Yes,No,Golden Tenant,scid_6100,"Reference posture: disciplined identity, endpoint, mail, collaboration, and data controls."
67,Enable 'Require additional authentication at startup',Completed,7.61 / 8,8%,Device,Microsoft Intune,Yes,No,Golden Tenant,scid_62,"Reference posture: disciplined identity, endpoint, mail, collaboration, and data controls."
68,Disable 'Configure Offer Remote Assistance',Completed,4.82 / 5,5%,Device,Microsoft Intune,Yes,No,Golden Tenant,scid_63,"Reference posture: disciplined identity, endpoint, mail, collaboration, and data controls."
69,Restrict anonymous access to named pipes and Shares,Completed,7.91 / 8,8%,Device,Microsoft Intune,Yes,No,Golden Tenant,scid_64,"Reference posture: disciplined identity, endpoint, mail, collaboration, and data controls."
70,Disable 'Store LAN Manager hash value on next password change',Completed,7.94 / 8,8%,Device,Microsoft Intune,Yes,No,Golden Tenant,scid_65,"Reference posture: disciplined identity, endpoint, mail, collaboration, and data controls."
71,Disable 'Always install with elevated privileges',Completed,8 / 8,8%,Device,Microsoft Intune,Yes,No,Golden Tenant,scid_66,"Reference posture: disciplined identity, endpoint, mail, collaboration, and data controls."
72,Disable 'Autoplay for non-volume devices',Completed,4.96 / 5,5%,Device,Microsoft Intune,Yes,No,Golden Tenant,scid_67,"Reference posture: disciplined identity, endpoint, mail, collaboration, and data controls."
73,Disable 'Anonymous enumeration of SAM accounts',Completed,8 / 8,8%,Device,Microsoft Intune,Yes,No,Golden Tenant,scid_68,"Reference posture: disciplined identity, endpoint, mail, collaboration, and data controls."
74,Disable 'Autoplay' for all drives,Completed,7.92 / 8,8%,Device,Microsoft Intune,Yes,No,Golden Tenant,scid_69,"Reference posture: disciplined identity, endpoint, mail, collaboration, and data controls."
75,Set default behavior for 'AutoRun' to 'Enabled: Do not execute any autorun commands',Completed,7.7 / 8,8%,Device,Microsoft Intune,Yes,No,Golden Tenant,scid_70,"Reference posture: disciplined identity, endpoint, mail, collaboration, and data controls."
76,Enable 'Limit local account use of blank passwords to console logon only',Completed,4.87 / 5,5%,Device,Microsoft Intune,Yes,No,Golden Tenant,scid_71,"Reference posture: disciplined identity, endpoint, mail, collaboration, and data controls."
77,Set LAN Manager authentication level to 'Send NTLMv2 response only. Refuse LM & NTLM',Completed,7.69 / 8,8%,Device,Microsoft Intune,Yes,No,Golden Tenant,scid_72,"Reference posture: disciplined identity, endpoint, mail, collaboration, and data controls."
78,Disable 'Allow Basic authentication' for WinRM Client,Completed,7.84 / 8,8%,Device,Microsoft Intune,Yes,No,Golden Tenant,scid_73,"Reference posture: disciplined identity, endpoint, mail, collaboration, and data controls."
79,Disable 'Allow Basic authentication' for WinRM Service,Completed,7.92 / 8,8%,Device,Microsoft Intune,Yes,No,Golden Tenant,scid_74,"Reference posture: disciplined identity, endpoint, mail, collaboration, and data controls."
80,Disable Flash on Adobe Reader DC,Completed,4.98 / 5,5%,Device,Microsoft Intune,Yes,No,Golden Tenant,scid_75,"Reference posture: disciplined identity, endpoint, mail, collaboration, and data controls."
81,Disable JavaScript on Adobe Reader DC,Completed,4.95 / 5,5%,Device,Microsoft Intune,Yes,No,Golden Tenant,scid_76,"Reference posture: disciplined identity, endpoint, mail, collaboration, and data controls."
82,Disable Flash on Adobe Acrobat Pro XI,Completed,4.96 / 5,5%,Device,Microsoft Intune,Yes,No,Golden Tenant,scid_77,"Reference posture: disciplined identity, endpoint, mail, collaboration, and data controls."
83,Disable JavaScript on Adobe Acrobat Pro XI,Completed,4.85 / 5,5%,Device,Microsoft Intune,Yes,No,Golden Tenant,scid_78,"Reference posture: disciplined identity, endpoint, mail, collaboration, and data controls."
84,Disable running or installing downloaded software with invalid signature,Completed,4.8 / 5,5%,Device,Microsoft Intune,Yes,No,Golden Tenant,scid_79,"Reference posture: disciplined identity, endpoint, mail, collaboration, and data controls."
85,Block Flash activation in Office documents,Completed,4.92 / 5,5%,Device,Microsoft Intune,Yes,No,Golden Tenant,scid_80,"Reference posture: disciplined identity, endpoint, mail, collaboration, and data controls."
86,Set IPv6 source routing to highest protection,Completed,4.95 / 5,5%,Device,Microsoft Intune,Yes,No,Golden Tenant,scid_81,"Reference posture: disciplined identity, endpoint, mail, collaboration, and data controls."
87,Disable IP source routing,Completed,4.97 / 5,5%,Device,Microsoft Intune,Yes,No,Golden Tenant,scid_82,"Reference posture: disciplined identity, endpoint, mail, collaboration, and data controls."
88,Enable Explorer Data Execution Prevention (DEP),Completed,4.92 / 5,5%,Device,Microsoft Intune,Yes,No,Golden Tenant,scid_83,"Reference posture: disciplined identity, endpoint, mail, collaboration, and data controls."
90,Block outdated ActiveX controls for Internet Explorer,Completed,4.93 / 5,5%,Device,Microsoft Intune,Yes,No,Golden Tenant,scid_85,"Reference posture: disciplined identity, endpoint, mail, collaboration, and data controls."
91,Disable Solicited Remote Assistance,Completed,8 / 8,8%,Device,Microsoft Intune,Yes,No,Golden Tenant,scid_87,"Reference posture: disciplined identity, endpoint, mail, collaboration, and data controls."
92,Disable Anonymous enumeration of shares,Completed,8 / 8,8%,Device,Microsoft Intune,Yes,No,Golden Tenant,scid_88,"Reference posture: disciplined identity, endpoint, mail, collaboration, and data controls."
92,Enable scanning of removable drives during a full scan,Completed,7.68 / 8,8%,Device,Microsoft Intune,Yes,No,Golden Tenant,scid_89,"Reference posture: disciplined identity, endpoint, mail, collaboration, and data controls."
422,Enable 'Local Machine Zone Lockdown Security',Completed,4.82 / 5,5%,Device,Microsoft Intune,Yes,No,Golden Tenant,scid_9,"Reference posture: disciplined identity, endpoint, mail, collaboration, and data controls."
93,Enable Microsoft Defender Antivirus email scanning,Completed,8.58 / 9,9%,Device,Exchange Online,Yes,No,Golden Tenant,scid_90,"Reference posture: disciplined identity, endpoint, mail, collaboration, and data controls."
94,Enable Microsoft Defender Antivirus real-time behavior monitoring,Completed,4.96 / 5,5%,Device,Microsoft Intune,Yes,No,Golden Tenant,scid_91,"Reference posture: disciplined identity, endpoint, mail, collaboration, and data controls."
95,Enable Microsoft Defender Antivirus scanning of downloaded files and attachments,Completed,9.96 / 10,10%,Device,Microsoft Intune,Yes,No,Golden Tenant,scid_92,"Reference posture: disciplined identity, endpoint, mail, collaboration, and data controls."
96,Disable the local storage of passwords and credentials,Completed,4.98 / 5,5%,Device,Microsoft Intune,Yes,No,Golden Tenant,scid_93,"Reference posture: disciplined identity, endpoint, mail, collaboration, and data controls."
97,Disable sending unencrypted password to third-party SMB servers,Completed,5 / 5,5%,Device,Microsoft Intune,Yes,No,Golden Tenant,scid_94,"Reference posture: disciplined identity, endpoint, mail, collaboration, and data controls."
98,Enable 'Microsoft network client: Digitally sign communications (always)',Completed,4.97 / 5,5%,Device,Microsoft Intune,Yes,No,Golden Tenant,scid_95,"Reference posture: disciplined identity, endpoint, mail, collaboration, and data controls."
429,Enable 'Network Protection',Completed,8 / 8,8%,Device,Microsoft Intune,Yes,No,Golden Tenant,scid_96,"Reference posture: disciplined identity, endpoint, mail, collaboration, and data controls."
159,Disable JavaScript on Adobe DC,Completed,4.88 / 5,5%,Device,Microsoft Intune,Yes,No,Golden Tenant,scid_97,"Reference posture: disciplined identity, endpoint, mail, collaboration, and data controls."
160,Disable JavaScript on Adobe Reader 2017,Completed,4.89 / 5,5%,Device,Microsoft Intune,Yes,No,Golden Tenant,scid_98,"Reference posture: disciplined identity, endpoint, mail, collaboration, and data controls."
161,Disable JavaScript on Adobe Acrobat 2017,Completed,4.78 / 5,5%,Device,Microsoft Intune,Yes,No,Golden Tenant,scid_99,"Reference posture: disciplined identity, endpoint, mail, collaboration, and data controls."
20,Ensure 'Self service password reset enabled' is set to 'All',Completed,0.98 / 1,1%,Identity,Microsoft Entra ID,Yes,No,Golden Tenant,SelfServicePasswordReset,"Reference posture: disciplined identity, endpoint, mail, collaboration, and data controls."
58,Enable Microsoft Entra ID Identity Protection sign-in risk policies,Completed,6.88 / 7,7%,Identity,Microsoft Entra ID,Yes,No,Golden Tenant,SigninRiskPolicy,"Reference posture: disciplined identity, endpoint, mail, collaboration, and data controls."
10,Block OneDrive for Business sync from unmanaged devices,Completed,2.95 / 3,3%,Apps,SharePoint Online,Yes,No,Golden Tenant,spo_block_onedrive_sync_unmanaged_devices,"Reference posture: disciplined identity, endpoint, mail, collaboration, and data controls."
10,Ensure SharePoint external sharing is managed through domain whitelist/blacklists,Completed,3 / 3,3%,Apps,SharePoint Online,Yes,No,Golden Tenant,spo_external_sharing_managed,"Reference posture: disciplined identity, endpoint, mail, collaboration, and data controls."
10,Ensure that SharePoint guest users cannot share items they don't own,Completed,2.94 / 3,3%,Identity,SharePoint Online,Yes,No,Golden Tenant,spo_external_users_sharing,"Reference posture: disciplined identity, endpoint, mail, collaboration, and data controls."
128,Sign out inactive users in SharePoint Online,Completed,0.97 / 1,1%,Identity,SharePoint Online,Yes,No,Golden Tenant,spo_idle_session_timeout,"Reference posture: disciplined identity, endpoint, mail, collaboration, and data controls."
128,Ensure modern authentication for SharePoint applications is required,Completed,0.98 / 1,1%,Identity,SharePoint Online,Yes,No,Golden Tenant,spo_legacy_auth,"Reference posture: disciplined identity, endpoint, mail, collaboration, and data controls."
10,Ensure that Sways cannot be shared with people outside of your organization,Completed,2.9 / 3,3%,Apps,SWAY,Yes,No,Golden Tenant,sway_block_sharing_with_outside_users,"Reference posture: disciplined identity, endpoint, mail, collaboration, and data controls."
59,Enable Microsoft Entra ID Identity Protection user risk policies,Completed,6.87 / 7,7%,Identity,Microsoft Entra ID,Yes,No,Golden Tenant,UserRiskPolicy,"Reference posture: disciplined identity, endpoint, mail, collaboration, and data controls."
