Rank,Recommended action,Status,Points achieved,Score impact,Category,Product,Have license?,Regressed,Tenant,Control ID,Notes
10,Ensure Administrative accounts are separate and cloud-only,To address,0.51 / 3,3%,Identity,Microsoft Entra ID,No,No,MSP Chaos Lab,aad_admin_accounts_separate_unassigned_cloud_only,"Everything we have all seen at 02:00: exclusions, stale accounts, mail rules, and hope."
10,Ensure the admin consent workflow is enabled,Planned,2.17 / 5,5%,Identity,Microsoft Entra ID,No,No,MSP Chaos Lab,aad_admin_consent_workflow,"Everything we have all seen at 02:00: exclusions, stale accounts, mail rules, and hope."
10,Ensure custom banned passwords lists are used,To address,0.16 / 5,5%,Identity,Microsoft Entra ID,Yes,No,MSP Chaos Lab,aad_custom_banned_passwords,"Everything we have all seen at 02:00: exclusions, stale accounts, mail rules, and hope."
10,Ensure 'Microsoft Azure Management' is limited to administrative roles,Planned,1.71 / 3,3%,Identity,Microsoft Entra ID,Yes,No,MSP Chaos Lab,aad_limited_administrative_roles,"Everything we have all seen at 02:00: exclusions, stale accounts, mail rules, and hope."
10,Ensure 'LinkedIn account connections' is disabled,To address,0 / 3,3%,Identity,Microsoft Entra ID,Yes,No,MSP Chaos Lab,aad_linkedin_connection_disables,"Everything we have all seen at 02:00: exclusions, stale accounts, mail rules, and hope."
10,Ensure that only organizationally managed/approved public groups exist,To address,0 / 3,3%,Identity,Microsoft Entra ID,Yes,No,MSP Chaos Lab,aad_managed_approved_public_groups_only,"Everything we have all seen at 02:00: exclusions, stale accounts, mail rules, and hope."
10,Ensure password protection is enabled for on-prem Active Directory,To address,0 / 6,6%,Identity,Microsoft Entra ID,Yes,No,MSP Chaos Lab,aad_password_protection,"Everything we have all seen at 02:00: exclusions, stale accounts, mail rules, and hope."
10,Ensure 'Phishing-resistant MFA strength' is required for Administrators,To address,0 / 7,7%,Identity,Microsoft Entra ID,Yes,No,MSP Chaos Lab,aad_phishing_MFA_strength,"Everything we have all seen at 02:00: exclusions, stale accounts, mail rules, and hope."
10,Ensure Sign-in frequency is enabled and browser sessions are not persistent for Administrative users,Planned,2.55 / 5,5%,Identity,Microsoft Entra ID,Yes,No,MSP Chaos Lab,aad_sign_in_freq_session_timeout,"Everything we have all seen at 02:00: exclusions, stale accounts, mail rules, and hope."
10,Ensure third party integrated applications are not allowed,To address,0.48 / 5,5%,Identity,Microsoft Entra ID,Yes,No,MSP Chaos Lab,aad_third_party_apps,"Everything we have all seen at 02:00: exclusions, stale accounts, mail rules, and hope."
65,Locate accounts in built-in Operator Groups,Planned,4.13 / 8,8%,Identity,Microsoft Entra ID,Yes,No,MSP Chaos Lab,AATP_AccountsInOperatorGroups,"Everything we have all seen at 02:00: exclusions, stale accounts, mail rules, and hope."
65,Accounts with non-default Primary Group ID,Planned,3.7 / 5,5%,Identity,Microsoft Entra ID,Yes,No,MSP Chaos Lab,AATP_AccountsWithNonDefaultPrimaryGroup,"Everything we have all seen at 02:00: exclusions, stale accounts, mail rules, and hope."
65,Change password for accounts with leaked credentials,To address,0.82 / 5,5%,Identity,Microsoft Entra ID,Yes,No,MSP Chaos Lab,AATP_AccountWithLeakedCredentials,"Everything we have all seen at 02:00: exclusions, stale accounts, mail rules, and hope."
65,Change password for on-prem account with potentially leaked credentials,To address,1.2 / 5,5%,Identity,Microsoft Entra ID,Yes,No,MSP Chaos Lab,AATP_AdAccountWithPotentiallyLeakedCredentials,"Everything we have all seen at 02:00: exclusions, stale accounts, mail rules, and hope."
65,Prevent Certificate Enrollment with arbitrary Application Policies (ESC15),To address,0 / 5,5%,Identity,Microsoft Entra ID,Yes,Yes,MSP Chaos Lab,AATP_ADCSCertificateTemplateArbitraryAppPolicies,"Everything we have all seen at 02:00: exclusions, stale accounts, mail rules, and hope."
65,Prevent users to request a certificate valid for arbitrary users based on the certificate template (ESC1),To address,0 / 5,5%,Identity,Microsoft Entra ID,No,Yes,MSP Chaos Lab,AATP_ADCSCertificateTemplateEnrolementSuppliesSubject,"Everything we have all seen at 02:00: exclusions, stale accounts, mail rules, and hope."
65,Install Defender for Identity Sensor on ADCS servers,To address,0 / 4,4%,Identity,Microsoft Entra ID,No,Yes,MSP Chaos Lab,AATP_AdcsComputersWithNoMdiSensorInstalled,"Everything we have all seen at 02:00: exclusions, stale accounts, mail rules, and hope."
65,Edit insecure certificate enrollment IIS endpoints (ESC8),To address,0.53 / 5,5%,Identity,Microsoft Intune,Yes,No,MSP Chaos Lab,AATP_ADCSInsecureCertificateEnrollmentIisEndpoints,"Everything we have all seen at 02:00: exclusions, stale accounts, mail rules, and hope."
65,Edit misconfigured Certificate Authority ACL (ESC7),Planned,2.18 / 5,5%,Identity,Microsoft Entra ID,Yes,Yes,MSP Chaos Lab,AATP_ADCSMisconfiguredCertificateAuthorityAcl,"Everything we have all seen at 02:00: exclusions, stale accounts, mail rules, and hope."
65,Edit misconfigured certificate templates ACL (ESC4),To address,1.51 / 5,5%,Identity,Microsoft Entra ID,Yes,No,MSP Chaos Lab,AATP_ADCSMisconfiguredCertificateTemplateAcl,"Everything we have all seen at 02:00: exclusions, stale accounts, mail rules, and hope."
60,Edit overly permissive Certificate Template with privileged EKU (Any purpose EKU or No EKU) (ESC2),Planned,1.77 / 5,5%,Identity,Microsoft Entra ID,Yes,No,MSP Chaos Lab,AATP_ADCSMisconfiguredCertificateTemplateEku,"Everything we have all seen at 02:00: exclusions, stale accounts, mail rules, and hope."
65,Edit misconfigured enrollment agent certificate template (ESC3),To address,0.19 / 5,5%,Identity,Microsoft Entra ID,No,No,MSP Chaos Lab,AATP_ADCSMisconfiguredCertificateTemplateEnrollmentAgent,"Everything we have all seen at 02:00: exclusions, stale accounts, mail rules, and hope."
65,Edit misconfigured certificate templates owner (ESC4),To address,0 / 5,5%,Identity,Microsoft Entra ID,Yes,Yes,MSP Chaos Lab,AATP_ADCSMisconfiguredCertificateTemplateOwner,"Everything we have all seen at 02:00: exclusions, stale accounts, mail rules, and hope."
65,Enforce encryption for RPC certificate enrollment interface (ESC8),To address,0 / 5,5%,Identity,Microsoft Entra ID,Yes,No,MSP Chaos Lab,AATP_ADCSMisconfiguredRpcEnrollmentSigning,"Everything we have all seen at 02:00: exclusions, stale accounts, mail rules, and hope."
65,Edit vulnerable Certificate Authority setting (ESC6),To address,0.17 / 5,5%,Identity,Microsoft Entra ID,Yes,No,MSP Chaos Lab,AATP_ADCSSanSpecifiedByUserEnabled,"Everything we have all seen at 02:00: exclusions, stale accounts, mail rules, and hope."
65,Install Defender for Identity Sensor on ADFS servers,To address,0.39 / 4,4%,Identity,Microsoft Entra ID,Yes,No,MSP Chaos Lab,AATP_AdfsComputersWithNoMdiSensorInstalled,"Everything we have all seen at 02:00: exclusions, stale accounts, mail rules, and hope."
67,Remove access rights on suspicious accounts with the Admin SDHolder permission,Planned,2.91 / 5,5%,Identity,Microsoft Entra ID,Yes,No,MSP Chaos Lab,AATP_AdminSDHolder,"Everything we have all seen at 02:00: exclusions, stale accounts, mail rules, and hope."
65,Change password for Entra seamless SSO account,Planned,2.82 / 5,5%,Identity,Microsoft Entra ID,No,Yes,MSP Chaos Lab,AATP_AzureSsoAccountOldPasswords,"Everything we have all seen at 02:00: exclusions, stale accounts, mail rules, and hope."
65,Change password of built-in domain Administrator account,Planned,3.83 / 5,5%,Identity,Microsoft Entra ID,No,No,MSP Chaos Lab,AATP_BuiltinAdministratorAccountWithOldPassword,"Everything we have all seen at 02:00: exclusions, stale accounts, mail rules, and hope."
65,Built-in Active Directory Guest account is enabled,Planned,2.47 / 5,5%,Identity,Microsoft Entra ID,Yes,No,MSP Chaos Lab,AATP_BuiltinGuestAccountIsEnabled,"Everything we have all seen at 02:00: exclusions, stale accounts, mail rules, and hope."
65,Change password for krbtgt account,To address,0 / 5,5%,Identity,Microsoft Entra ID,Yes,No,MSP Chaos Lab,AATP_BuiltinKrbtgtAccountWithOldPassword,"Everything we have all seen at 02:00: exclusions, stale accounts, mail rules, and hope."
67,Stop clear text credentials exposure,To address,0 / 5,5%,Identity,Microsoft Entra ID,Yes,No,MSP Chaos Lab,AATP_ClearText,"Everything we have all seen at 02:00: exclusions, stale accounts, mail rules, and hope."
65,Remove stale CyberArk Identity privileged accounts,To address,0.76 / 5,5%,Identity,Microsoft Entra ID,Yes,No,MSP Chaos Lab,AATP_CyberArk_DormantPriviledgedAccounts,"Everything we have all seen at 02:00: exclusions, stale accounts, mail rules, and hope."
65,High number of CyberArk Identity accounts with a privileged role assigned,To address,0 / 5,5%,Identity,Microsoft Entra ID,Yes,No,MSP Chaos Lab,AATP_CyberArk_HighNumberOfPriviledgedIdentityAccounts,"Everything we have all seen at 02:00: exclusions, stale accounts, mail rules, and hope."
65,Limit the number of CyberArk Identity accounts with system admin role,To address,1.58 / 5,5%,Identity,Microsoft Entra ID,Yes,No,MSP Chaos Lab,AATP_CyberArk_HighNumberOfSystemAdmins,"Everything we have all seen at 02:00: exclusions, stale accounts, mail rules, and hope."
65,Change password for CyberArk Identity privileged User accounts,To address,0.29 / 6,6%,Identity,Microsoft Entra ID,No,No,MSP Chaos Lab,AATP_CyberArk_PriviledgedUserAccountsWithOldPasswords,"Everything we have all seen at 02:00: exclusions, stale accounts, mail rules, and hope."
59,"Start your Defender for Identity deployment, installing Sensors on Domain Controllers and other eligible servers.",Planned,2.19 / 5,5%,Identity,Microsoft Entra ID,Yes,No,MSP Chaos Lab,AATP_DefenderForIdentityIsNotInstalled,"Everything we have all seen at 02:00: exclusions, stale accounts, mail rules, and hope."
65,Unsafe permissions on the DnsAdmins group,To address,1.26 / 8,8%,Identity,Microsoft Entra ID,Yes,Yes,MSP Chaos Lab,AATP_DnsAdminsGroupWithUnsafePermissions,"Everything we have all seen at 02:00: exclusions, stale accounts, mail rules, and hope."
65,Remove local admins on identity assets,To address,0.65 / 5,5%,Identity,Microsoft Entra ID,Yes,No,MSP Chaos Lab,AATP_DomainControllerLocalUsers,"Everything we have all seen at 02:00: exclusions, stale accounts, mail rules, and hope."
65,Change Domain Controller computer account old password,To address,1.02 / 5,5%,Identity,Microsoft Entra ID,Yes,No,MSP Chaos Lab,AATP_DomainControllersWithOldPassword,"Everything we have all seen at 02:00: exclusions, stale accounts, mail rules, and hope."
67,Remove dormant accounts from sensitive groups,Planned,2 / 5,5%,Identity,Microsoft Entra ID,Yes,No,MSP Chaos Lab,AATP_DormantAccounts,"Everything we have all seen at 02:00: exclusions, stale accounts, mail rules, and hope."
65,Rotate password for Entra Connect AD DS Connector account,To address,0 / 3,3%,Identity,Microsoft Entra ID,Yes,Yes,MSP Chaos Lab,AATP_EntraConnectAccountsOldPasswords,"Everything we have all seen at 02:00: exclusions, stale accounts, mail rules, and hope."
65,Replace Enterprise or Domain Admin account for Entra Connect AD DS Connector account,To address,0.39 / 3,3%,Identity,Microsoft Entra ID,Yes,No,MSP Chaos Lab,AATP_EntraConnectAccountsWithConnectorAccountAsDefaultAdmin,"Everything we have all seen at 02:00: exclusions, stale accounts, mail rules, and hope."
65,Remove unnecessary replication permissions for Entra Connect AD DS Connector Account,To address,2.35 / 8,8%,Identity,Microsoft Entra ID,Yes,No,MSP Chaos Lab,AATP_EntraConnectAccountUnnecessaryReplicationPermission,"Everything we have all seen at 02:00: exclusions, stale accounts, mail rules, and hope."
65,Install Defender for Identity Sensor on Entra Connect servers,To address,0.07 / 4,4%,Identity,Microsoft Entra ID,Yes,No,MSP Chaos Lab,AATP_EntraConnectComputersWithNoMdiSensorInstalled,"Everything we have all seen at 02:00: exclusions, stale accounts, mail rules, and hope."
65,Remove unsafe permissions on sensitive Entra Connect accounts,To address,0.29 / 9,9%,Identity,Microsoft Entra ID,Yes,Yes,MSP Chaos Lab,AATP_EntraConnectSensitiveAccountsWithUnsafePermissions,"Everything we have all seen at 02:00: exclusions, stale accounts, mail rules, and hope."
65,Remove discoverable passwords in Active Directory account attributes,Planned,4.9 / 8,8%,Identity,Microsoft Entra ID,Yes,No,MSP Chaos Lab,AATP_ExposedPasswordsInADAttributes,"Everything we have all seen at 02:00: exclusions, stale accounts, mail rules, and hope."
65,Set a valid password rotation interval for gMSA,Planned,3.23 / 6,6%,Identity,Microsoft Entra ID,Yes,No,MSP Chaos Lab,AATP_GroupManagedServiceAccountWithUnrecommendedPasswordChangeInterval,"Everything we have all seen at 02:00: exclusions, stale accounts, mail rules, and hope."
65,GPO can be modified by unprivileged accounts,To address,0.39 / 5,5%,Identity,Microsoft Entra ID,No,Yes,MSP Chaos Lab,AATP_GroupPolicyAbnormalModificationAssignment,"Everything we have all seen at 02:00: exclusions, stale accounts, mail rules, and hope."
65,GPO assigns unprivileged identities to local groups with elevated privileges,To address,0 / 7,7%,Identity,Microsoft Entra ID,Yes,No,MSP Chaos Lab,AATP_GroupPolicyAssignsUnprivilegedIdentitiesToElevatedLocalGroups,"Everything we have all seen at 02:00: exclusions, stale accounts, mail rules, and hope."
65,Reversible passwords found in GPOs,To address,0 / 8,8%,Identity,Microsoft Entra ID,Yes,No,MSP Chaos Lab,AATP_GroupPolicyPasswordInPreferences,"Everything we have all seen at 02:00: exclusions, stale accounts, mail rules, and hope."
61,Set a honeytoken account,To address,0.01 / 1,1%,Identity,Microsoft Entra ID,Yes,No,MSP Chaos Lab,AATP_HoneyToken,"Everything we have all seen at 02:00: exclusions, stale accounts, mail rules, and hope."
65,Remove stale service accounts,Planned,1.91 / 5,5%,Identity,Microsoft Entra ID,Yes,Yes,MSP Chaos Lab,AATP_InactiveServiceAccounts,"Everything we have all seen at 02:00: exclusions, stale accounts, mail rules, and hope."
67,Modify unsecure Kerberos delegations to prevent impersonation,To address,0.81 / 5,5%,Identity,Microsoft Entra ID,Yes,Yes,MSP Chaos Lab,AATP_KerberosDelegations,"Everything we have all seen at 02:00: exclusions, stale accounts, mail rules, and hope."
66,Remove non-admin accounts with DCSync permissions,Planned,4.08 / 5,5%,Identity,Microsoft Entra ID,Yes,No,MSP Chaos Lab,AATP_NonAdminDCSyncAccounts,"Everything we have all seen at 02:00: exclusions, stale accounts, mail rules, and hope."
65,Remove dormant Okta privileged accounts,To address,0.68 / 5,5%,Identity,Microsoft Entra ID,Yes,No,MSP Chaos Lab,AATP_Okta_Dormant,"Everything we have all seen at 02:00: exclusions, stale accounts, mail rules, and hope."
65,High number of Okta accounts with privileged role assigned,To address,0 / 5,5%,Identity,Microsoft Entra ID,Yes,Yes,MSP Chaos Lab,AATP_Okta_HighNumberOfNonSuperAdminPrivilegedUserAccounts,"Everything we have all seen at 02:00: exclusions, stale accounts, mail rules, and hope."
65,Limit the Number of Okta Super Admins Accounts,To address,0.57 / 5,5%,Identity,Microsoft Entra ID,Yes,No,MSP Chaos Lab,AATP_Okta_HighNumberOfSuperAdmins,"Everything we have all seen at 02:00: exclusions, stale accounts, mail rules, and hope."
65,Change password for Okta privileged User accounts,To address,0 / 6,6%,Identity,Microsoft Entra ID,Yes,No,MSP Chaos Lab,AATP_Okta_SensitiveAccountWithOldPassword,"Everything we have all seen at 02:00: exclusions, stale accounts, mail rules, and hope."
65,Assign multi-factor authentication for Okta privileged user accounts,To address,0 / 5,5%,Identity,Microsoft Entra ID,Yes,No,MSP Chaos Lab,AATP_Okta_SensitiveAccountWithoutFactorsAssigned,"Everything we have all seen at 02:00: exclusions, stale accounts, mail rules, and hope."
65,Highly Privileged Okta Api Token,To address,0.53 / 5,5%,Identity,Microsoft Entra ID,No,No,MSP Chaos Lab,AATP_Okta_SensitiveApiToken,"Everything we have all seen at 02:00: exclusions, stale accounts, mail rules, and hope."
67,Reduce lateral movement path risk to sensitive entities,To address,0 / 5,5%,Identity,Microsoft Entra ID,Yes,Yes,MSP Chaos Lab,AATP_PathRisk,"Everything we have all seen at 02:00: exclusions, stale accounts, mail rules, and hope."
65,Remove stale PingOne privileged accounts,Planned,1.9 / 5,5%,Identity,Microsoft Entra ID,Yes,Yes,MSP Chaos Lab,AATP_Ping_Dormant,"Everything we have all seen at 02:00: exclusions, stale accounts, mail rules, and hope."
65,High number of PingOne accounts with a privileged role assigned,To address,1.04 / 5,5%,Identity,Microsoft Entra ID,Yes,No,MSP Chaos Lab,AATP_Ping_HighNumberOfNonSuperAdminPrivilegedUserAccounts,"Everything we have all seen at 02:00: exclusions, stale accounts, mail rules, and hope."
65,Limit the number of PingOne accounts with organization admin role,Planned,3.88 / 5,5%,Identity,Microsoft Entra ID,Yes,No,MSP Chaos Lab,AATP_Ping_HighNumberOfSuperAdmins,"Everything we have all seen at 02:00: exclusions, stale accounts, mail rules, and hope."
65,Change password for PingOne privileged User accounts,To address,0.23 / 6,6%,Identity,Microsoft Entra ID,Yes,Yes,MSP Chaos Lab,AATP_Ping_SensitiveAccountWithOldPassword,"Everything we have all seen at 02:00: exclusions, stale accounts, mail rules, and hope."
65,Assign multi-factor authentication for PingOne privileged user accounts,To address,0.03 / 5,5%,Identity,Microsoft Entra ID,Yes,No,MSP Chaos Lab,AATP_Ping_SensitiveAccountWithoutFactorsAssigned,"Everything we have all seen at 02:00: exclusions, stale accounts, mail rules, and hope."
67,Disable Print spooler service on domain controllers,To address,0 / 5,5%,Identity,Microsoft Entra ID,Yes,No,MSP Chaos Lab,AATP_PrintSpooler,"Everything we have all seen at 02:00: exclusions, stale accounts, mail rules, and hope."
65,Ensure privileged accounts are not delegated,To address,0 / 5,5%,Identity,Microsoft Entra ID,Yes,No,MSP Chaos Lab,AATP_PrivilegedAccountsWithDelegationAllowed,"Everything we have all seen at 02:00: exclusions, stale accounts, mail rules, and hope."
65,Identify Entra ID privileged accounts that are also privileged in Active Directory,To address,0 / 9,9%,Identity,Microsoft Entra ID,Yes,No,MSP Chaos Lab,AATP_PrivilegedEntraIdAndActiveDirectoryAccounts,"Everything we have all seen at 02:00: exclusions, stale accounts, mail rules, and hope."
67,Protect and manage local admin passwords with Microsoft LAPS,To address,1.38 / 5,5%,Identity,Microsoft Entra ID,No,No,MSP Chaos Lab,AATP_PwdLAPS,"Everything we have all seen at 02:00: exclusions, stale accounts, mail rules, and hope."
65,Remove stale SailPoint privileged accounts,Planned,1.82 / 5,5%,Identity,Microsoft Entra ID,Yes,Yes,MSP Chaos Lab,AATP_SailPoint_DormantPriviledgedAccounts,"Everything we have all seen at 02:00: exclusions, stale accounts, mail rules, and hope."
65,High number of SailPoint accounts with a privileged role assigned,To address,0.03 / 5,5%,Identity,Microsoft Entra ID,Yes,Yes,MSP Chaos Lab,AATP_SailPoint_HighNumberOfPriviledgedIdentityAccounts,"Everything we have all seen at 02:00: exclusions, stale accounts, mail rules, and hope."
65,Limit the number of SailPoint accounts with system admin role,Planned,3.55 / 5,5%,Identity,Microsoft Entra ID,No,No,MSP Chaos Lab,AATP_SailPoint_HighNumberOfSystemAdmins,"Everything we have all seen at 02:00: exclusions, stale accounts, mail rules, and hope."
65,Assign multi-factor authentication for SailPoint privileged user accounts,To address,0.36 / 5,5%,Identity,Microsoft Entra ID,No,Yes,MSP Chaos Lab,AATP_SailPoint_MFAforPriviledgedUserAccounts,"Everything we have all seen at 02:00: exclusions, stale accounts, mail rules, and hope."
65,Change password for SailPoint privileged User accounts,To address,0 / 5,5%,Identity,Microsoft Entra ID,Yes,No,MSP Chaos Lab,AATP_SailPoint_PriviledgedUserAccountsWithOldPasswords,"Everything we have all seen at 02:00: exclusions, stale accounts, mail rules, and hope."
60,Install Defender for Identity Sensor on all Domain Controllers,To address,0 / 4,4%,Identity,Microsoft Entra ID,Yes,No,MSP Chaos Lab,AATP_Sensor,"Everything we have all seen at 02:00: exclusions, stale accounts, mail rules, and hope."
65,Identify service accounts in privileged groups,To address,0 / 7,7%,Identity,Microsoft Entra ID,Yes,No,MSP Chaos Lab,AATP_ServiceAccountsInPrivilegedGroup,"Everything we have all seen at 02:00: exclusions, stale accounts, mail rules, and hope."
67,Remove unsecure SID history attributes from entities,To address,1.55 / 5,5%,Identity,Microsoft Entra ID,Yes,No,MSP Chaos Lab,AATP_SIDHistory,"Everything we have all seen at 02:00: exclusions, stale accounts, mail rules, and hope."
65,Rotate old password for sMSA and set up valid rotation interval in the GPO,Planned,3.06 / 6,6%,Identity,Microsoft Entra ID,Yes,Yes,MSP Chaos Lab,AATP_SingleManagedServiceAccountsWithOldPassword,"Everything we have all seen at 02:00: exclusions, stale accounts, mail rules, and hope."
65,Remove stale Active Directory accounts,Planned,2.55 / 5,5%,Identity,Microsoft Entra ID,Yes,Yes,MSP Chaos Lab,AATP_StaleAccounts,"Everything we have all seen at 02:00: exclusions, stale accounts, mail rules, and hope."
67,Resolve unsecure account attributes,To address,0.11 / 5,5%,Identity,Microsoft Entra ID,Yes,No,MSP Chaos Lab,AATP_UnsecureAccount,"Everything we have all seen at 02:00: exclusions, stale accounts, mail rules, and hope."
60,Resolve unsecure domain configurations,To address,1.15 / 5,5%,Identity,Microsoft Entra ID,Yes,Yes,MSP Chaos Lab,AATP_UnsecureDomain,"Everything we have all seen at 02:00: exclusions, stale accounts, mail rules, and hope."
63,Configure VPN integration,To address,0 / 1,1%,Identity,Microsoft Entra ID,Yes,Yes,MSP Chaos Lab,AATP_Vpn,"Everything we have all seen at 02:00: exclusions, stale accounts, mail rules, and hope."
67,Stop weak cipher usage,To address,0 / 5,5%,Identity,Microsoft Entra ID,Yes,Yes,MSP Chaos Lab,AATP_WeakCipher,"Everything we have all seen at 02:00: exclusions, stale accounts, mail rules, and hope."
10,Ensure 'User owned apps and services' is restricted,To address,0 / 3,3%,Identity,Microsoft Entra ID,Yes,No,MSP Chaos Lab,admincenter_owned_apps_and_services,"Everything we have all seen at 02:00: exclusions, stale accounts, mail rules, and hope."
1,Ensure multifactor authentication is enabled for all users in administrative roles,To address,0 / 10,10%,Identity,Microsoft Entra ID,Yes,Yes,MSP Chaos Lab,AdminMFAV2,"Everything we have all seen at 02:00: exclusions, stale accounts, mail rules, and hope."
9,Regulate cloud app access to sensitive data,To address,0 / 7,7%,Apps,AppG,Yes,No,MSP Chaos Lab,AppG_regulate_access_to_sensitive_data,"Everything we have all seen at 02:00: exclusions, stale accounts, mail rules, and hope."
10,Regulate apps with priority account consent,To address,1.04 / 7,7%,Apps,AppG,Yes,No,MSP Chaos Lab,AppG_unusual_activity_with_priority_account,"Everything we have all seen at 02:00: exclusions, stale accounts, mail rules, and hope."
68,Enable Conditional Access policies to block legacy authentication,Planned,4.75 / 8,8%,Identity,Microsoft Entra ID,No,Yes,MSP Chaos Lab,BlockLegacyAuthentication,"Everything we have all seen at 02:00: exclusions, stale accounts, mail rules, and hope."
127,Ensure the customer lockbox feature is enabled,Planned,0.56 / 1,1%,Apps,Exchange Online,No,No,MSP Chaos Lab,CustomerLockBoxEnabled,"Everything we have all seen at 02:00: exclusions, stale accounts, mail rules, and hope."
128,Ensure DLP policies are enabled,To address,0.05 / 5,5%,Data,MIP,Yes,No,MSP Chaos Lab,dlp_datalossprevention,"Everything we have all seen at 02:00: exclusions, stale accounts, mail rules, and hope."
128,Ensure 'External sharing' of calendars is not available,To address,0 / 5,5%,Apps,Exchange Online,Yes,Yes,MSP Chaos Lab,exo_individualsharing,"Everything we have all seen at 02:00: exclusions, stale accounts, mail rules, and hope."
10,Ensure mailbox auditing for all users is Enabled,To address,0.02 / 3,3%,Apps,Exchange Online,Yes,No,MSP Chaos Lab,exo_mailboxaudit,"Everything we have all seen at 02:00: exclusions, stale accounts, mail rules, and hope."
10,Ensure MailTips are enabled for end users,To address,0 / 3,3%,Apps,Exchange Online,No,Yes,MSP Chaos Lab,exo_mailtipsenabled,"Everything we have all seen at 02:00: exclusions, stale accounts, mail rules, and hope."
10,Ensure modern authentication for Exchange Online is enabled,To address,0.22 / 3,3%,Identity,Exchange Online,Yes,Yes,MSP Chaos Lab,exo_oauth2clientprofileenabled,"Everything we have all seen at 02:00: exclusions, stale accounts, mail rules, and hope."
10,Ensure users installing Outlook add-ins is not allowed,To address,0.62 / 3,3%,Apps,Exchange Online,Yes,No,MSP Chaos Lab,exo_outlookaddins,"Everything we have all seen at 02:00: exclusions, stale accounts, mail rules, and hope."
10,Ensure that SPF records are published for all Exchange Domains,Planned,2.66 / 5,5%,Apps,Exchange Online,Yes,Yes,MSP Chaos Lab,exo_SPF_records_for_all_domains,"Everything we have all seen at 02:00: exclusions, stale accounts, mail rules, and hope."
10,Ensure additional storage providers are restricted in Outlook on the web,To address,0.01 / 5,5%,Apps,Exchange Online,Yes,No,MSP Chaos Lab,exo_storageproviderrestricted,"Everything we have all seen at 02:00: exclusions, stale accounts, mail rules, and hope."
128,Ensure Spam confidence level (SCL) is configured in mail transport rules with specific domains,Planned,1.4 / 3,3%,Apps,Exchange Online,Yes,No,MSP Chaos Lab,exo_transportrulesallowlistdomains,"Everything we have all seen at 02:00: exclusions, stale accounts, mail rules, and hope."
10,Ensure internal phishing protection for Forms is enabled,To address,1.67 / 6,6%,Apps,FORMS,Yes,No,MSP Chaos Lab,forms_phishing_protection,"Everything we have all seen at 02:00: exclusions, stale accounts, mail rules, and hope."
35,Ensure user consent to apps accessing company data on their behalf is not allowed,To address,1.02 / 4,4%,Identity,Microsoft Entra ID,Yes,No,MSP Chaos Lab,IntegratedApps,"Everything we have all seen at 02:00: exclusions, stale accounts, mail rules, and hope."
10,Ensure Microsoft Defender for Cloud Apps is enabled and configured,To address,0.73 / 5,5%,Apps,Microsoft Defender,No,No,MSP Chaos Lab,mcas_mda_enabled,"Everything we have all seen at 02:00: exclusions, stale accounts, mail rules, and hope."
82,Deploy a log collector to discover shadow IT activity,To address,0 / 1,1%,Apps,MCAS,Yes,No,MSP Chaos Lab,McasFirewallLogUpload,"Everything we have all seen at 02:00: exclusions, stale accounts, mail rules, and hope."
10,Enable multi-factor authentication (MFA),To address,0 / 7,7%,Identity,Microsoft Entra ID,Yes,No,MSP Chaos Lab,MDA_Atlassian_EnableTwoFactorAuth,"Everything we have all seen at 02:00: exclusions, stale accounts, mail rules, and hope."
10,Enable Single Sing On (SSO),Planned,3.51 / 7,7%,Identity,Microsoft Entra ID,Yes,Yes,MSP Chaos Lab,MDA_Atlassian_ForceSSO,"Everything we have all seen at 02:00: exclusions, stale accounts, mail rules, and hope."
10,Enable session timeout for web users,To address,0.13 / 6,6%,Identity,Microsoft Entra ID,Yes,No,MSP Chaos Lab,MDA_Atlassian_InactiveTimeoutMins,"Everything we have all seen at 02:00: exclusions, stale accounts, mail rules, and hope."
10,Atlassian mobile app security - App access requirement,Planned,2.07 / 6,6%,Identity,Microsoft Entra ID,No,No,MSP Chaos Lab,MDA_Atlassian_mobile_access,"Everything we have all seen at 02:00: exclusions, stale accounts, mail rules, and hope."
10,Atlassian mobile app security - App data protection,To address,0.38 / 6,6%,Apps,MDA_Atlassian,Yes,Yes,MSP Chaos Lab,MDA_Atlassian_mobile_dataprotection,"Everything we have all seen at 02:00: exclusions, stale accounts, mail rules, and hope."
10,Atlassian mobile app security - Users that are affected by policies,Planned,1.16 / 3,3%,Identity,Microsoft Entra ID,Yes,No,MSP Chaos Lab,MDA_Atlassian_mobile_UsersAffected,"Everything we have all seen at 02:00: exclusions, stale accounts, mail rules, and hope."
10,Enable Password expiration policies,To address,0.69 / 6,6%,Identity,Microsoft Entra ID,Yes,Yes,MSP Chaos Lab,MDA_Atlassian_passwordExpiry,"Everything we have all seen at 02:00: exclusions, stale accounts, mail rules, and hope."
10,Enable multi-factor authentication (MFA),To address,0 / 7,7%,Identity,Microsoft Entra ID,Yes,No,MSP Chaos Lab,MDA_CitrixSF_EnableTwoFactorAuth,"Everything we have all seen at 02:00: exclusions, stale accounts, mail rules, and hope."
10,Enable Single Sign on (SSO),To address,1.83 / 7,7%,Identity,Microsoft Entra ID,Yes,No,MSP Chaos Lab,MDA_CitrixSF_ForceSSO,"Everything we have all seen at 02:00: exclusions, stale accounts, mail rules, and hope."
10,Enable session timeout for web users,To address,0 / 6,6%,Identity,Microsoft Entra ID,Yes,No,MSP Chaos Lab,MDA_CitrixSF_InactiveTimeoutMins,"Everything we have all seen at 02:00: exclusions, stale accounts, mail rules, and hope."
10,Enhance 'login maximum attempts' - Lockout timer,To address,0.72 / 6,6%,Identity,Microsoft Entra ID,Yes,Yes,MSP Chaos Lab,MDA_CitrixSF_LoginFailLockoutSecs,"Everything we have all seen at 02:00: exclusions, stale accounts, mail rules, and hope."
10,Enhance 'login maximum attempts' - Number of attempts,To address,0.37 / 6,6%,Identity,Microsoft Entra ID,Yes,No,MSP Chaos Lab,MDA_CitrixSF_LoginFailMaxAttempts,"Everything we have all seen at 02:00: exclusions, stale accounts, mail rules, and hope."
10,Enable password minimum length,Planned,2.26 / 4,4%,Identity,Microsoft Entra ID,Yes,No,MSP Chaos Lab,MDA_CitrixSF_MinimumLength,"Everything we have all seen at 02:00: exclusions, stale accounts, mail rules, and hope."
10,Enable password minimum numeric characters,Planned,2.34 / 4,4%,Identity,Microsoft Entra ID,Yes,Yes,MSP Chaos Lab,MDA_CitrixSF_MinimumNumeric,"Everything we have all seen at 02:00: exclusions, stale accounts, mail rules, and hope."
10,Enable password minimum special characters,Planned,1.73 / 4,4%,Identity,Microsoft Entra ID,Yes,No,MSP Chaos Lab,MDA_CitrixSF_MinimumSpecialCharacters,"Everything we have all seen at 02:00: exclusions, stale accounts, mail rules, and hope."
10,Enable password expiration policies,To address,0.21 / 4,4%,Identity,Microsoft Entra ID,Yes,No,MSP Chaos Lab,MDA_CitrixSF_PasswordMaxAgeDays,"Everything we have all seen at 02:00: exclusions, stale accounts, mail rules, and hope."
10,Enhance password requirements,To address,0.14 / 4,4%,Identity,Microsoft Entra ID,No,No,MSP Chaos Lab,MDA_DocuSign_EnhancedPassword,"Everything we have all seen at 02:00: exclusions, stale accounts, mail rules, and hope."
10,Password expiry requirements,To address,0 / 4,4%,Identity,Microsoft Entra ID,Yes,No,MSP Chaos Lab,MDA_DocuSign_PasswordExpires,"Everything we have all seen at 02:00: exclusions, stale accounts, mail rules, and hope."
10,Enable session timeout for web users,To address,0 / 6,6%,Identity,Microsoft Entra ID,No,No,MSP Chaos Lab,MDA_DocuSign_SessionTimeout,"Everything we have all seen at 02:00: exclusions, stale accounts, mail rules, and hope."
10,Enable web session timeout for web users,To address,0 / 6,6%,Identity,Microsoft Entra ID,Yes,No,MSP Chaos Lab,MDA_Dropbox_InactiveTimeoutMins,"Everything we have all seen at 02:00: exclusions, stale accounts, mail rules, and hope."
10,Disable 'Allow members to view dependency insights',Planned,2.49 / 4,4%,Identity,Microsoft Entra ID,Yes,No,MSP Chaos Lab,MDA_GitHub_DependencyInsights,"Everything we have all seen at 02:00: exclusions, stale accounts, mail rules, and hope."
10,Enabled 'email notification delivery for this enterprise is restricted to verified or approved domains',To address,0.65 / 3,3%,Apps,Exchange Online,Yes,No,MSP Chaos Lab,MDA_GitHub_EmailNotificationRestrictedToVerifiedOrApprovedDomains,"Everything we have all seen at 02:00: exclusions, stale accounts, mail rules, and hope."
10,Enforce IP allow list configuration for org resources,Planned,2.25 / 4,4%,Identity,Microsoft Entra ID,Yes,Yes,MSP Chaos Lab,MDA_GitHub_IPallowListConfigurationForOrgResources,"Everything we have all seen at 02:00: exclusions, stale accounts, mail rules, and hope."
10,Disable 'Allow repository administrators to invite outside collaborators to repositories for this organization,Planned,1.76 / 4,4%,Identity,Microsoft Entra ID,Yes,No,MSP Chaos Lab,MDA_GitHub_OutsideCollabInvitation,"Everything we have all seen at 02:00: exclusions, stale accounts, mail rules, and hope."
10,Disable private repository forking,To address,0.52 / 7,7%,Apps,MDA_GitHub,No,No,MSP Chaos Lab,MDA_GitHub_PrivateRepositoryForkingSetting,"Everything we have all seen at 02:00: exclusions, stale accounts, mail rules, and hope."
10,"Disable 'Members will be able to create public repositories, visible to anyone'",To address,0 / 4,4%,Identity,Microsoft Entra ID,Yes,No,MSP Chaos Lab,MDA_GitHub_PublicRepoCreation,"Everything we have all seen at 02:00: exclusions, stale accounts, mail rules, and hope."
10,Disable 'members with admin permissions for repositories can delete or transfer repositories',To address,1.12 / 6,6%,Identity,Microsoft Entra ID,Yes,No,MSP Chaos Lab,MDA_GitHub_RepoTransferOrDeletion,"Everything we have all seen at 02:00: exclusions, stale accounts, mail rules, and hope."
10,Disable 'Allow members to change repository visibilities for this organization',To address,0.24 / 6,6%,Apps,MDA_GitHub,Yes,Yes,MSP Chaos Lab,MDA_GitHub_RepoVisibility_change,"Everything we have all seen at 02:00: exclusions, stale accounts, mail rules, and hope."
10,Enable single sign on (SSO),To address,0 / 3,3%,Identity,Microsoft Entra ID,Yes,No,MSP Chaos Lab,MDA_GitHub_SAML,"Everything we have all seen at 02:00: exclusions, stale accounts, mail rules, and hope."
10,Enable multi-factor authentication (MFA),To address,1.04 / 7,7%,Identity,Microsoft Entra ID,Yes,No,MSP Chaos Lab,MDA_Google_EnableTwoFactorAuth,"Everything we have all seen at 02:00: exclusions, stale accounts, mail rules, and hope."
10,Adopt SSO (Single sign on) in netDocuments,Planned,2.6 / 7,7%,Identity,Microsoft Entra ID,Yes,No,MSP Chaos Lab,MDA_NetDocuments_SSO,"Everything we have all seen at 02:00: exclusions, stale accounts, mail rules, and hope."
10,Enhance password requirements,Planned,2.9 / 4,4%,Identity,Microsoft Entra ID,Yes,No,MSP Chaos Lab,MDA_Okta_EnhancedPassword,"Everything we have all seen at 02:00: exclusions, stale accounts, mail rules, and hope."
10,Enable multi-factor authentication,Planned,2.95 / 7,7%,Identity,Microsoft Entra ID,No,No,MSP Chaos Lab,MDA_Okta_MFA,"Everything we have all seen at 02:00: exclusions, stale accounts, mail rules, and hope."
10,Password expiry requirements,To address,0.67 / 4,4%,Identity,Microsoft Entra ID,Yes,No,MSP Chaos Lab,MDA_Okta_PasswordExpires,"Everything we have all seen at 02:00: exclusions, stale accounts, mail rules, and hope."
10,Enable session timeout for web users,To address,1.26 / 6,6%,Identity,Microsoft Entra ID,Yes,No,MSP Chaos Lab,MDA_Okta_SessionTimeout,"Everything we have all seen at 02:00: exclusions, stale accounts, mail rules, and hope."
10,Remote Site,To address,0.05 / 5,5%,Apps,MDA_SF,Yes,Yes,MSP Chaos Lab,MDA_SF_disableProtocolSecurity,"Everything we have all seen at 02:00: exclusions, stale accounts, mail rules, and hope."
10,Disable Administrators Can Log In As Any User,To address,0 / 3,3%,Identity,Microsoft Entra ID,Yes,Yes,MSP Chaos Lab,MDA_SF_enableAdminLoginAsAnyUser,"Everything we have all seen at 02:00: exclusions, stale accounts, mail rules, and hope."
10,Disable Caching and Autocomplete on Login Page via Session settings,To address,0.1 / 4,4%,Identity,Microsoft Entra ID,Yes,No,MSP Chaos Lab,MDA_SF_enableCacheAndAutocomplete,"Everything we have all seen at 02:00: exclusions, stale accounts, mail rules, and hope."
10,Enable clickjack protection for non-Setup for Salesforce pages,To address,0.44 / 3,3%,Apps,MDA_SF,Yes,No,MSP Chaos Lab,MDA_SF_enableClickjackNonsetupSFDC,"Everything we have all seen at 02:00: exclusions, stale accounts, mail rules, and hope."
10,Enable clickjack protection for customer VisualForce pages with standard headers,To address,0.99 / 3,3%,Apps,MDA_SF,No,No,MSP Chaos Lab,MDA_SF_enableClickjackNonsetupUser,"Everything we have all seen at 02:00: exclusions, stale accounts, mail rules, and hope."
10,Enable clickjack protection for customer VisualForce pages with headers disabled,Planned,1.14 / 3,3%,Apps,MDA_SF,Yes,No,MSP Chaos Lab,MDA_SF_enableClickjackNonsetupUserHeaderless,"Everything we have all seen at 02:00: exclusions, stale accounts, mail rules, and hope."
10,Enable clickjack protection for Setup pages,To address,0.83 / 3,3%,Apps,MDA_SF,No,No,MSP Chaos Lab,MDA_SF_enableClickjackSetup,"Everything we have all seen at 02:00: exclusions, stale accounts, mail rules, and hope."
10,Enable Content Sniffing protection,To address,0 / 3,3%,Apps,MDA_SF,Yes,Yes,MSP Chaos Lab,MDA_SF_enableContentSniffingProtection,"Everything we have all seen at 02:00: exclusions, stale accounts, mail rules, and hope."
10,Enable Content Security Policy protection for email templates,To address,0 / 3,3%,Apps,Exchange Online,Yes,No,MSP Chaos Lab,MDA_SF_enableCSPOnEmail,"Everything we have all seen at 02:00: exclusions, stale accounts, mail rules, and hope."
10,Enable CSRF protection on GET requests on non-setup pages,To address,0 / 3,3%,Apps,MDA_SF,Yes,No,MSP Chaos Lab,MDA_SF_enableCSRFOnGet,"Everything we have all seen at 02:00: exclusions, stale accounts, mail rules, and hope."
10,Enable CSRF protection on POST requests on non-setup pages,To address,0.49 / 3,3%,Apps,MDA_SF,Yes,No,MSP Chaos Lab,MDA_SF_enableCSRFOnPost,"Everything we have all seen at 02:00: exclusions, stale accounts, mail rules, and hope."
33,Require identity verification during multi-factor authentication (MFA) registration,To address,0.05 / 7,7%,Identity,Microsoft Entra ID,Yes,No,MSP Chaos Lab,MDA_SF_enableMultipleSamlConfigs,"Everything we have all seen at 02:00: exclusions, stale accounts, mail rules, and hope."
10,Let users verify their identity by text (SMS),To address,0.12 / 7,7%,Identity,Microsoft Entra ID,Yes,Yes,MSP Chaos Lab,MDA_SF_enableSMSIdentity,"Everything we have all seen at 02:00: exclusions, stale accounts, mail rules, and hope."
10,Enforce login IP ranges on every request,Planned,3.47 / 5,5%,Identity,Microsoft Entra ID,No,Yes,MSP Chaos Lab,MDA_SF_enforceIpRangesEveryRequest,"Everything we have all seen at 02:00: exclusions, stale accounts, mail rules, and hope."
10,Force logout on session timeout,To address,0.54 / 7,7%,Identity,Microsoft Entra ID,Yes,No,MSP Chaos Lab,MDA_SF_forceLogoutOnSessionTimeout,"Everything we have all seen at 02:00: exclusions, stale accounts, mail rules, and hope."
10,Force (admin) relogin after Login-As-User,To address,0.16 / 3,3%,Identity,Microsoft Entra ID,Yes,No,MSP Chaos Lab,MDA_SF_forceRelogin,"Everything we have all seen at 02:00: exclusions, stale accounts, mail rules, and hope."
10,Require identity verification for change of email address,To address,1.12 / 5,5%,Identity,Exchange Online,Yes,Yes,MSP Chaos Lab,MDA_SF_identityConfirmationOnEmailChange,"Everything we have all seen at 02:00: exclusions, stale accounts, mail rules, and hope."
10,Lock sessions to the domain in which they were first used,To address,0 / 7,7%,Identity,Microsoft Entra ID,Yes,No,MSP Chaos Lab,MDA_SF_lockSessionsToDomain,"Everything we have all seen at 02:00: exclusions, stale accounts, mail rules, and hope."
10,Maximum invalid login attempts,To address,0 / 5,5%,Identity,Microsoft Entra ID,Yes,Yes,MSP Chaos Lab,MDA_SF_maxLoginAttempts,"Everything we have all seen at 02:00: exclusions, stale accounts, mail rules, and hope."
10,Require a minimum 1 day password lifetime,To address,0.11 / 5,5%,Identity,Microsoft Entra ID,Yes,No,MSP Chaos Lab,MDA_SF_minimumPasswordLifetime,"Everything we have all seen at 02:00: exclusions, stale accounts, mail rules, and hope."
10,Password complexity requirement,Planned,1.53 / 4,4%,Identity,Microsoft Entra ID,Yes,No,MSP Chaos Lab,MDA_SF_password_complexity,"Everything we have all seen at 02:00: exclusions, stale accounts, mail rules, and hope."
10,User passwords expire in 90 days or less,To address,0.19 / 5,5%,Identity,Microsoft Entra ID,Yes,No,MSP Chaos Lab,MDA_SF_password_expiration,"Everything we have all seen at 02:00: exclusions, stale accounts, mail rules, and hope."
10,Enforce password history,To address,0.55 / 4,4%,Identity,Microsoft Entra ID,Yes,No,MSP Chaos Lab,MDA_SF_password_historyRestriction,"Everything we have all seen at 02:00: exclusions, stale accounts, mail rules, and hope."
10,Lockout effective period,To address,0.43 / 7,7%,Identity,Microsoft Entra ID,Yes,No,MSP Chaos Lab,MDA_SF_password_lockoutInterval,"Everything we have all seen at 02:00: exclusions, stale accounts, mail rules, and hope."
10,Minimum password length,To address,0.21 / 4,4%,Identity,Microsoft Entra ID,No,Yes,MSP Chaos Lab,MDA_SF_password_minimumPasswordLength,"Everything we have all seen at 02:00: exclusions, stale accounts, mail rules, and hope."
10,Obscure secret answer for password resets,To address,0.5 / 3,3%,Identity,Microsoft Entra ID,Yes,No,MSP Chaos Lab,MDA_SF_password_obscureSecretAnswer,"Everything we have all seen at 02:00: exclusions, stale accounts, mail rules, and hope."
10,Password question requirement,To address,0 / 3,3%,Identity,Microsoft Entra ID,Yes,No,MSP Chaos Lab,MDA_SF_password_questionRestriction,"Everything we have all seen at 02:00: exclusions, stale accounts, mail rules, and hope."
10,Session timeout,To address,0 / 7,7%,Identity,Microsoft Entra ID,No,No,MSP Chaos Lab,MDA_SF_password_sessionTimeout,"Everything we have all seen at 02:00: exclusions, stale accounts, mail rules, and hope."
10,Require HttpOnly attribute,To address,0.98 / 3,3%,Apps,MDA_SF,No,No,MSP Chaos Lab,MDA_SF_requireHttpOnly,"Everything we have all seen at 02:00: exclusions, stale accounts, mail rules, and hope."
10,Enable multi-factor authentication,To address,1.17 / 6,6%,Identity,Microsoft Entra ID,Yes,No,MSP Chaos Lab,MDA_SNOW_authenticateMultifactor,"Everything we have all seen at 02:00: exclusions, stale accounts, mail rules, and hope."
10,Enable enforcing JSONv2 requests with basic authorization,To address,1.12 / 5,5%,Identity,Microsoft Entra ID,Yes,Yes,MSP Chaos Lab,MDA_SNOW_authRequiredJson2,"Everything we have all seen at 02:00: exclusions, stale accounts, mail rules, and hope."
10,Enable enforcing SOAP requests with basic authorization,To address,0.6 / 5,5%,Identity,Microsoft Entra ID,Yes,No,MSP Chaos Lab,MDA_SNOW_authRequiredSOAP,"Everything we have all seen at 02:00: exclusions, stale accounts, mail rules, and hope."
10,Enable unload request authorization,To address,0 / 6,6%,Identity,Microsoft Entra ID,Yes,No,MSP Chaos Lab,MDA_SNOW_authRequiredUnl,"Everything we have all seen at 02:00: exclusions, stale accounts, mail rules, and hope."
10,Enable script request authorization,To address,1.16 / 4,4%,Identity,Microsoft Entra ID,Yes,No,MSP Chaos Lab,MDA_SNOW_cauthRequiredScriptedProcessor,"Everything we have all seen at 02:00: exclusions, stale accounts, mail rules, and hope."
10,Enable URL allow list for cross-origin iframe communication,To address,0 / 6,6%,Apps,MDA_SNOW,Yes,Yes,MSP Chaos Lab,MDA_SNOW_concourseOnmessageEnforceSameOrigin,"Everything we have all seen at 02:00: exclusions, stale accounts, mail rules, and hope."
10,Enable Password Reset Policy Checks,To address,0 / 4,4%,Identity,Microsoft Entra ID,Yes,No,MSP Chaos Lab,MDA_SNOW_enablePasswordPolicy,"Everything we have all seen at 02:00: exclusions, stale accounts, mail rules, and hope."
10,Enable high security plugin,To address,0 / 7,7%,Apps,MDA_SNOW,Yes,No,MSP Chaos Lab,MDA_SNOW_highSecurity,"Everything we have all seen at 02:00: exclusions, stale accounts, mail rules, and hope."
10,Set default cache-control HTTP header value to private,To address,0.29 / 6,6%,Apps,MDA_SNOW,Yes,No,MSP Chaos Lab,MDA_SNOW_httpCacheControl,"Everything we have all seen at 02:00: exclusions, stale accounts, mail rules, and hope."
10,Disable password-less authentication,To address,0.79 / 6,6%,Identity,Microsoft Entra ID,Yes,Yes,MSP Chaos Lab,MDA_SNOW_loginNoBlankPassword,"Everything we have all seen at 02:00: exclusions, stale accounts, mail rules, and hope."
10,Enable Contextual Security: Role Management plugin,To address,1.74 / 6,6%,Identity,Microsoft Entra ID,Yes,No,MSP Chaos Lab,MDA_SNOW_roleManagement,"Everything we have all seen at 02:00: exclusions, stale accounts, mail rules, and hope."
10,Set client-callable script includes to private,Planned,2.54 / 4,4%,Apps,MDA_SNOW,No,No,MSP Chaos Lab,MDA_SNOW_scriptCcsiIsPublic,"Everything we have all seen at 02:00: exclusions, stale accounts, mail rules, and hope."
10,Apply access control rule (ACL) validation when server-side records are accessed using GlideAjax APIs within a client script,To address,0.97 / 4,4%,Apps,MDA_SNOW,Yes,No,MSP Chaos Lab,MDA_SNOW_scriptSecureAjaxgliderecord,"Everything we have all seen at 02:00: exclusions, stale accounts, mail rules, and hope."
10,Enable client generated scripts sandbox,To address,0 / 6,6%,Apps,MDA_SNOW,Yes,Yes,MSP Chaos Lab,MDA_SNOW_scriptUseSandbox,"Everything we have all seen at 02:00: exclusions, stale accounts, mail rules, and hope."
10,Enable default deny with new ACL rules,To address,0 / 5,5%,Apps,MDA_SNOW,Yes,No,MSP Chaos Lab,MDA_SNOW_smDefaultMode,"Everything we have all seen at 02:00: exclusions, stale accounts, mail rules, and hope."
10,Enable managing failed login attempts,To address,0 / 4,4%,Identity,Microsoft Entra ID,No,No,MSP Chaos Lab,MDA_SNOW_sncUserLockoutCheck,"Everything we have all seen at 02:00: exclusions, stale accounts, mail rules, and hope."
10,Enable SOAP content type checking,To address,0 / 6,6%,Apps,MDA_SNOW,Yes,No,MSP Chaos Lab,MDA_SNOW_soapRequireContentTypeXml,"Everything we have all seen at 02:00: exclusions, stale accounts, mail rules, and hope."
10,Enable SOAP request strict security,To address,1.09 / 6,6%,Apps,MDA_SNOW,Yes,No,MSP Chaos Lab,MDA_SNOW_soapStrictSecurity,"Everything we have all seen at 02:00: exclusions, stale accounts, mail rules, and hope."
10,Activate security jump start (ACL rules) plugin,Planned,1.46 / 4,4%,Identity,Microsoft Entra ID,Yes,No,MSP Chaos Lab,MDA_SNOW_systemSecurity,"Everything we have all seen at 02:00: exclusions, stale accounts, mail rules, and hope."
10,Enable session activity timeout,To address,0.79 / 4,4%,Identity,Microsoft Entra ID,Yes,No,MSP Chaos Lab,MDA_SNOW_uiSessionTimeout,"Everything we have all seen at 02:00: exclusions, stale accounts, mail rules, and hope."
10,Enable anti-CSRF token,To address,1.08 / 6,6%,Identity,Microsoft Entra ID,Yes,No,MSP Chaos Lab,MDA_SNOW_useCsrfToken,"Everything we have all seen at 02:00: exclusions, stale accounts, mail rules, and hope."
10,Enable absolute session timeout,To address,0 / 4,4%,Identity,Microsoft Entra ID,No,No,MSP Chaos Lab,MDA_SNOW_userCookieMaxLifeSpanInDays,"Everything we have all seen at 02:00: exclusions, stale accounts, mail rules, and hope."
10,Adopt SSO (Single sign on) in Workplace by Meta,To address,1.25 / 7,7%,Identity,Microsoft Entra ID,Yes,Yes,MSP Chaos Lab,MDA_Workplace_SSO,"Everything we have all seen at 02:00: exclusions, stale accounts, mail rules, and hope."
10,Block admins to set passwords,To address,0 / 3,3%,Identity,Microsoft Entra ID,No,No,MSP Chaos Lab,MDA_Zendesk_AdminPassChange,"Everything we have all seen at 02:00: exclusions, stale accounts, mail rules, and hope."
10,Block account assumption,To address,0 / 4,4%,Identity,Microsoft Entra ID,Yes,No,MSP Chaos Lab,MDA_Zendesk_BlockAccountAssumption,"Everything we have all seen at 02:00: exclusions, stale accounts, mail rules, and hope."
10,Block customers to bypass IP restrictions,To address,0 / 3,3%,Identity,Microsoft Entra ID,No,No,MSP Chaos Lab,MDA_Zendesk_bypassIPrestrictions,"Everything we have all seen at 02:00: exclusions, stale accounts, mail rules, and hope."
10,"Send a notification on password change for admins, agents, and end users",Planned,1.09 / 3,3%,Identity,Microsoft Entra ID,Yes,No,MSP Chaos Lab,MDA_Zendesk_EmailNotificationsforPassChange,"Everything we have all seen at 02:00: exclusions, stale accounts, mail rules, and hope."
10,Admins and agents can use the Zendesk Support mobile app,Planned,1.95 / 3,3%,Apps,MDA_Zendesk,Yes,No,MSP Chaos Lab,MDA_Zendesk_enableapp,"Everything we have all seen at 02:00: exclusions, stale accounts, mail rules, and hope."
10,Enable IP restrictions,To address,0.81 / 3,3%,Identity,Microsoft Entra ID,No,No,MSP Chaos Lab,MDA_Zendesk_IPrestrictions,"Everything we have all seen at 02:00: exclusions, stale accounts, mail rules, and hope."
10,Enable and adopt two-factor authentication (2FA),Planned,2.7 / 7,7%,Identity,Microsoft Entra ID,Yes,Yes,MSP Chaos Lab,MDA_Zendesk_MFA,"Everything we have all seen at 02:00: exclusions, stale accounts, mail rules, and hope."
10,Enable session timeout for users,To address,1.63 / 6,6%,Identity,Microsoft Entra ID,Yes,No,MSP Chaos Lab,MDA_Zendesk_sessionexpiry,"Everything we have all seen at 02:00: exclusions, stale accounts, mail rules, and hope."
10,Enable external Authentication (google or microsoft or SSO),To address,1.82 / 7,7%,Identity,Microsoft Entra ID,Yes,Yes,MSP Chaos Lab,MDA_Zendesk_SSO,"Everything we have all seen at 02:00: exclusions, stale accounts, mail rules, and hope."
10,Enable Zendesk authentication,To address,0 / 7,7%,Identity,Microsoft Entra ID,No,Yes,MSP Chaos Lab,MDA_Zendesk_ZanAuth,"Everything we have all seen at 02:00: exclusions, stale accounts, mail rules, and hope."
10,Block users in specific domains from joining meetings and webinars,To address,0 / 3,3%,Apps,MDA_Zoom,Yes,Yes,MSP Chaos Lab,MDA_Zoom_BlockDomains,"Everything we have all seen at 02:00: exclusions, stale accounts, mail rules, and hope."
10,Enforce end to end encryption in all Zoom meetings,To address,0.25 / 3,3%,Apps,MDA_Zoom,Yes,No,MSP Chaos Lab,MDA_Zoom_MeetingE2eEncryption,"Everything we have all seen at 02:00: exclusions, stale accounts, mail rules, and hope."
10,Enable multi-factor authentication,To address,1.85 / 7,7%,Apps,MDA_Zoom,Yes,Yes,MSP Chaos Lab,MDA_Zoom_MFA,"Everything we have all seen at 02:00: exclusions, stale accounts, mail rules, and hope."
10,Enhance password requirements,Planned,1.85 / 4,4%,Apps,MDA_Zoom,Yes,No,MSP Chaos Lab,MDA_Zoom_PasswordReq,"Everything we have all seen at 02:00: exclusions, stale accounts, mail rules, and hope."
10,Enable session timeout for client users,To address,1.56 / 6,6%,Apps,MDA_Zoom,No,No,MSP Chaos Lab,MDA_Zoom_SessionTimeoutClient,"Everything we have all seen at 02:00: exclusions, stale accounts, mail rules, and hope."
10,Enable session timeout for web users,Planned,3.99 / 6,6%,Apps,MDA_Zoom,Yes,No,MSP Chaos Lab,MDA_Zoom_SessionTimeoutWeb,"Everything we have all seen at 02:00: exclusions, stale accounts, mail rules, and hope."
128,Ensure that no sender domains are allowed for anti-spam policies,To address,0.12 / 2,2%,Apps,MDO,Yes,Yes,MSP Chaos Lab,mdo_allowedsenderscombined,"Everything we have all seen at 02:00: exclusions, stale accounts, mail rules, and hope."
10,Ensure that an anti-phishing policy has been created,To address,0.75 / 3,3%,Apps,MDO,Yes,No,MSP Chaos Lab,mdo_antiphishingpolicies,"Everything we have all seen at 02:00: exclusions, stale accounts, mail rules, and hope."
128,"Turn on Microsoft Defender for Office 365 in SharePoint, OneDrive, and Microsoft Teams",To address,1.34 / 5,5%,Apps,Microsoft Teams,Yes,No,MSP Chaos Lab,mdo_atpprotection,"Everything we have all seen at 02:00: exclusions, stale accounts, mail rules, and hope."
128,Set automatic email forwarding rules to be system controlled,To address,0 / 1,1%,Apps,Exchange Online,Yes,Yes,MSP Chaos Lab,mdo_autoforwardingmode,"Everything we have all seen at 02:00: exclusions, stale accounts, mail rules, and hope."
10,Ensure all forms of mail forwarding are blocked and/or disabled,To address,0.16 / 5,5%,Apps,Exchange Online,Yes,Yes,MSP Chaos Lab,mdo_blockmailforward,"Everything we have all seen at 02:00: exclusions, stale accounts, mail rules, and hope."
128,Set action to take on bulk spam detection,To address,1 / 3,3%,Apps,MDO,Yes,No,MSP Chaos Lab,mdo_bulkspamaction,"Everything we have all seen at 02:00: exclusions, stale accounts, mail rules, and hope."
128,Set the email bulk complaint level (BCL) threshold to be 6 or lower,Completed,0.98 / 1,1%,Apps,Exchange Online,Yes,No,MSP Chaos Lab,mdo_bulkthreshold,"Everything we have all seen at 02:00: exclusions, stale accounts, mail rules, and hope."
128,Ensure the Common Attachment Types Filter is enabled,Planned,3.24 / 5,5%,Apps,MDO,Yes,Yes,MSP Chaos Lab,mdo_commonattachmentsfilter,"Everything we have all seen at 02:00: exclusions, stale accounts, mail rules, and hope."
128,Don't add allowed IP addresses in the connection filter policy,Planned,0.55 / 1,1%,Apps,MDO,Yes,No,MSP Chaos Lab,mdo_connectionfilter,"Everything we have all seen at 02:00: exclusions, stale accounts, mail rules, and hope."
128,Enable impersonated domain protection,To address,0 / 8,8%,Apps,MDO,No,Yes,MSP Chaos Lab,mdo_enabledomainstoprotect,"Everything we have all seen at 02:00: exclusions, stale accounts, mail rules, and hope."
128,Ensure that mailbox intelligence is enabled,To address,0 / 8,8%,Apps,Exchange Online,Yes,No,MSP Chaos Lab,mdo_enablemailboxintelligence,"Everything we have all seen at 02:00: exclusions, stale accounts, mail rules, and hope."
128,Set action to take on high confidence phishing detection,To address,0 / 5,5%,Apps,MDO,Yes,No,MSP Chaos Lab,mdo_highconfidencephishaction,"Everything we have all seen at 02:00: exclusions, stale accounts, mail rules, and hope."
128,Set action to take on high confidence spam detection,To address,0.29 / 5,5%,Apps,MDO,Yes,No,MSP Chaos Lab,mdo_highconfidencespamaction,"Everything we have all seen at 02:00: exclusions, stale accounts, mail rules, and hope."
128,Ensure that intelligence for impersonation protection is enabled,To address,2.47 / 8,8%,Apps,MDO,Yes,Yes,MSP Chaos Lab,mdo_mailboxintelligenceprotection,"Everything we have all seen at 02:00: exclusions, stale accounts, mail rules, and hope."
128,Move messages that are detected as impersonated users by mailbox intelligence,To address,0.5 / 8,8%,Apps,Exchange Online,Yes,No,MSP Chaos Lab,mdo_mailboxintelligenceprotectionaction,"Everything we have all seen at 02:00: exclusions, stale accounts, mail rules, and hope."
128,Set the phishing email level threshold at 2 or higher,To address,0.55 / 8,8%,Apps,Exchange Online,Yes,No,MSP Chaos Lab,mdo_phishthresholdlevel,"Everything we have all seen at 02:00: exclusions, stale accounts, mail rules, and hope."
128,Set action to take on phishing detection,Planned,2.14 / 5,5%,Apps,MDO,No,No,MSP Chaos Lab,mdo_phisspamacation,"Everything we have all seen at 02:00: exclusions, stale accounts, mail rules, and hope."
128,Retain spam in quarantine for 30 days,To address,0.19 / 1,1%,Apps,MDO,Yes,No,MSP Chaos Lab,mdo_quarantineretentionperiod,"Everything we have all seen at 02:00: exclusions, stale accounts, mail rules, and hope."
128,Set maximum number of external recipients that a user can email per hour,Planned,0.4 / 1,1%,Apps,Exchange Online,Yes,No,MSP Chaos Lab,mdo_recipientexternallimitperhour,"Everything we have all seen at 02:00: exclusions, stale accounts, mail rules, and hope."
128,Set maximum number of internal recipients that a user can send to within an hour,To address,0.15 / 1,1%,Apps,MDO,Yes,No,MSP Chaos Lab,mdo_recipientinternallimitperhour,"Everything we have all seen at 02:00: exclusions, stale accounts, mail rules, and hope."
128,Set a daily message limit,To address,0 / 1,1%,Apps,MDO,Yes,Yes,MSP Chaos Lab,mdo_recipientlimitperday,"Everything we have all seen at 02:00: exclusions, stale accounts, mail rules, and hope."
10,Ensure Safe Attachments policy is enabled,To address,1.48 / 5,5%,Apps,MDO,Yes,No,MSP Chaos Lab,mdo_safeattachmentpolicy,"Everything we have all seen at 02:00: exclusions, stale accounts, mail rules, and hope."
128,Turn on Safe Attachments in block mode,To address,1.1 / 8,8%,Apps,MDO,No,No,MSP Chaos Lab,mdo_safeattachments,"Everything we have all seen at 02:00: exclusions, stale accounts, mail rules, and hope."
128,Turn on Safe Documents for Office Clients,To address,1.6 / 5,5%,Apps,MDO,Yes,No,MSP Chaos Lab,mdo_safedocuments,"Everything we have all seen at 02:00: exclusions, stale accounts, mail rules, and hope."
128,Create Safe Links policies for email messages,Planned,5.48 / 9,9%,Apps,Exchange Online,Yes,No,MSP Chaos Lab,mdo_safelinksforemail,"Everything we have all seen at 02:00: exclusions, stale accounts, mail rules, and hope."
10,Ensure Safe Links for Office Applications is Enabled,Planned,1.27 / 3,3%,Apps,MDO,Yes,No,MSP Chaos Lab,mdo_safelinksforOfficeApps,"Everything we have all seen at 02:00: exclusions, stale accounts, mail rules, and hope."
128,Enable the domain impersonation safety tip,To address,0.68 / 3,3%,Apps,MDO,Yes,No,MSP Chaos Lab,mdo_similardomainssafetytips,"Everything we have all seen at 02:00: exclusions, stale accounts, mail rules, and hope."
128,Enable the user impersonation safety tip,To address,0 / 3,3%,Apps,MDO,No,Yes,MSP Chaos Lab,mdo_similaruserssafetytips,"Everything we have all seen at 02:00: exclusions, stale accounts, mail rules, and hope."
10,Ensure Exchange Online Spam Policies are set to notify administrators,To address,0 / 3,3%,Apps,Exchange Online,Yes,No,MSP Chaos Lab,mdo_spam_notifications_only_for_admins,"Everything we have all seen at 02:00: exclusions, stale accounts, mail rules, and hope."
128,Set action to take on spam detection,To address,0.6 / 5,5%,Apps,MDO,No,No,MSP Chaos Lab,mdo_spamaction,"Everything we have all seen at 02:00: exclusions, stale accounts, mail rules, and hope."
128,Quarantine messages that are detected from impersonated domains,To address,0.83 / 6,6%,Apps,MDO,Yes,Yes,MSP Chaos Lab,mdo_targeteddomainprotectionaction,"Everything we have all seen at 02:00: exclusions, stale accounts, mail rules, and hope."
128,Quarantine messages that are detected from impersonated users,To address,0 / 6,6%,Apps,MDO,Yes,No,MSP Chaos Lab,mdo_targeteduserprotectionaction,"Everything we have all seen at 02:00: exclusions, stale accounts, mail rules, and hope."
128,Enable impersonated user protection,Planned,4.36 / 8,8%,Apps,MDO,Yes,No,MSP Chaos Lab,mdo_targetedusersprotection,"Everything we have all seen at 02:00: exclusions, stale accounts, mail rules, and hope."
128,Block users who reached the message limit,To address,0.31 / 1,1%,Apps,MDO,Yes,Yes,MSP Chaos Lab,mdo_thresholdreachedaction,"Everything we have all seen at 02:00: exclusions, stale accounts, mail rules, and hope."
128,Enable the user impersonation unusual characters safety tip,Planned,2.04 / 3,3%,Apps,MDO,Yes,No,MSP Chaos Lab,mdo_unusualcharacterssafetytips,"Everything we have all seen at 02:00: exclusions, stale accounts, mail rules, and hope."
128,Create zero-hour auto purge policies for malware,To address,0 / 6,6%,Apps,MDO,Yes,No,MSP Chaos Lab,mdo_zapmalware,"Everything we have all seen at 02:00: exclusions, stale accounts, mail rules, and hope."
128,Create zero-hour auto purge policies for phishing messages,To address,0 / 3,3%,Apps,MDO,Yes,No,MSP Chaos Lab,mdo_zapphish,"Everything we have all seen at 02:00: exclusions, stale accounts, mail rules, and hope."
128,Create zero-hour auto purge policies for spam messages,To address,0.1 / 1,1%,Apps,MDO,No,No,MSP Chaos Lab,mdo_zapspam,"Everything we have all seen at 02:00: exclusions, stale accounts, mail rules, and hope."
246,Restrict anonymous users from starting Teams meetings,To address,0.14 / 1,1%,Apps,Microsoft Teams,Yes,No,MSP Chaos Lab,meeting_anonymousstartmeeting_v1,"Everything we have all seen at 02:00: exclusions, stale accounts, mail rules, and hope."
247,Only invited users should be automatically admitted to Teams meetings,To address,0 / 2,2%,Apps,Microsoft Teams,Yes,No,MSP Chaos Lab,meeting_autoadmitusers_v1,"Everything we have all seen at 02:00: exclusions, stale accounts, mail rules, and hope."
248,Configure which users are allowed to present in Teams meetings,Planned,1.08 / 2,2%,Apps,Microsoft Teams,Yes,No,MSP Chaos Lab,meeting_designatedpresenter_v1,"Everything we have all seen at 02:00: exclusions, stale accounts, mail rules, and hope."
249,Limit external participants from having control in a Teams meeting,To address,0.2 / 1,1%,Apps,Microsoft Teams,Yes,No,MSP Chaos Lab,meeting_externalrequestcontrol_v1,"Everything we have all seen at 02:00: exclusions, stale accounts, mail rules, and hope."
250,Restrict dial-in users from bypassing a meeting lobby,Planned,0.55 / 1,1%,Apps,Microsoft Teams,Yes,Yes,MSP Chaos Lab,meeting_pstnusersbypasslobby_v1,"Everything we have all seen at 02:00: exclusions, stale accounts, mail rules, and hope."
251,Restrict anonymous users from joining meetings,Completed,0.87 / 1,1%,Apps,Microsoft Teams,Yes,No,MSP Chaos Lab,meeting_restrictanonymousjoin_v1,"Everything we have all seen at 02:00: exclusions, stale accounts, mail rules, and hope."
12,Ensure multifactor authentication is enabled for all users,To address,0.37 / 9,9%,Identity,Microsoft Entra ID,Yes,No,MSP Chaos Lab,MFARegistrationV2,"Everything we have all seen at 02:00: exclusions, stale accounts, mail rules, and hope."
129,Ensure that Auto-labeling data classification policies are set up and used,To address,0.01 / 1,1%,Data,MIP,Yes,No,MSP Chaos Lab,mip_autosensitivitylabelspolicies,"Everything we have all seen at 02:00: exclusions, stale accounts, mail rules, and hope."
10,Ensure DLP policies are enabled for Microsoft Teams,To address,0.48 / 3,3%,Apps,Microsoft Teams,Yes,No,MSP Chaos Lab,mip_DLP_policies_Teams,"Everything we have all seen at 02:00: exclusions, stale accounts, mail rules, and hope."
10,Ensure Office 365 Management Activity API is Enabled for some workloads (see description),To address,0.22 / 3,3%,Apps,MIP,Yes,No,MSP Chaos Lab,mip_management_API_enabled_four_workloads,"Everything we have all seen at 02:00: exclusions, stale accounts, mail rules, and hope."
129,Extend M365 sensitivity labeling to assets in Microsoft Purview data map,To address,0.3 / 1,1%,Data,MIP,Yes,No,MSP Chaos Lab,mip_purviewlabelconsent,"Everything we have all seen at 02:00: exclusions, stale accounts, mail rules, and hope."
10,Ensure Microsoft 365 audit log search is Enabled,To address,0.29 / 3,3%,Apps,MIP,Yes,No,MSP Chaos Lab,mip_search_auditlog,"Everything we have all seen at 02:00: exclusions, stale accounts, mail rules, and hope."
129,Publish M365 sensitivity label data classification policies,Planned,1.46 / 2,2%,Data,MIP,No,No,MSP Chaos Lab,mip_sensitivitylabelspolicies,"Everything we have all seen at 02:00: exclusions, stale accounts, mail rules, and hope."
27,Designate more than one global admin,Planned,0.7 / 1,1%,Identity,Microsoft Entra ID,Yes,Yes,MSP Chaos Lab,OneAdmin,"Everything we have all seen at 02:00: exclusions, stale accounts, mail rules, and hope."
9,Ensure that password hash sync is enabled for hybrid deployments,To address,0.02 / 5,5%,Identity,Microsoft Entra ID,Yes,No,MSP Chaos Lab,PasswordHashSync,"Everything we have all seen at 02:00: exclusions, stale accounts, mail rules, and hope."
33,Ensure the 'Password expiration policy' is set to 'Set passwords to never expire (recommended)',Planned,3.02 / 8,8%,Identity,Microsoft Entra ID,Yes,No,MSP Chaos Lab,PWAgePolicyNew,"Everything we have all seen at 02:00: exclusions, stale accounts, mail rules, and hope."
50,Use least privileged administrative roles,To address,0.09 / 1,1%,Identity,Microsoft Entra ID,Yes,Yes,MSP Chaos Lab,RoleOverlap,"Everything we have all seen at 02:00: exclusions, stale accounts, mail rules, and hope."
162,Disable JavaScript on Adobe Reader 2015,To address,0.2 / 5,5%,Device,Microsoft Intune,Yes,No,MSP Chaos Lab,scid_100,"Everything we have all seen at 02:00: exclusions, stale accounts, mail rules, and hope."
163,Disable JavaScript on Adobe 2015,To address,0 / 5,5%,Device,Microsoft Intune,Yes,No,MSP Chaos Lab,scid_101,"Everything we have all seen at 02:00: exclusions, stale accounts, mail rules, and hope."
208,Enable 'Local Security Authority (LSA) protection' on Windows 11 22h2 and higher,To address,0 / 8,8%,Device,Microsoft Intune,Yes,No,MSP Chaos Lab,scid_102,"Everything we have all seen at 02:00: exclusions, stale accounts, mail rules, and hope."
209,Require LDAP client signing to prevent tampering and protect directory authentication,To address,1.44 / 7,7%,Device,Microsoft Intune,Yes,Yes,MSP Chaos Lab,scid_103,"Everything we have all seen at 02:00: exclusions, stale accounts, mail rules, and hope."
210,Encrypt LDAP client traffic to protect sensitive data in transit,To address,1.66 / 7,7%,Device,Microsoft Intune,Yes,No,MSP Chaos Lab,scid_104,"Everything we have all seen at 02:00: exclusions, stale accounts, mail rules, and hope."
211,Enforce LDAP channel binding to protect authentication sessions from interception,Planned,3.51 / 7,7%,Device,Microsoft Intune,Yes,No,MSP Chaos Lab,scid_105,"Everything we have all seen at 02:00: exclusions, stale accounts, mail rules, and hope."
212,Require LDAP server signing to ensure integrity of directory traffic,Planned,4.89 / 8,8%,Device,Microsoft Intune,Yes,No,MSP Chaos Lab,scid_106,"Everything we have all seen at 02:00: exclusions, stale accounts, mail rules, and hope."
213,Disable Remote Registry Service on Windows,Planned,3.18 / 8,8%,Device,Microsoft Intune,Yes,No,MSP Chaos Lab,scid_108,"Everything we have all seen at 02:00: exclusions, stale accounts, mail rules, and hope."
214,Disable NTLM authentication for Windows,To address,0 / 8,8%,Device,Microsoft Intune,Yes,No,MSP Chaos Lab,scid_109,"Everything we have all seen at 02:00: exclusions, stale accounts, mail rules, and hope."
228,Ensure devices are updated to Secure Boot 2023 certificates and boot manager,To address,2.07 / 7,7%,Device,Microsoft Intune,Yes,No,MSP Chaos Lab,scid_112,"Everything we have all seen at 02:00: exclusions, stale accounts, mail rules, and hope."
33,Enable Automatic Updates,To address,0 / 5,5%,Device,Microsoft Intune,Yes,No,MSP Chaos Lab,scid_15,"Everything we have all seen at 02:00: exclusions, stale accounts, mail rules, and hope."
34,Enable 'Hide Option to Enable or Disable Updates',To address,1.33 / 5,5%,Device,Microsoft Intune,Yes,No,MSP Chaos Lab,scid_16,"Everything we have all seen at 02:00: exclusions, stale accounts, mail rules, and hope."
35,Disable 'Allow running plugins that are outdated',To address,1.85 / 8,8%,Device,Microsoft Intune,Yes,No,MSP Chaos Lab,scid_17,"Everything we have all seen at 02:00: exclusions, stale accounts, mail rules, and hope."
37,Disable 'Continue running background apps when Google Chrome is closed',To address,1.18 / 5,5%,Device,Microsoft Intune,Yes,No,MSP Chaos Lab,scid_19,"Everything we have all seen at 02:00: exclusions, stale accounts, mail rules, and hope."
38,Disable 'AutoFill',Planned,2.82 / 5,5%,Device,Microsoft Intune,Yes,Yes,MSP Chaos Lab,scid_20,"Everything we have all seen at 02:00: exclusions, stale accounts, mail rules, and hope."
99,Turn on Microsoft Defender for Endpoint sensor,To address,0.21 / 10,10%,Device,Microsoft Intune,No,No,MSP Chaos Lab,scid_2000,"Everything we have all seen at 02:00: exclusions, stale accounts, mail rules, and hope."
100,Fix Microsoft Defender for Endpoint sensor data collection,To address,1.81 / 10,10%,Device,Microsoft Intune,Yes,No,MSP Chaos Lab,scid_2001,"Everything we have all seen at 02:00: exclusions, stale accounts, mail rules, and hope."
101,Fix Microsoft Defender for Endpoint impaired communications,To address,0 / 10,10%,Device,Microsoft Intune,Yes,No,MSP Chaos Lab,scid_2002,"Everything we have all seen at 02:00: exclusions, stale accounts, mail rules, and hope."
281,Turn on Tamper Protection,To address,0 / 8,8%,Device,Microsoft Intune,No,Yes,MSP Chaos Lab,scid_2003,"Everything we have all seen at 02:00: exclusions, stale accounts, mail rules, and hope."
167,Enable EDR in block mode,To address,0 / 8,8%,Device,Microsoft Intune,Yes,No,MSP Chaos Lab,scid_2004,"Everything we have all seen at 02:00: exclusions, stale accounts, mail rules, and hope."
102,Turn on Microsoft Defender Antivirus,To address,1.53 / 10,10%,Device,Microsoft Intune,Yes,No,MSP Chaos Lab,scid_2010,"Everything we have all seen at 02:00: exclusions, stale accounts, mail rules, and hope."
103,Update Microsoft Defender Antivirus definitions,Planned,6.08 / 9,9%,Device,Microsoft Intune,No,No,MSP Chaos Lab,scid_2011,"Everything we have all seen at 02:00: exclusions, stale accounts, mail rules, and hope."
104,Turn on real-time protection,To address,1.74 / 10,10%,Device,Microsoft Intune,No,No,MSP Chaos Lab,scid_2012,"Everything we have all seen at 02:00: exclusions, stale accounts, mail rules, and hope."
105,Turn on PUA protection in block mode,Planned,4.36 / 9,9%,Device,Microsoft Intune,Yes,Yes,MSP Chaos Lab,scid_2013,"Everything we have all seen at 02:00: exclusions, stale accounts, mail rules, and hope."
106,Fix Windows Defender Antivirus cloud service connectivity,To address,0 / 8,8%,Device,Microsoft Intune,Yes,Yes,MSP Chaos Lab,scid_2014,"Everything we have all seen at 02:00: exclusions, stale accounts, mail rules, and hope."
288,Enable cloud-delivered protection,To address,0 / 8,8%,Device,Microsoft Intune,No,No,MSP Chaos Lab,scid_2016,"Everything we have all seen at 02:00: exclusions, stale accounts, mail rules, and hope."
108,Turn on all system-level Exploit protection settings,To address,0 / 8,8%,Device,Microsoft Intune,Yes,No,MSP Chaos Lab,scid_2020,"Everything we have all seen at 02:00: exclusions, stale accounts, mail rules, and hope."
109,Set controlled folder access to enabled or audit mode,To address,0.28 / 8,8%,Device,Microsoft Intune,Yes,No,MSP Chaos Lab,scid_2021,"Everything we have all seen at 02:00: exclusions, stale accounts, mail rules, and hope."
207,Update Microsoft Defender for Endpoint core components,To address,0 / 10,10%,Device,Microsoft Intune,Yes,Yes,MSP Chaos Lab,scid_2030,"Everything we have all seen at 02:00: exclusions, stale accounts, mail rules, and hope."
114,Set Microsoft Defender SmartScreen app and file checking to block or warn,To address,0.84 / 9,9%,Device,Microsoft Intune,Yes,Yes,MSP Chaos Lab,scid_2060,"Everything we have all seen at 02:00: exclusions, stale accounts, mail rules, and hope."
115,Set Microsoft Defender SmartScreen Microsoft Edge site and download checking to block or warn,To address,0.3 / 9,9%,Device,Microsoft Intune,Yes,Yes,MSP Chaos Lab,scid_2061,"Everything we have all seen at 02:00: exclusions, stale accounts, mail rules, and hope."
117,Turn on Microsoft Defender Firewall,Completed,9.22 / 10,10%,Device,Microsoft Intune,No,No,MSP Chaos Lab,scid_2070,"Everything we have all seen at 02:00: exclusions, stale accounts, mail rules, and hope."
118,Secure Microsoft Defender Firewall domain profile,Planned,5.04 / 9,9%,Device,Microsoft Intune,Yes,Yes,MSP Chaos Lab,scid_2071,"Everything we have all seen at 02:00: exclusions, stale accounts, mail rules, and hope."
119,Secure Microsoft Defender firewall private profile,To address,2.04 / 9,9%,Device,Microsoft Intune,Yes,No,MSP Chaos Lab,scid_2072,"Everything we have all seen at 02:00: exclusions, stale accounts, mail rules, and hope."
120,Secure Microsoft Defender Firewall public profile,To address,0.1 / 9,9%,Device,Microsoft Intune,Yes,No,MSP Chaos Lab,scid_2073,"Everything we have all seen at 02:00: exclusions, stale accounts, mail rules, and hope."
122,Turn on Microsoft Defender Credential Guard,To address,0.63 / 8,8%,Device,Microsoft Intune,Yes,Yes,MSP Chaos Lab,scid_2080,"Everything we have all seen at 02:00: exclusions, stale accounts, mail rules, and hope."
124,Encrypt all BitLocker-supported drives,To address,0 / 9,9%,Device,Microsoft Intune,Yes,No,MSP Chaos Lab,scid_2090,"Everything we have all seen at 02:00: exclusions, stale accounts, mail rules, and hope."
125,Resume BitLocker protection on all drives,To address,0 / 9,9%,Device,Microsoft Intune,No,No,MSP Chaos Lab,scid_2091,"Everything we have all seen at 02:00: exclusions, stale accounts, mail rules, and hope."
126,Ensure BitLocker drive compatibility,To address,0.45 / 8,8%,Device,Microsoft Intune,Yes,No,MSP Chaos Lab,scid_2093,"Everything we have all seen at 02:00: exclusions, stale accounts, mail rules, and hope."
39,Block webpages from automatically running Flash plugins,Planned,3.13 / 5,5%,Device,Microsoft Intune,Yes,No,MSP Chaos Lab,scid_21,"Everything we have all seen at 02:00: exclusions, stale accounts, mail rules, and hope."
215,Enable UEFI Secure Boot mode,Planned,4.83 / 9,9%,Device,Microsoft Intune,Yes,No,MSP Chaos Lab,scid_2100,"Everything we have all seen at 02:00: exclusions, stale accounts, mail rules, and hope."
40,Disable 'Password Manager',To address,0.28 / 5,5%,Device,Microsoft Intune,Yes,Yes,MSP Chaos Lab,scid_22,"Everything we have all seen at 02:00: exclusions, stale accounts, mail rules, and hope."
41,Enable 'Block third party cookies',To address,0.25 / 2,2%,Device,Microsoft Intune,Yes,No,MSP Chaos Lab,scid_23,"Everything we have all seen at 02:00: exclusions, stale accounts, mail rules, and hope."
42,Set 'Remote Desktop security level' to 'TLS',To address,0 / 8,8%,Device,Microsoft Intune,Yes,No,MSP Chaos Lab,scid_24,"Everything we have all seen at 02:00: exclusions, stale accounts, mail rules, and hope."
43,Enable 'Local Security Authority (LSA) protection',To address,0 / 8,8%,Device,Microsoft Intune,Yes,Yes,MSP Chaos Lab,scid_25,"Everything we have all seen at 02:00: exclusions, stale accounts, mail rules, and hope."
308,Block executable content from email client and webmail,To address,0 / 9,9%,Device,Exchange Online,Yes,No,MSP Chaos Lab,scid_2500,"Everything we have all seen at 02:00: exclusions, stale accounts, mail rules, and hope."
309,Block all Office applications from creating child processes,To address,0 / 9,9%,Device,Microsoft Intune,Yes,No,MSP Chaos Lab,scid_2501,"Everything we have all seen at 02:00: exclusions, stale accounts, mail rules, and hope."
310,Block Office applications from creating executable content,To address,0 / 9,9%,Device,Microsoft Intune,Yes,Yes,MSP Chaos Lab,scid_2502,"Everything we have all seen at 02:00: exclusions, stale accounts, mail rules, and hope."
311,Block Office applications from injecting code into other processes,Planned,3.72 / 9,9%,Device,Microsoft Intune,Yes,No,MSP Chaos Lab,scid_2503,"Everything we have all seen at 02:00: exclusions, stale accounts, mail rules, and hope."
312,Block JavaScript or VBScript from launching downloaded executable content,Planned,3.94 / 9,9%,Device,Microsoft Intune,Yes,Yes,MSP Chaos Lab,scid_2504,"Everything we have all seen at 02:00: exclusions, stale accounts, mail rules, and hope."
313,Block execution of potentially obfuscated scripts,Planned,5.45 / 9,9%,Device,Microsoft Intune,Yes,No,MSP Chaos Lab,scid_2505,"Everything we have all seen at 02:00: exclusions, stale accounts, mail rules, and hope."
314,Block Win32 API calls from Office macros,To address,1.23 / 9,9%,Device,Microsoft Intune,Yes,Yes,MSP Chaos Lab,scid_2506,"Everything we have all seen at 02:00: exclusions, stale accounts, mail rules, and hope."
315,"Block executable files from running unless they meet a prevalence, age, or trusted list criterion",To address,0 / 9,9%,Device,Microsoft Intune,Yes,No,MSP Chaos Lab,scid_2507,"Everything we have all seen at 02:00: exclusions, stale accounts, mail rules, and hope."
316,Use advanced protection against ransomware,To address,0.95 / 9,9%,Device,Microsoft Intune,Yes,Yes,MSP Chaos Lab,scid_2508,"Everything we have all seen at 02:00: exclusions, stale accounts, mail rules, and hope."
126,Block credential stealing from the Windows local security authority subsystem (lsass.exe),To address,0 / 9,9%,Device,Microsoft Intune,Yes,No,MSP Chaos Lab,scid_2509,"Everything we have all seen at 02:00: exclusions, stale accounts, mail rules, and hope."
318,Block process creations originating from PSExec and WMI commands,To address,0 / 9,9%,Device,Microsoft Intune,No,No,MSP Chaos Lab,scid_2510,"Everything we have all seen at 02:00: exclusions, stale accounts, mail rules, and hope."
319,Block untrusted and unsigned processes that run from USB,To address,2.3 / 9,9%,Device,Microsoft Intune,Yes,No,MSP Chaos Lab,scid_2511,"Everything we have all seen at 02:00: exclusions, stale accounts, mail rules, and hope."
320,Block Office communication application from creating child processes,Planned,6.22 / 9,9%,Device,Microsoft Intune,Yes,No,MSP Chaos Lab,scid_2512,"Everything we have all seen at 02:00: exclusions, stale accounts, mail rules, and hope."
321,Block Adobe Reader from creating child processes,Planned,4.78 / 9,9%,Device,Microsoft Intune,Yes,No,MSP Chaos Lab,scid_2513,"Everything we have all seen at 02:00: exclusions, stale accounts, mail rules, and hope."
322,Block persistence through WMI event subscription,Planned,3.29 / 9,9%,Device,Microsoft Intune,Yes,No,MSP Chaos Lab,scid_2514,"Everything we have all seen at 02:00: exclusions, stale accounts, mail rules, and hope."
323,Block abuse of exploited vulnerable signed drivers,To address,2.6 / 9,9%,Device,Microsoft Intune,Yes,No,MSP Chaos Lab,scid_2515,"Everything we have all seen at 02:00: exclusions, stale accounts, mail rules, and hope."
216,Block Webshell creation for Servers,To address,0 / 9,9%,Device,Microsoft Intune,Yes,No,MSP Chaos Lab,scid_2516,"Everything we have all seen at 02:00: exclusions, stale accounts, mail rules, and hope."
217,Block use of copied or impersonated system tools,To address,0 / 9,9%,Device,Microsoft Intune,No,No,MSP Chaos Lab,scid_2517,"Everything we have all seen at 02:00: exclusions, stale accounts, mail rules, and hope."
218,Block rebooting machine in Safe Mode,To address,0 / 9,9%,Device,Microsoft Intune,Yes,No,MSP Chaos Lab,scid_2518,"Everything we have all seen at 02:00: exclusions, stale accounts, mail rules, and hope."
44,Enable 'Safe DLL Search Mode',To address,0.47 / 8,8%,Device,Microsoft Intune,No,No,MSP Chaos Lab,scid_26,"Everything we have all seen at 02:00: exclusions, stale accounts, mail rules, and hope."
45,Set User Account Control (UAC) to automatically deny elevation requests,Planned,4.04 / 8,8%,Device,Microsoft Intune,Yes,Yes,MSP Chaos Lab,scid_27,"Everything we have all seen at 02:00: exclusions, stale accounts, mail rules, and hope."
177,Set 'Interactive logon: Machine inactivity limit' to '1-900 seconds',To address,0.57 / 5,5%,Device,Microsoft Intune,Yes,No,MSP Chaos Lab,scid_28,"Everything we have all seen at 02:00: exclusions, stale accounts, mail rules, and hope."
46,Disable 'Enumerate administrator accounts on elevation',To address,2.32 / 8,8%,Device,Microsoft Intune,Yes,No,MSP Chaos Lab,scid_29,"Everything we have all seen at 02:00: exclusions, stale accounts, mail rules, and hope."
47,Disable 'Insecure guest logons' in SMB,Completed,6.62 / 8,8%,Device,Microsoft Intune,Yes,No,MSP Chaos Lab,scid_30,"Everything we have all seen at 02:00: exclusions, stale accounts, mail rules, and hope."
164,Fix unquoted service path for Windows services,To address,0 / 8,8%,Device,Microsoft Intune,No,Yes,MSP Chaos Lab,scid_3001,"Everything we have all seen at 02:00: exclusions, stale accounts, mail rules, and hope."
165,Change service executable path to a common protected location,To address,0.65 / 8,8%,Device,Microsoft Intune,Yes,Yes,MSP Chaos Lab,scid_3002,"Everything we have all seen at 02:00: exclusions, stale accounts, mail rules, and hope."
166,Change service account to avoid cached password in windows registry,To address,0 / 8,8%,Device,Microsoft Intune,No,No,MSP Chaos Lab,scid_3003,"Everything we have all seen at 02:00: exclusions, stale accounts, mail rules, and hope."
168,Disable the built-in Administrator account,To address,1.42 / 8,8%,Device,Microsoft Intune,Yes,No,MSP Chaos Lab,scid_3010,"Everything we have all seen at 02:00: exclusions, stale accounts, mail rules, and hope."
169,Disable the built-in Guest account,To address,0.26 / 8,8%,Device,Microsoft Intune,Yes,No,MSP Chaos Lab,scid_3011,"Everything we have all seen at 02:00: exclusions, stale accounts, mail rules, and hope."
170,Set 'Minimum password length' to '14 or more characters',Planned,2.24 / 5,5%,Device,Microsoft Intune,Yes,Yes,MSP Chaos Lab,scid_32,"Everything we have all seen at 02:00: exclusions, stale accounts, mail rules, and hope."
171,Set 'Enforce password history' to '24 or more password(s)',Planned,3.69 / 5,5%,Device,Microsoft Intune,Yes,No,MSP Chaos Lab,scid_33,"Everything we have all seen at 02:00: exclusions, stale accounts, mail rules, and hope."
172,"Set 'Maximum password age' to '60 or fewer days, but not 0'",Planned,2.04 / 5,5%,Device,Microsoft Intune,Yes,No,MSP Chaos Lab,scid_34,"Everything we have all seen at 02:00: exclusions, stale accounts, mail rules, and hope."
173,Set 'Minimum password age' to '1 or more day(s)',To address,0.72 / 5,5%,Device,Microsoft Intune,Yes,No,MSP Chaos Lab,scid_35,"Everything we have all seen at 02:00: exclusions, stale accounts, mail rules, and hope."
49,Enable 'Domain member: Require strong (Windows 2000 or later) session key',To address,1.22 / 5,5%,Device,Microsoft Intune,Yes,No,MSP Chaos Lab,scid_36,"Everything we have all seen at 02:00: exclusions, stale accounts, mail rules, and hope."
50,Enable 'Domain member: Digitally encrypt or sign secure channel data (always)',To address,0 / 5,5%,Device,Microsoft Intune,Yes,No,MSP Chaos Lab,scid_37,"Everything we have all seen at 02:00: exclusions, stale accounts, mail rules, and hope."
51,Enable Set 'Domain member: Digitally encrypt secure channel data (when possible)',To address,0 / 5,5%,Device,Microsoft Intune,Yes,No,MSP Chaos Lab,scid_38,"Everything we have all seen at 02:00: exclusions, stale accounts, mail rules, and hope."
52,Enable 'Domain member: Digitally sign secure channel data (when possible)',To address,0 / 5,5%,Device,Microsoft Intune,Yes,No,MSP Chaos Lab,scid_39,"Everything we have all seen at 02:00: exclusions, stale accounts, mail rules, and hope."
53,Disable 'Domain member: Disable machine account password changes',Planned,0.83 / 2,2%,Device,Microsoft Intune,Yes,No,MSP Chaos Lab,scid_40,"Everything we have all seen at 02:00: exclusions, stale accounts, mail rules, and hope."
203,Disallow offline access to shares,Planned,4.02 / 8,8%,Device,Microsoft Intune,Yes,No,MSP Chaos Lab,scid_4000,"Everything we have all seen at 02:00: exclusions, stale accounts, mail rules, and hope."
204,Remove share write permission set to ‘Everyone’,Planned,6.23 / 8,8%,Device,Microsoft Intune,Yes,No,MSP Chaos Lab,scid_4001,"Everything we have all seen at 02:00: exclusions, stale accounts, mail rules, and hope."
205,Remove shares from the root folder,To address,0.64 / 8,8%,Device,Microsoft Intune,Yes,No,MSP Chaos Lab,scid_4002,"Everything we have all seen at 02:00: exclusions, stale accounts, mail rules, and hope."
206,Set folder access-based enumeration for shares,Planned,4.33 / 8,8%,Device,Microsoft Intune,No,Yes,MSP Chaos Lab,scid_4003,"Everything we have all seen at 02:00: exclusions, stale accounts, mail rules, and hope."
175,Set 'Account lockout duration' to 15 minutes or more,To address,1.54 / 6,6%,Device,Microsoft Intune,No,No,MSP Chaos Lab,scid_41,"Everything we have all seen at 02:00: exclusions, stale accounts, mail rules, and hope."
178,Set 'Reset account lockout counter after' to 15 minutes or more,To address,0 / 6,6%,Device,Microsoft Intune,Yes,Yes,MSP Chaos Lab,scid_42,"Everything we have all seen at 02:00: exclusions, stale accounts, mail rules, and hope."
54,Disable Microsoft Defender Firewall notifications when programs are blocked for Domain profile,To address,0 / 2,2%,Device,Microsoft Intune,Yes,No,MSP Chaos Lab,scid_43,"Everything we have all seen at 02:00: exclusions, stale accounts, mail rules, and hope."
176,Set 'Account lockout threshold' to 1-10 invalid login attempts,To address,0 / 6,6%,Device,Microsoft Intune,Yes,No,MSP Chaos Lab,scid_44,"Everything we have all seen at 02:00: exclusions, stale accounts, mail rules, and hope."
202,Set user authentication for remote connections by using Network Level Authentication to 'Enabled',Planned,1.98 / 5,5%,Device,Microsoft Intune,Yes,Yes,MSP Chaos Lab,scid_45,"Everything we have all seen at 02:00: exclusions, stale accounts, mail rules, and hope."
55,Disable Microsoft Defender Firewall notifications when programs are blocked for Private profile,To address,0.25 / 2,2%,Device,Microsoft Intune,Yes,Yes,MSP Chaos Lab,scid_46,"Everything we have all seen at 02:00: exclusions, stale accounts, mail rules, and hope."
56,Disable Microsoft Defender Firewall notifications when programs are blocked for Public profile,To address,0.13 / 2,2%,Device,Microsoft Intune,Yes,No,MSP Chaos Lab,scid_49,"Everything we have all seen at 02:00: exclusions, stale accounts, mail rules, and hope."
57,Disable merging of local Microsoft Defender Firewall rules with group policy firewall rules for the Public profile,Planned,3.12 / 5,5%,Device,Microsoft Intune,Yes,No,MSP Chaos Lab,scid_50,"Everything we have all seen at 02:00: exclusions, stale accounts, mail rules, and hope."
179,Fix Microsoft Defender for Endpoint sensor data collection in macOS,Planned,4.25 / 10,10%,Device,Microsoft Intune,Yes,No,MSP Chaos Lab,scid_5001,"Everything we have all seen at 02:00: exclusions, stale accounts, mail rules, and hope."
180,Fix Microsoft Defender for Endpoint impaired communications in macOS,To address,0 / 10,10%,Device,Microsoft Intune,No,No,MSP Chaos Lab,scid_5002,"Everything we have all seen at 02:00: exclusions, stale accounts, mail rules, and hope."
181,Set minimum password length to 15 or more characters in macOS,To address,0 / 6,6%,Device,Microsoft Intune,Yes,No,MSP Chaos Lab,scid_5003,"Everything we have all seen at 02:00: exclusions, stale accounts, mail rules, and hope."
182,Set 'Enforce password history' to '24 or more password(s)' in macOS,To address,0 / 5,5%,Device,Microsoft Intune,Yes,No,MSP Chaos Lab,scid_5004,"Everything we have all seen at 02:00: exclusions, stale accounts, mail rules, and hope."
183,"Set 'Maximum password age' to '90 or fewer days, but not 0' in macOS",To address,0 / 5,5%,Device,Microsoft Intune,Yes,No,MSP Chaos Lab,scid_5005,"Everything we have all seen at 02:00: exclusions, stale accounts, mail rules, and hope."
184,Set account lockout threshold to 5 or lower in macOS,To address,0.9 / 7,7%,Device,Microsoft Intune,No,No,MSP Chaos Lab,scid_5006,"Everything we have all seen at 02:00: exclusions, stale accounts, mail rules, and hope."
185,Turn on Firewall in macOS,To address,0.17 / 10,10%,Device,Microsoft Intune,Yes,No,MSP Chaos Lab,scid_5007,"Everything we have all seen at 02:00: exclusions, stale accounts, mail rules, and hope."
186,Enable Gatekeeper in macOS,Planned,5.83 / 8,8%,Device,Microsoft Intune,Yes,No,MSP Chaos Lab,scid_5009,"Everything we have all seen at 02:00: exclusions, stale accounts, mail rules, and hope."
187,Enable System Integrity Protection (SIP) in macOS,Planned,4.99 / 7,7%,Device,Microsoft Intune,Yes,No,MSP Chaos Lab,scid_5010,"Everything we have all seen at 02:00: exclusions, stale accounts, mail rules, and hope."
187,Enable FileVault Disk Encryption in macOS,To address,0 / 7,7%,Device,Microsoft Intune,Yes,No,MSP Chaos Lab,scid_5011,"Everything we have all seen at 02:00: exclusions, stale accounts, mail rules, and hope."
189,Ensure screensaver is set to start in 20 minutes or less in macOS,To address,0.48 / 5,5%,Device,Microsoft Intune,Yes,No,MSP Chaos Lab,scid_5013,"Everything we have all seen at 02:00: exclusions, stale accounts, mail rules, and hope."
190,Secure Home Folders in macOS,To address,0 / 6,6%,Device,Microsoft Intune,Yes,No,MSP Chaos Lab,scid_5014,"Everything we have all seen at 02:00: exclusions, stale accounts, mail rules, and hope."
191,Turn on Microsoft Defender Antivirus real-time protection in macOS,To address,0.29 / 10,10%,Device,Microsoft Intune,Yes,No,MSP Chaos Lab,scid_5090,"Everything we have all seen at 02:00: exclusions, stale accounts, mail rules, and hope."
192,Turn on Microsoft Defender Antivirus PUA protection in block mode in macOS,To address,0.14 / 9,9%,Device,Microsoft Intune,Yes,No,MSP Chaos Lab,scid_5091,"Everything we have all seen at 02:00: exclusions, stale accounts, mail rules, and hope."
219,Turn on Tamper Protection for MacOS,To address,0.6 / 8,8%,Device,Microsoft Intune,Yes,No,MSP Chaos Lab,scid_5092,"Everything we have all seen at 02:00: exclusions, stale accounts, mail rules, and hope."
220,Enable Microsoft Defender Antivirus real-time behavior monitoring in macOS,Planned,2.78 / 5,5%,Device,Microsoft Intune,Yes,No,MSP Chaos Lab,scid_5093,"Everything we have all seen at 02:00: exclusions, stale accounts, mail rules, and hope."
193,Enable Microsoft Defender Antivirus cloud-delivered protection in macOS,Planned,2.94 / 8,8%,Device,Microsoft Intune,Yes,No,MSP Chaos Lab,scid_5094,"Everything we have all seen at 02:00: exclusions, stale accounts, mail rules, and hope."
194,Update Microsoft Defender Antivirus definitions in macOS,Planned,3.55 / 9,9%,Device,Microsoft Intune,Yes,No,MSP Chaos Lab,scid_5095,"Everything we have all seen at 02:00: exclusions, stale accounts, mail rules, and hope."
58,Disable merging of local Microsoft Defender Firewall connection rules with group policy firewall rules for the Public profile,To address,0.04 / 5,5%,Device,Microsoft Intune,Yes,No,MSP Chaos Lab,scid_51,"Everything we have all seen at 02:00: exclusions, stale accounts, mail rules, and hope."
59,Enable 'Apply UAC restrictions to local accounts on network logons',To address,0 / 5,5%,Device,Microsoft Intune,Yes,No,MSP Chaos Lab,scid_52,"Everything we have all seen at 02:00: exclusions, stale accounts, mail rules, and hope."
60,Disable SMBv1 client driver,To address,0 / 8,8%,Device,Microsoft Intune,Yes,No,MSP Chaos Lab,scid_53,"Everything we have all seen at 02:00: exclusions, stale accounts, mail rules, and hope."
61,Disable SMBv1 server,To address,0 / 8,8%,Device,Microsoft Intune,Yes,Yes,MSP Chaos Lab,scid_54,"Everything we have all seen at 02:00: exclusions, stale accounts, mail rules, and hope."
174,Disable 'Network access: Let Everyone permissions apply to anonymous users',To address,0.29 / 5,5%,Device,Microsoft Intune,Yes,No,MSP Chaos Lab,scid_55,"Everything we have all seen at 02:00: exclusions, stale accounts, mail rules, and hope."
62,Disable 'WDigest Authentication',To address,0.26 / 5,5%,Device,Microsoft Intune,Yes,No,MSP Chaos Lab,scid_57,"Everything we have all seen at 02:00: exclusions, stale accounts, mail rules, and hope."
63,Disable 'Installation and configuration of Network Bridge on your DNS domain network',Planned,3.53 / 5,5%,Device,Microsoft Intune,Yes,No,MSP Chaos Lab,scid_58,"Everything we have all seen at 02:00: exclusions, stale accounts, mail rules, and hope."
64,Enable 'Require domain users to elevate when setting a network's location',Planned,0.69 / 2,2%,Device,Microsoft Intune,Yes,No,MSP Chaos Lab,scid_59,"Everything we have all seen at 02:00: exclusions, stale accounts, mail rules, and hope."
65,Prohibit use of Internet Connection Sharing on your DNS domain network,To address,0.51 / 5,5%,Device,Microsoft Intune,No,No,MSP Chaos Lab,scid_60,"Everything we have all seen at 02:00: exclusions, stale accounts, mail rules, and hope."
195,Fix Microsoft Defender for Endpoint sensor data collection for Linux,Planned,3.86 / 10,10%,Device,Microsoft Intune,Yes,No,MSP Chaos Lab,scid_6001,"Everything we have all seen at 02:00: exclusions, stale accounts, mail rules, and hope."
196,Fix Microsoft Defender for Endpoint impaired communications for Linux,To address,0.35 / 10,10%,Device,Microsoft Intune,Yes,No,MSP Chaos Lab,scid_6002,"Everything we have all seen at 02:00: exclusions, stale accounts, mail rules, and hope."
197,Unrestricted Access Accounts for Linux,To address,0 / 6,6%,Device,Microsoft Intune,Yes,Yes,MSP Chaos Lab,scid_6014,"Everything we have all seen at 02:00: exclusions, stale accounts, mail rules, and hope."
198,Turn on Microsoft Defender Antivirus real-time protection for Linux,To address,0.24 / 10,10%,Device,Microsoft Intune,Yes,No,MSP Chaos Lab,scid_6090,"Everything we have all seen at 02:00: exclusions, stale accounts, mail rules, and hope."
199,Turn on Microsoft Defender Antivirus PUA protection in block mode for Linux,To address,2.28 / 9,9%,Device,Microsoft Intune,Yes,No,MSP Chaos Lab,scid_6091,"Everything we have all seen at 02:00: exclusions, stale accounts, mail rules, and hope."
221,Turn on Microsoft Defender Antivirus Tamper Protection for Linux,To address,0.11 / 8,8%,Device,Microsoft Intune,Yes,No,MSP Chaos Lab,scid_6092,"Everything we have all seen at 02:00: exclusions, stale accounts, mail rules, and hope."
222,Enable Microsoft Defender Antivirus real-time behavior monitoring for Linux,Planned,2.95 / 5,5%,Device,Microsoft Intune,Yes,No,MSP Chaos Lab,scid_6093,"Everything we have all seen at 02:00: exclusions, stale accounts, mail rules, and hope."
200,Enable Microsoft Defender Antivirus cloud-delivered protection for Linux,Planned,5.78 / 8,8%,Device,Microsoft Intune,Yes,No,MSP Chaos Lab,scid_6094,"Everything we have all seen at 02:00: exclusions, stale accounts, mail rules, and hope."
201,Update Microsoft Defender Antivirus definitions for Linux,To address,2.54 / 9,9%,Device,Microsoft Intune,Yes,Yes,MSP Chaos Lab,scid_6095,"Everything we have all seen at 02:00: exclusions, stale accounts, mail rules, and hope."
66,Set 'Minimum PIN length for startup' to '6 or more characters',To address,1.16 / 5,5%,Device,Microsoft Intune,Yes,Yes,MSP Chaos Lab,scid_61,"Everything we have all seen at 02:00: exclusions, stale accounts, mail rules, and hope."
223,Enable 'Microsoft Defender for Endpoint Plug-in for WSL',To address,0 / 5,5%,Device,Microsoft Intune,Yes,No,MSP Chaos Lab,scid_6100,"Everything we have all seen at 02:00: exclusions, stale accounts, mail rules, and hope."
67,Enable 'Require additional authentication at startup',To address,0.01 / 8,8%,Device,Microsoft Intune,Yes,Yes,MSP Chaos Lab,scid_62,"Everything we have all seen at 02:00: exclusions, stale accounts, mail rules, and hope."
68,Disable 'Configure Offer Remote Assistance',To address,0 / 5,5%,Device,Microsoft Intune,Yes,No,MSP Chaos Lab,scid_63,"Everything we have all seen at 02:00: exclusions, stale accounts, mail rules, and hope."
69,Restrict anonymous access to named pipes and Shares,To address,1.32 / 8,8%,Device,Microsoft Intune,No,No,MSP Chaos Lab,scid_64,"Everything we have all seen at 02:00: exclusions, stale accounts, mail rules, and hope."
70,Disable 'Store LAN Manager hash value on next password change',Planned,5.41 / 8,8%,Device,Microsoft Intune,Yes,Yes,MSP Chaos Lab,scid_65,"Everything we have all seen at 02:00: exclusions, stale accounts, mail rules, and hope."
71,Disable 'Always install with elevated privileges',To address,1.16 / 8,8%,Device,Microsoft Intune,Yes,No,MSP Chaos Lab,scid_66,"Everything we have all seen at 02:00: exclusions, stale accounts, mail rules, and hope."
72,Disable 'Autoplay for non-volume devices',To address,0.61 / 5,5%,Device,Microsoft Intune,Yes,No,MSP Chaos Lab,scid_67,"Everything we have all seen at 02:00: exclusions, stale accounts, mail rules, and hope."
73,Disable 'Anonymous enumeration of SAM accounts',To address,0.31 / 8,8%,Device,Microsoft Intune,Yes,No,MSP Chaos Lab,scid_68,"Everything we have all seen at 02:00: exclusions, stale accounts, mail rules, and hope."
74,Disable 'Autoplay' for all drives,To address,0.19 / 8,8%,Device,Microsoft Intune,No,No,MSP Chaos Lab,scid_69,"Everything we have all seen at 02:00: exclusions, stale accounts, mail rules, and hope."
75,Set default behavior for 'AutoRun' to 'Enabled: Do not execute any autorun commands',To address,0 / 8,8%,Device,Microsoft Intune,Yes,Yes,MSP Chaos Lab,scid_70,"Everything we have all seen at 02:00: exclusions, stale accounts, mail rules, and hope."
76,Enable 'Limit local account use of blank passwords to console logon only',To address,0 / 5,5%,Device,Microsoft Intune,Yes,Yes,MSP Chaos Lab,scid_71,"Everything we have all seen at 02:00: exclusions, stale accounts, mail rules, and hope."
77,Set LAN Manager authentication level to 'Send NTLMv2 response only. Refuse LM & NTLM',To address,0.26 / 8,8%,Device,Microsoft Intune,Yes,Yes,MSP Chaos Lab,scid_72,"Everything we have all seen at 02:00: exclusions, stale accounts, mail rules, and hope."
78,Disable 'Allow Basic authentication' for WinRM Client,To address,0 / 8,8%,Device,Microsoft Intune,Yes,Yes,MSP Chaos Lab,scid_73,"Everything we have all seen at 02:00: exclusions, stale accounts, mail rules, and hope."
79,Disable 'Allow Basic authentication' for WinRM Service,To address,1.16 / 8,8%,Device,Microsoft Intune,Yes,Yes,MSP Chaos Lab,scid_74,"Everything we have all seen at 02:00: exclusions, stale accounts, mail rules, and hope."
80,Disable Flash on Adobe Reader DC,To address,0.04 / 5,5%,Device,Microsoft Intune,Yes,No,MSP Chaos Lab,scid_75,"Everything we have all seen at 02:00: exclusions, stale accounts, mail rules, and hope."
81,Disable JavaScript on Adobe Reader DC,Planned,1.93 / 5,5%,Device,Microsoft Intune,Yes,No,MSP Chaos Lab,scid_76,"Everything we have all seen at 02:00: exclusions, stale accounts, mail rules, and hope."
82,Disable Flash on Adobe Acrobat Pro XI,To address,0 / 5,5%,Device,Microsoft Intune,Yes,Yes,MSP Chaos Lab,scid_77,"Everything we have all seen at 02:00: exclusions, stale accounts, mail rules, and hope."
83,Disable JavaScript on Adobe Acrobat Pro XI,To address,0.07 / 5,5%,Device,Microsoft Intune,Yes,No,MSP Chaos Lab,scid_78,"Everything we have all seen at 02:00: exclusions, stale accounts, mail rules, and hope."
84,Disable running or installing downloaded software with invalid signature,To address,0 / 5,5%,Device,Microsoft Intune,Yes,No,MSP Chaos Lab,scid_79,"Everything we have all seen at 02:00: exclusions, stale accounts, mail rules, and hope."
85,Block Flash activation in Office documents,To address,0 / 5,5%,Device,Microsoft Intune,Yes,Yes,MSP Chaos Lab,scid_80,"Everything we have all seen at 02:00: exclusions, stale accounts, mail rules, and hope."
86,Set IPv6 source routing to highest protection,To address,0.04 / 5,5%,Device,Microsoft Intune,Yes,No,MSP Chaos Lab,scid_81,"Everything we have all seen at 02:00: exclusions, stale accounts, mail rules, and hope."
87,Disable IP source routing,Planned,2.37 / 5,5%,Device,Microsoft Intune,Yes,No,MSP Chaos Lab,scid_82,"Everything we have all seen at 02:00: exclusions, stale accounts, mail rules, and hope."
88,Enable Explorer Data Execution Prevention (DEP),To address,0.76 / 5,5%,Device,Microsoft Intune,Yes,Yes,MSP Chaos Lab,scid_83,"Everything we have all seen at 02:00: exclusions, stale accounts, mail rules, and hope."
90,Block outdated ActiveX controls for Internet Explorer,To address,0.86 / 5,5%,Device,Microsoft Intune,Yes,No,MSP Chaos Lab,scid_85,"Everything we have all seen at 02:00: exclusions, stale accounts, mail rules, and hope."
91,Disable Solicited Remote Assistance,To address,2.4 / 8,8%,Device,Microsoft Intune,Yes,Yes,MSP Chaos Lab,scid_87,"Everything we have all seen at 02:00: exclusions, stale accounts, mail rules, and hope."
92,Disable Anonymous enumeration of shares,To address,0.57 / 8,8%,Device,Microsoft Intune,Yes,No,MSP Chaos Lab,scid_88,"Everything we have all seen at 02:00: exclusions, stale accounts, mail rules, and hope."
92,Enable scanning of removable drives during a full scan,Planned,4.12 / 8,8%,Device,Microsoft Intune,Yes,No,MSP Chaos Lab,scid_89,"Everything we have all seen at 02:00: exclusions, stale accounts, mail rules, and hope."
422,Enable 'Local Machine Zone Lockdown Security',To address,0 / 5,5%,Device,Microsoft Intune,No,No,MSP Chaos Lab,scid_9,"Everything we have all seen at 02:00: exclusions, stale accounts, mail rules, and hope."
93,Enable Microsoft Defender Antivirus email scanning,To address,0 / 9,9%,Device,Exchange Online,Yes,No,MSP Chaos Lab,scid_90,"Everything we have all seen at 02:00: exclusions, stale accounts, mail rules, and hope."
94,Enable Microsoft Defender Antivirus real-time behavior monitoring,To address,0 / 5,5%,Device,Microsoft Intune,Yes,No,MSP Chaos Lab,scid_91,"Everything we have all seen at 02:00: exclusions, stale accounts, mail rules, and hope."
95,Enable Microsoft Defender Antivirus scanning of downloaded files and attachments,To address,1.84 / 10,10%,Device,Microsoft Intune,Yes,No,MSP Chaos Lab,scid_92,"Everything we have all seen at 02:00: exclusions, stale accounts, mail rules, and hope."
96,Disable the local storage of passwords and credentials,Planned,2.01 / 5,5%,Device,Microsoft Intune,Yes,No,MSP Chaos Lab,scid_93,"Everything we have all seen at 02:00: exclusions, stale accounts, mail rules, and hope."
97,Disable sending unencrypted password to third-party SMB servers,Planned,2.86 / 5,5%,Device,Microsoft Intune,Yes,No,MSP Chaos Lab,scid_94,"Everything we have all seen at 02:00: exclusions, stale accounts, mail rules, and hope."
98,Enable 'Microsoft network client: Digitally sign communications (always)',Planned,2.05 / 5,5%,Device,Microsoft Intune,No,No,MSP Chaos Lab,scid_95,"Everything we have all seen at 02:00: exclusions, stale accounts, mail rules, and hope."
429,Enable 'Network Protection',To address,0.71 / 8,8%,Device,Microsoft Intune,Yes,No,MSP Chaos Lab,scid_96,"Everything we have all seen at 02:00: exclusions, stale accounts, mail rules, and hope."
159,Disable JavaScript on Adobe DC,To address,0 / 5,5%,Device,Microsoft Intune,No,Yes,MSP Chaos Lab,scid_97,"Everything we have all seen at 02:00: exclusions, stale accounts, mail rules, and hope."
160,Disable JavaScript on Adobe Reader 2017,To address,0 / 5,5%,Device,Microsoft Intune,Yes,Yes,MSP Chaos Lab,scid_98,"Everything we have all seen at 02:00: exclusions, stale accounts, mail rules, and hope."
161,Disable JavaScript on Adobe Acrobat 2017,To address,0 / 5,5%,Device,Microsoft Intune,Yes,No,MSP Chaos Lab,scid_99,"Everything we have all seen at 02:00: exclusions, stale accounts, mail rules, and hope."
20,Ensure 'Self service password reset enabled' is set to 'All',To address,0.26 / 1,1%,Identity,Microsoft Entra ID,Yes,Yes,MSP Chaos Lab,SelfServicePasswordReset,"Everything we have all seen at 02:00: exclusions, stale accounts, mail rules, and hope."
58,Enable Microsoft Entra ID Identity Protection sign-in risk policies,To address,1.03 / 7,7%,Identity,Microsoft Entra ID,Yes,Yes,MSP Chaos Lab,SigninRiskPolicy,"Everything we have all seen at 02:00: exclusions, stale accounts, mail rules, and hope."
10,Block OneDrive for Business sync from unmanaged devices,To address,0.85 / 3,3%,Apps,SharePoint Online,No,Yes,MSP Chaos Lab,spo_block_onedrive_sync_unmanaged_devices,"Everything we have all seen at 02:00: exclusions, stale accounts, mail rules, and hope."
10,Ensure SharePoint external sharing is managed through domain whitelist/blacklists,Planned,1.85 / 3,3%,Apps,SharePoint Online,Yes,No,MSP Chaos Lab,spo_external_sharing_managed,"Everything we have all seen at 02:00: exclusions, stale accounts, mail rules, and hope."
10,Ensure that SharePoint guest users cannot share items they don't own,To address,0.82 / 3,3%,Identity,SharePoint Online,No,No,MSP Chaos Lab,spo_external_users_sharing,"Everything we have all seen at 02:00: exclusions, stale accounts, mail rules, and hope."
128,Sign out inactive users in SharePoint Online,To address,0 / 1,1%,Identity,SharePoint Online,Yes,No,MSP Chaos Lab,spo_idle_session_timeout,"Everything we have all seen at 02:00: exclusions, stale accounts, mail rules, and hope."
128,Ensure modern authentication for SharePoint applications is required,To address,0 / 1,1%,Identity,SharePoint Online,Yes,No,MSP Chaos Lab,spo_legacy_auth,"Everything we have all seen at 02:00: exclusions, stale accounts, mail rules, and hope."
10,Ensure that Sways cannot be shared with people outside of your organization,To address,0 / 3,3%,Apps,SWAY,No,No,MSP Chaos Lab,sway_block_sharing_with_outside_users,"Everything we have all seen at 02:00: exclusions, stale accounts, mail rules, and hope."
59,Enable Microsoft Entra ID Identity Protection user risk policies,To address,0 / 7,7%,Identity,Microsoft Entra ID,Yes,No,MSP Chaos Lab,UserRiskPolicy,"Everything we have all seen at 02:00: exclusions, stale accounts, mail rules, and hope."
