Rank,Recommended action,Status,Points achieved,Score impact,Category,Product,Have license?,Regressed,Tenant,Control ID,Notes
10,Ensure Administrative accounts are separate and cloud-only,Completed,2.76 / 3,3%,Identity,Microsoft Entra ID,Yes,No,Northwind Finance,aad_admin_accounts_separate_unassigned_cloud_only,Strong governance with a few legacy exceptions and pending collaboration controls.
10,Ensure the admin consent workflow is enabled,Completed,4.74 / 5,5%,Identity,Microsoft Entra ID,Yes,No,Northwind Finance,aad_admin_consent_workflow,Strong governance with a few legacy exceptions and pending collaboration controls.
10,Ensure custom banned passwords lists are used,To address,0.03 / 5,5%,Identity,Microsoft Entra ID,Yes,No,Northwind Finance,aad_custom_banned_passwords,Strong governance with a few legacy exceptions and pending collaboration controls.
10,Ensure 'Microsoft Azure Management' is limited to administrative roles,Completed,2.78 / 3,3%,Identity,Microsoft Entra ID,Yes,No,Northwind Finance,aad_limited_administrative_roles,Strong governance with a few legacy exceptions and pending collaboration controls.
10,Ensure 'LinkedIn account connections' is disabled,Completed,2.86 / 3,3%,Identity,Microsoft Entra ID,Yes,No,Northwind Finance,aad_linkedin_connection_disables,Strong governance with a few legacy exceptions and pending collaboration controls.
10,Ensure that only organizationally managed/approved public groups exist,Planned,2.43 / 3,3%,Identity,Microsoft Entra ID,Yes,No,Northwind Finance,aad_managed_approved_public_groups_only,Strong governance with a few legacy exceptions and pending collaboration controls.
10,Ensure password protection is enabled for on-prem Active Directory,Planned,4.61 / 6,6%,Identity,Microsoft Entra ID,Yes,Yes,Northwind Finance,aad_password_protection,Strong governance with a few legacy exceptions and pending collaboration controls.
10,Ensure 'Phishing-resistant MFA strength' is required for Administrators,Completed,6.19 / 7,7%,Identity,Microsoft Entra ID,Yes,No,Northwind Finance,aad_phishing_MFA_strength,Strong governance with a few legacy exceptions and pending collaboration controls.
10,Ensure Sign-in frequency is enabled and browser sessions are not persistent for Administrative users,Completed,4.7 / 5,5%,Identity,Microsoft Entra ID,Yes,No,Northwind Finance,aad_sign_in_freq_session_timeout,Strong governance with a few legacy exceptions and pending collaboration controls.
10,Ensure third party integrated applications are not allowed,Completed,4.75 / 5,5%,Identity,Microsoft Entra ID,Yes,No,Northwind Finance,aad_third_party_apps,Strong governance with a few legacy exceptions and pending collaboration controls.
65,Locate accounts in built-in Operator Groups,Completed,7.44 / 8,8%,Identity,Microsoft Entra ID,Yes,No,Northwind Finance,AATP_AccountsInOperatorGroups,Strong governance with a few legacy exceptions and pending collaboration controls.
65,Accounts with non-default Primary Group ID,Completed,5 / 5,5%,Identity,Microsoft Entra ID,Yes,No,Northwind Finance,AATP_AccountsWithNonDefaultPrimaryGroup,Strong governance with a few legacy exceptions and pending collaboration controls.
65,Change password for accounts with leaked credentials,Completed,4.38 / 5,5%,Identity,Microsoft Entra ID,Yes,No,Northwind Finance,AATP_AccountWithLeakedCredentials,Strong governance with a few legacy exceptions and pending collaboration controls.
65,Change password for on-prem account with potentially leaked credentials,To address,1.46 / 5,5%,Identity,Microsoft Entra ID,Yes,No,Northwind Finance,AATP_AdAccountWithPotentiallyLeakedCredentials,Strong governance with a few legacy exceptions and pending collaboration controls.
65,Prevent Certificate Enrollment with arbitrary Application Policies (ESC15),Completed,4.29 / 5,5%,Identity,Microsoft Entra ID,Yes,No,Northwind Finance,AATP_ADCSCertificateTemplateArbitraryAppPolicies,Strong governance with a few legacy exceptions and pending collaboration controls.
65,Prevent users to request a certificate valid for arbitrary users based on the certificate template (ESC1),Planned,3.97 / 5,5%,Identity,Microsoft Entra ID,Yes,No,Northwind Finance,AATP_ADCSCertificateTemplateEnrolementSuppliesSubject,Strong governance with a few legacy exceptions and pending collaboration controls.
65,Install Defender for Identity Sensor on ADCS servers,To address,1.15 / 4,4%,Identity,Microsoft Entra ID,Yes,No,Northwind Finance,AATP_AdcsComputersWithNoMdiSensorInstalled,Strong governance with a few legacy exceptions and pending collaboration controls.
65,Edit insecure certificate enrollment IIS endpoints (ESC8),Completed,4.69 / 5,5%,Identity,Microsoft Intune,Yes,No,Northwind Finance,AATP_ADCSInsecureCertificateEnrollmentIisEndpoints,Strong governance with a few legacy exceptions and pending collaboration controls.
65,Edit misconfigured Certificate Authority ACL (ESC7),Completed,5 / 5,5%,Identity,Microsoft Entra ID,Yes,No,Northwind Finance,AATP_ADCSMisconfiguredCertificateAuthorityAcl,Strong governance with a few legacy exceptions and pending collaboration controls.
65,Edit misconfigured certificate templates ACL (ESC4),Completed,4.84 / 5,5%,Identity,Microsoft Entra ID,Yes,No,Northwind Finance,AATP_ADCSMisconfiguredCertificateTemplateAcl,Strong governance with a few legacy exceptions and pending collaboration controls.
60,Edit overly permissive Certificate Template with privileged EKU (Any purpose EKU or No EKU) (ESC2),Completed,4.86 / 5,5%,Identity,Microsoft Entra ID,Yes,No,Northwind Finance,AATP_ADCSMisconfiguredCertificateTemplateEku,Strong governance with a few legacy exceptions and pending collaboration controls.
65,Edit misconfigured enrollment agent certificate template (ESC3),Completed,4.61 / 5,5%,Identity,Microsoft Entra ID,Yes,No,Northwind Finance,AATP_ADCSMisconfiguredCertificateTemplateEnrollmentAgent,Strong governance with a few legacy exceptions and pending collaboration controls.
65,Edit misconfigured certificate templates owner (ESC4),Planned,4.1 / 5,5%,Identity,Microsoft Entra ID,Yes,No,Northwind Finance,AATP_ADCSMisconfiguredCertificateTemplateOwner,Strong governance with a few legacy exceptions and pending collaboration controls.
65,Enforce encryption for RPC certificate enrollment interface (ESC8),Completed,4.2 / 5,5%,Identity,Microsoft Entra ID,Yes,No,Northwind Finance,AATP_ADCSMisconfiguredRpcEnrollmentSigning,Strong governance with a few legacy exceptions and pending collaboration controls.
65,Edit vulnerable Certificate Authority setting (ESC6),Completed,4.76 / 5,5%,Identity,Microsoft Entra ID,Yes,No,Northwind Finance,AATP_ADCSSanSpecifiedByUserEnabled,Strong governance with a few legacy exceptions and pending collaboration controls.
65,Install Defender for Identity Sensor on ADFS servers,Completed,3.69 / 4,4%,Identity,Microsoft Entra ID,Yes,No,Northwind Finance,AATP_AdfsComputersWithNoMdiSensorInstalled,Strong governance with a few legacy exceptions and pending collaboration controls.
67,Remove access rights on suspicious accounts with the Admin SDHolder permission,Completed,5 / 5,5%,Identity,Microsoft Entra ID,Yes,No,Northwind Finance,AATP_AdminSDHolder,Strong governance with a few legacy exceptions and pending collaboration controls.
65,Change password for Entra seamless SSO account,Completed,4.4 / 5,5%,Identity,Microsoft Entra ID,Yes,No,Northwind Finance,AATP_AzureSsoAccountOldPasswords,Strong governance with a few legacy exceptions and pending collaboration controls.
65,Change password of built-in domain Administrator account,Completed,5 / 5,5%,Identity,Microsoft Entra ID,Yes,No,Northwind Finance,AATP_BuiltinAdministratorAccountWithOldPassword,Strong governance with a few legacy exceptions and pending collaboration controls.
65,Built-in Active Directory Guest account is enabled,Completed,5 / 5,5%,Identity,Microsoft Entra ID,Yes,No,Northwind Finance,AATP_BuiltinGuestAccountIsEnabled,Strong governance with a few legacy exceptions and pending collaboration controls.
65,Change password for krbtgt account,Completed,4.44 / 5,5%,Identity,Microsoft Entra ID,Yes,No,Northwind Finance,AATP_BuiltinKrbtgtAccountWithOldPassword,Strong governance with a few legacy exceptions and pending collaboration controls.
67,Stop clear text credentials exposure,To address,0.32 / 5,5%,Identity,Microsoft Entra ID,Yes,No,Northwind Finance,AATP_ClearText,Strong governance with a few legacy exceptions and pending collaboration controls.
65,Remove stale CyberArk Identity privileged accounts,Planned,3.9 / 5,5%,Identity,Microsoft Entra ID,Yes,No,Northwind Finance,AATP_CyberArk_DormantPriviledgedAccounts,Strong governance with a few legacy exceptions and pending collaboration controls.
65,High number of CyberArk Identity accounts with a privileged role assigned,Planned,3.74 / 5,5%,Identity,Microsoft Entra ID,Yes,No,Northwind Finance,AATP_CyberArk_HighNumberOfPriviledgedIdentityAccounts,Strong governance with a few legacy exceptions and pending collaboration controls.
65,Limit the number of CyberArk Identity accounts with system admin role,Completed,4.84 / 5,5%,Identity,Microsoft Entra ID,Yes,No,Northwind Finance,AATP_CyberArk_HighNumberOfSystemAdmins,Strong governance with a few legacy exceptions and pending collaboration controls.
65,Change password for CyberArk Identity privileged User accounts,Completed,5.85 / 6,6%,Identity,Microsoft Entra ID,Yes,No,Northwind Finance,AATP_CyberArk_PriviledgedUserAccountsWithOldPasswords,Strong governance with a few legacy exceptions and pending collaboration controls.
59,"Start your Defender for Identity deployment, installing Sensors on Domain Controllers and other eligible servers.",Completed,4.72 / 5,5%,Identity,Microsoft Entra ID,Yes,No,Northwind Finance,AATP_DefenderForIdentityIsNotInstalled,Strong governance with a few legacy exceptions and pending collaboration controls.
65,Unsafe permissions on the DnsAdmins group,Completed,8 / 8,8%,Identity,Microsoft Entra ID,Yes,No,Northwind Finance,AATP_DnsAdminsGroupWithUnsafePermissions,Strong governance with a few legacy exceptions and pending collaboration controls.
65,Remove local admins on identity assets,Completed,4.51 / 5,5%,Identity,Microsoft Entra ID,Yes,No,Northwind Finance,AATP_DomainControllerLocalUsers,Strong governance with a few legacy exceptions and pending collaboration controls.
65,Change Domain Controller computer account old password,To address,0.59 / 5,5%,Identity,Microsoft Entra ID,Yes,No,Northwind Finance,AATP_DomainControllersWithOldPassword,Strong governance with a few legacy exceptions and pending collaboration controls.
67,Remove dormant accounts from sensitive groups,Planned,3.82 / 5,5%,Identity,Microsoft Entra ID,Yes,No,Northwind Finance,AATP_DormantAccounts,Strong governance with a few legacy exceptions and pending collaboration controls.
65,Rotate password for Entra Connect AD DS Connector account,Planned,2.37 / 3,3%,Identity,Microsoft Entra ID,Yes,No,Northwind Finance,AATP_EntraConnectAccountsOldPasswords,Strong governance with a few legacy exceptions and pending collaboration controls.
65,Replace Enterprise or Domain Admin account for Entra Connect AD DS Connector account,Completed,2.64 / 3,3%,Identity,Microsoft Entra ID,Yes,No,Northwind Finance,AATP_EntraConnectAccountsWithConnectorAccountAsDefaultAdmin,Strong governance with a few legacy exceptions and pending collaboration controls.
65,Remove unnecessary replication permissions for Entra Connect AD DS Connector Account,Completed,6.7 / 8,8%,Identity,Microsoft Entra ID,Yes,No,Northwind Finance,AATP_EntraConnectAccountUnnecessaryReplicationPermission,Strong governance with a few legacy exceptions and pending collaboration controls.
65,Install Defender for Identity Sensor on Entra Connect servers,To address,0.89 / 4,4%,Identity,Microsoft Entra ID,Yes,No,Northwind Finance,AATP_EntraConnectComputersWithNoMdiSensorInstalled,Strong governance with a few legacy exceptions and pending collaboration controls.
65,Remove unsafe permissions on sensitive Entra Connect accounts,Completed,8.41 / 9,9%,Identity,Microsoft Entra ID,Yes,No,Northwind Finance,AATP_EntraConnectSensitiveAccountsWithUnsafePermissions,Strong governance with a few legacy exceptions and pending collaboration controls.
65,Remove discoverable passwords in Active Directory account attributes,Completed,7.61 / 8,8%,Identity,Microsoft Entra ID,Yes,No,Northwind Finance,AATP_ExposedPasswordsInADAttributes,Strong governance with a few legacy exceptions and pending collaboration controls.
65,Set a valid password rotation interval for gMSA,Completed,5.29 / 6,6%,Identity,Microsoft Entra ID,Yes,No,Northwind Finance,AATP_GroupManagedServiceAccountWithUnrecommendedPasswordChangeInterval,Strong governance with a few legacy exceptions and pending collaboration controls.
65,GPO can be modified by unprivileged accounts,Completed,4.64 / 5,5%,Identity,Microsoft Entra ID,Yes,No,Northwind Finance,AATP_GroupPolicyAbnormalModificationAssignment,Strong governance with a few legacy exceptions and pending collaboration controls.
65,GPO assigns unprivileged identities to local groups with elevated privileges,Completed,7 / 7,7%,Identity,Microsoft Entra ID,Yes,No,Northwind Finance,AATP_GroupPolicyAssignsUnprivilegedIdentitiesToElevatedLocalGroups,Strong governance with a few legacy exceptions and pending collaboration controls.
65,Reversible passwords found in GPOs,Planned,6.45 / 8,8%,Identity,Microsoft Entra ID,Yes,No,Northwind Finance,AATP_GroupPolicyPasswordInPreferences,Strong governance with a few legacy exceptions and pending collaboration controls.
61,Set a honeytoken account,Completed,0.87 / 1,1%,Identity,Microsoft Entra ID,Yes,No,Northwind Finance,AATP_HoneyToken,Strong governance with a few legacy exceptions and pending collaboration controls.
65,Remove stale service accounts,Completed,4.43 / 5,5%,Identity,Microsoft Entra ID,Yes,No,Northwind Finance,AATP_InactiveServiceAccounts,Strong governance with a few legacy exceptions and pending collaboration controls.
67,Modify unsecure Kerberos delegations to prevent impersonation,Completed,4.28 / 5,5%,Identity,Microsoft Entra ID,Yes,No,Northwind Finance,AATP_KerberosDelegations,Strong governance with a few legacy exceptions and pending collaboration controls.
66,Remove non-admin accounts with DCSync permissions,Completed,4.65 / 5,5%,Identity,Microsoft Entra ID,Yes,No,Northwind Finance,AATP_NonAdminDCSyncAccounts,Strong governance with a few legacy exceptions and pending collaboration controls.
65,Remove dormant Okta privileged accounts,Planned,1.84 / 5,5%,Identity,Microsoft Entra ID,Yes,No,Northwind Finance,AATP_Okta_Dormant,Strong governance with a few legacy exceptions and pending collaboration controls.
65,High number of Okta accounts with privileged role assigned,Completed,5 / 5,5%,Identity,Microsoft Entra ID,Yes,No,Northwind Finance,AATP_Okta_HighNumberOfNonSuperAdminPrivilegedUserAccounts,Strong governance with a few legacy exceptions and pending collaboration controls.
65,Limit the Number of Okta Super Admins Accounts,To address,0.74 / 5,5%,Identity,Microsoft Entra ID,Yes,No,Northwind Finance,AATP_Okta_HighNumberOfSuperAdmins,Strong governance with a few legacy exceptions and pending collaboration controls.
65,Change password for Okta privileged User accounts,Completed,5.27 / 6,6%,Identity,Microsoft Entra ID,Yes,No,Northwind Finance,AATP_Okta_SensitiveAccountWithOldPassword,Strong governance with a few legacy exceptions and pending collaboration controls.
65,Assign multi-factor authentication for Okta privileged user accounts,Planned,4.07 / 5,5%,Identity,Microsoft Entra ID,Yes,No,Northwind Finance,AATP_Okta_SensitiveAccountWithoutFactorsAssigned,Strong governance with a few legacy exceptions and pending collaboration controls.
65,Highly Privileged Okta Api Token,Planned,3.89 / 5,5%,Identity,Microsoft Entra ID,Yes,No,Northwind Finance,AATP_Okta_SensitiveApiToken,Strong governance with a few legacy exceptions and pending collaboration controls.
67,Reduce lateral movement path risk to sensitive entities,Completed,4.48 / 5,5%,Identity,Microsoft Entra ID,Yes,No,Northwind Finance,AATP_PathRisk,Strong governance with a few legacy exceptions and pending collaboration controls.
65,Remove stale PingOne privileged accounts,To address,0.99 / 5,5%,Identity,Microsoft Entra ID,Yes,Yes,Northwind Finance,AATP_Ping_Dormant,Strong governance with a few legacy exceptions and pending collaboration controls.
65,High number of PingOne accounts with a privileged role assigned,Completed,5 / 5,5%,Identity,Microsoft Entra ID,Yes,No,Northwind Finance,AATP_Ping_HighNumberOfNonSuperAdminPrivilegedUserAccounts,Strong governance with a few legacy exceptions and pending collaboration controls.
65,Limit the number of PingOne accounts with organization admin role,Completed,4.71 / 5,5%,Identity,Microsoft Entra ID,Yes,No,Northwind Finance,AATP_Ping_HighNumberOfSuperAdmins,Strong governance with a few legacy exceptions and pending collaboration controls.
65,Change password for PingOne privileged User accounts,Completed,5.85 / 6,6%,Identity,Microsoft Entra ID,Yes,No,Northwind Finance,AATP_Ping_SensitiveAccountWithOldPassword,Strong governance with a few legacy exceptions and pending collaboration controls.
65,Assign multi-factor authentication for PingOne privileged user accounts,Planned,4.05 / 5,5%,Identity,Microsoft Entra ID,Yes,No,Northwind Finance,AATP_Ping_SensitiveAccountWithoutFactorsAssigned,Strong governance with a few legacy exceptions and pending collaboration controls.
67,Disable Print spooler service on domain controllers,Completed,4.31 / 5,5%,Identity,Microsoft Entra ID,Yes,No,Northwind Finance,AATP_PrintSpooler,Strong governance with a few legacy exceptions and pending collaboration controls.
65,Ensure privileged accounts are not delegated,Completed,4.22 / 5,5%,Identity,Microsoft Entra ID,Yes,No,Northwind Finance,AATP_PrivilegedAccountsWithDelegationAllowed,Strong governance with a few legacy exceptions and pending collaboration controls.
65,Identify Entra ID privileged accounts that are also privileged in Active Directory,Completed,8 / 9,9%,Identity,Microsoft Entra ID,Yes,No,Northwind Finance,AATP_PrivilegedEntraIdAndActiveDirectoryAccounts,Strong governance with a few legacy exceptions and pending collaboration controls.
67,Protect and manage local admin passwords with Microsoft LAPS,Completed,4.93 / 5,5%,Identity,Microsoft Entra ID,Yes,No,Northwind Finance,AATP_PwdLAPS,Strong governance with a few legacy exceptions and pending collaboration controls.
65,Remove stale SailPoint privileged accounts,Completed,4.39 / 5,5%,Identity,Microsoft Entra ID,Yes,No,Northwind Finance,AATP_SailPoint_DormantPriviledgedAccounts,Strong governance with a few legacy exceptions and pending collaboration controls.
65,High number of SailPoint accounts with a privileged role assigned,Completed,4.95 / 5,5%,Identity,Microsoft Entra ID,Yes,No,Northwind Finance,AATP_SailPoint_HighNumberOfPriviledgedIdentityAccounts,Strong governance with a few legacy exceptions and pending collaboration controls.
65,Limit the number of SailPoint accounts with system admin role,Completed,5 / 5,5%,Identity,Microsoft Entra ID,Yes,No,Northwind Finance,AATP_SailPoint_HighNumberOfSystemAdmins,Strong governance with a few legacy exceptions and pending collaboration controls.
65,Assign multi-factor authentication for SailPoint privileged user accounts,Completed,4.93 / 5,5%,Identity,Microsoft Entra ID,Yes,No,Northwind Finance,AATP_SailPoint_MFAforPriviledgedUserAccounts,Strong governance with a few legacy exceptions and pending collaboration controls.
65,Change password for SailPoint privileged User accounts,Completed,4.38 / 5,5%,Identity,Microsoft Entra ID,Yes,No,Northwind Finance,AATP_SailPoint_PriviledgedUserAccountsWithOldPasswords,Strong governance with a few legacy exceptions and pending collaboration controls.
60,Install Defender for Identity Sensor on all Domain Controllers,Planned,3.13 / 4,4%,Identity,Microsoft Entra ID,Yes,No,Northwind Finance,AATP_Sensor,Strong governance with a few legacy exceptions and pending collaboration controls.
65,Identify service accounts in privileged groups,Completed,6.09 / 7,7%,Identity,Microsoft Entra ID,Yes,No,Northwind Finance,AATP_ServiceAccountsInPrivilegedGroup,Strong governance with a few legacy exceptions and pending collaboration controls.
67,Remove unsecure SID history attributes from entities,Completed,4.27 / 5,5%,Identity,Microsoft Entra ID,Yes,No,Northwind Finance,AATP_SIDHistory,Strong governance with a few legacy exceptions and pending collaboration controls.
65,Rotate old password for sMSA and set up valid rotation interval in the GPO,Completed,5.38 / 6,6%,Identity,Microsoft Entra ID,Yes,No,Northwind Finance,AATP_SingleManagedServiceAccountsWithOldPassword,Strong governance with a few legacy exceptions and pending collaboration controls.
65,Remove stale Active Directory accounts,Completed,4.35 / 5,5%,Identity,Microsoft Entra ID,Yes,No,Northwind Finance,AATP_StaleAccounts,Strong governance with a few legacy exceptions and pending collaboration controls.
67,Resolve unsecure account attributes,Completed,4.5 / 5,5%,Identity,Microsoft Entra ID,Yes,No,Northwind Finance,AATP_UnsecureAccount,Strong governance with a few legacy exceptions and pending collaboration controls.
60,Resolve unsecure domain configurations,Completed,4.33 / 5,5%,Identity,Microsoft Entra ID,Yes,No,Northwind Finance,AATP_UnsecureDomain,Strong governance with a few legacy exceptions and pending collaboration controls.
63,Configure VPN integration,Completed,0.87 / 1,1%,Identity,Microsoft Entra ID,Yes,No,Northwind Finance,AATP_Vpn,Strong governance with a few legacy exceptions and pending collaboration controls.
67,Stop weak cipher usage,Planned,4.01 / 5,5%,Identity,Microsoft Entra ID,Yes,No,Northwind Finance,AATP_WeakCipher,Strong governance with a few legacy exceptions and pending collaboration controls.
10,Ensure 'User owned apps and services' is restricted,Planned,2.21 / 3,3%,Identity,Microsoft Entra ID,Yes,No,Northwind Finance,admincenter_owned_apps_and_services,Strong governance with a few legacy exceptions and pending collaboration controls.
1,Ensure multifactor authentication is enabled for all users in administrative roles,Completed,8.72 / 10,10%,Identity,Microsoft Entra ID,Yes,No,Northwind Finance,AdminMFAV2,Strong governance with a few legacy exceptions and pending collaboration controls.
9,Regulate cloud app access to sensitive data,Completed,6.01 / 7,7%,Apps,AppG,Yes,No,Northwind Finance,AppG_regulate_access_to_sensitive_data,Strong governance with a few legacy exceptions and pending collaboration controls.
10,Regulate apps with priority account consent,Completed,6.8 / 7,7%,Apps,AppG,Yes,No,Northwind Finance,AppG_unusual_activity_with_priority_account,Strong governance with a few legacy exceptions and pending collaboration controls.
68,Enable Conditional Access policies to block legacy authentication,Completed,7.47 / 8,8%,Identity,Microsoft Entra ID,Yes,No,Northwind Finance,BlockLegacyAuthentication,Strong governance with a few legacy exceptions and pending collaboration controls.
127,Ensure the customer lockbox feature is enabled,Completed,1 / 1,1%,Apps,Exchange Online,Yes,No,Northwind Finance,CustomerLockBoxEnabled,Strong governance with a few legacy exceptions and pending collaboration controls.
128,Ensure DLP policies are enabled,Completed,4.94 / 5,5%,Data,MIP,Yes,No,Northwind Finance,dlp_datalossprevention,Strong governance with a few legacy exceptions and pending collaboration controls.
128,Ensure 'External sharing' of calendars is not available,Completed,4.3 / 5,5%,Apps,Exchange Online,Yes,No,Northwind Finance,exo_individualsharing,Strong governance with a few legacy exceptions and pending collaboration controls.
10,Ensure mailbox auditing for all users is Enabled,Planned,2.42 / 3,3%,Apps,Exchange Online,Yes,No,Northwind Finance,exo_mailboxaudit,Strong governance with a few legacy exceptions and pending collaboration controls.
10,Ensure MailTips are enabled for end users,Planned,2.32 / 3,3%,Apps,Exchange Online,Yes,No,Northwind Finance,exo_mailtipsenabled,Strong governance with a few legacy exceptions and pending collaboration controls.
10,Ensure modern authentication for Exchange Online is enabled,Planned,2.45 / 3,3%,Identity,Exchange Online,Yes,No,Northwind Finance,exo_oauth2clientprofileenabled,Strong governance with a few legacy exceptions and pending collaboration controls.
10,Ensure users installing Outlook add-ins is not allowed,Completed,2.79 / 3,3%,Apps,Exchange Online,Yes,No,Northwind Finance,exo_outlookaddins,Strong governance with a few legacy exceptions and pending collaboration controls.
10,Ensure that SPF records are published for all Exchange Domains,Completed,4.87 / 5,5%,Apps,Exchange Online,Yes,No,Northwind Finance,exo_SPF_records_for_all_domains,Strong governance with a few legacy exceptions and pending collaboration controls.
10,Ensure additional storage providers are restricted in Outlook on the web,Completed,5 / 5,5%,Apps,Exchange Online,Yes,No,Northwind Finance,exo_storageproviderrestricted,Strong governance with a few legacy exceptions and pending collaboration controls.
128,Ensure Spam confidence level (SCL) is configured in mail transport rules with specific domains,Completed,2.94 / 3,3%,Apps,Exchange Online,Yes,No,Northwind Finance,exo_transportrulesallowlistdomains,Strong governance with a few legacy exceptions and pending collaboration controls.
10,Ensure internal phishing protection for Forms is enabled,Completed,5.58 / 6,6%,Apps,FORMS,Yes,No,Northwind Finance,forms_phishing_protection,Strong governance with a few legacy exceptions and pending collaboration controls.
35,Ensure user consent to apps accessing company data on their behalf is not allowed,Planned,3.25 / 4,4%,Identity,Microsoft Entra ID,Yes,No,Northwind Finance,IntegratedApps,Strong governance with a few legacy exceptions and pending collaboration controls.
10,Ensure Microsoft Defender for Cloud Apps is enabled and configured,Planned,4.01 / 5,5%,Apps,Microsoft Defender,Yes,No,Northwind Finance,mcas_mda_enabled,Strong governance with a few legacy exceptions and pending collaboration controls.
82,Deploy a log collector to discover shadow IT activity,Planned,0.73 / 1,1%,Apps,MCAS,Yes,No,Northwind Finance,McasFirewallLogUpload,Strong governance with a few legacy exceptions and pending collaboration controls.
10,Enable multi-factor authentication (MFA),Planned,5.7 / 7,7%,Identity,Microsoft Entra ID,Yes,No,Northwind Finance,MDA_Atlassian_EnableTwoFactorAuth,Strong governance with a few legacy exceptions and pending collaboration controls.
10,Enable Single Sing On (SSO),Completed,7 / 7,7%,Identity,Microsoft Entra ID,Yes,No,Northwind Finance,MDA_Atlassian_ForceSSO,Strong governance with a few legacy exceptions and pending collaboration controls.
10,Enable session timeout for web users,Completed,5.34 / 6,6%,Identity,Microsoft Entra ID,Yes,No,Northwind Finance,MDA_Atlassian_InactiveTimeoutMins,Strong governance with a few legacy exceptions and pending collaboration controls.
10,Atlassian mobile app security - App access requirement,Completed,5.97 / 6,6%,Identity,Microsoft Entra ID,Yes,No,Northwind Finance,MDA_Atlassian_mobile_access,Strong governance with a few legacy exceptions and pending collaboration controls.
10,Atlassian mobile app security - App data protection,To address,1.17 / 6,6%,Apps,MDA_Atlassian,Yes,No,Northwind Finance,MDA_Atlassian_mobile_dataprotection,Strong governance with a few legacy exceptions and pending collaboration controls.
10,Atlassian mobile app security - Users that are affected by policies,Completed,2.96 / 3,3%,Identity,Microsoft Entra ID,Yes,No,Northwind Finance,MDA_Atlassian_mobile_UsersAffected,Strong governance with a few legacy exceptions and pending collaboration controls.
10,Enable Password expiration policies,Completed,5 / 6,6%,Identity,Microsoft Entra ID,Yes,No,Northwind Finance,MDA_Atlassian_passwordExpiry,Strong governance with a few legacy exceptions and pending collaboration controls.
10,Enable multi-factor authentication (MFA),Planned,3.43 / 7,7%,Identity,Microsoft Entra ID,Yes,No,Northwind Finance,MDA_CitrixSF_EnableTwoFactorAuth,Strong governance with a few legacy exceptions and pending collaboration controls.
10,Enable Single Sign on (SSO),Completed,6.01 / 7,7%,Identity,Microsoft Entra ID,Yes,No,Northwind Finance,MDA_CitrixSF_ForceSSO,Strong governance with a few legacy exceptions and pending collaboration controls.
10,Enable session timeout for web users,Completed,5.01 / 6,6%,Identity,Microsoft Entra ID,Yes,No,Northwind Finance,MDA_CitrixSF_InactiveTimeoutMins,Strong governance with a few legacy exceptions and pending collaboration controls.
10,Enhance 'login maximum attempts' - Lockout timer,Completed,5.03 / 6,6%,Identity,Microsoft Entra ID,Yes,No,Northwind Finance,MDA_CitrixSF_LoginFailLockoutSecs,Strong governance with a few legacy exceptions and pending collaboration controls.
10,Enhance 'login maximum attempts' - Number of attempts,Completed,5.84 / 6,6%,Identity,Microsoft Entra ID,Yes,No,Northwind Finance,MDA_CitrixSF_LoginFailMaxAttempts,Strong governance with a few legacy exceptions and pending collaboration controls.
10,Enable password minimum length,Completed,3.52 / 4,4%,Identity,Microsoft Entra ID,Yes,No,Northwind Finance,MDA_CitrixSF_MinimumLength,Strong governance with a few legacy exceptions and pending collaboration controls.
10,Enable password minimum numeric characters,Planned,2 / 4,4%,Identity,Microsoft Entra ID,Yes,No,Northwind Finance,MDA_CitrixSF_MinimumNumeric,Strong governance with a few legacy exceptions and pending collaboration controls.
10,Enable password minimum special characters,Completed,3.81 / 4,4%,Identity,Microsoft Entra ID,Yes,No,Northwind Finance,MDA_CitrixSF_MinimumSpecialCharacters,Strong governance with a few legacy exceptions and pending collaboration controls.
10,Enable password expiration policies,Planned,3.21 / 4,4%,Identity,Microsoft Entra ID,Yes,No,Northwind Finance,MDA_CitrixSF_PasswordMaxAgeDays,Strong governance with a few legacy exceptions and pending collaboration controls.
10,Enhance password requirements,Planned,3.23 / 4,4%,Identity,Microsoft Entra ID,Yes,No,Northwind Finance,MDA_DocuSign_EnhancedPassword,Strong governance with a few legacy exceptions and pending collaboration controls.
10,Password expiry requirements,Completed,4 / 4,4%,Identity,Microsoft Entra ID,Yes,No,Northwind Finance,MDA_DocuSign_PasswordExpires,Strong governance with a few legacy exceptions and pending collaboration controls.
10,Enable session timeout for web users,Completed,6 / 6,6%,Identity,Microsoft Entra ID,Yes,No,Northwind Finance,MDA_DocuSign_SessionTimeout,Strong governance with a few legacy exceptions and pending collaboration controls.
10,Enable web session timeout for web users,Completed,5.12 / 6,6%,Identity,Microsoft Entra ID,Yes,No,Northwind Finance,MDA_Dropbox_InactiveTimeoutMins,Strong governance with a few legacy exceptions and pending collaboration controls.
10,Disable 'Allow members to view dependency insights',Completed,3.77 / 4,4%,Identity,Microsoft Entra ID,Yes,No,Northwind Finance,MDA_GitHub_DependencyInsights,Strong governance with a few legacy exceptions and pending collaboration controls.
10,Enabled 'email notification delivery for this enterprise is restricted to verified or approved domains',Completed,3 / 3,3%,Apps,Exchange Online,Yes,No,Northwind Finance,MDA_GitHub_EmailNotificationRestrictedToVerifiedOrApprovedDomains,Strong governance with a few legacy exceptions and pending collaboration controls.
10,Enforce IP allow list configuration for org resources,Completed,4 / 4,4%,Identity,Microsoft Entra ID,Yes,No,Northwind Finance,MDA_GitHub_IPallowListConfigurationForOrgResources,Strong governance with a few legacy exceptions and pending collaboration controls.
10,Disable 'Allow repository administrators to invite outside collaborators to repositories for this organization,Completed,3.73 / 4,4%,Identity,Microsoft Entra ID,Yes,No,Northwind Finance,MDA_GitHub_OutsideCollabInvitation,Strong governance with a few legacy exceptions and pending collaboration controls.
10,Disable private repository forking,Completed,6.03 / 7,7%,Apps,MDA_GitHub,Yes,No,Northwind Finance,MDA_GitHub_PrivateRepositoryForkingSetting,Strong governance with a few legacy exceptions and pending collaboration controls.
10,"Disable 'Members will be able to create public repositories, visible to anyone'",Planned,3.23 / 4,4%,Identity,Microsoft Entra ID,Yes,No,Northwind Finance,MDA_GitHub_PublicRepoCreation,Strong governance with a few legacy exceptions and pending collaboration controls.
10,Disable 'members with admin permissions for repositories can delete or transfer repositories',Completed,5.02 / 6,6%,Identity,Microsoft Entra ID,Yes,No,Northwind Finance,MDA_GitHub_RepoTransferOrDeletion,Strong governance with a few legacy exceptions and pending collaboration controls.
10,Disable 'Allow members to change repository visibilities for this organization',Completed,5.2 / 6,6%,Apps,MDA_GitHub,Yes,No,Northwind Finance,MDA_GitHub_RepoVisibility_change,Strong governance with a few legacy exceptions and pending collaboration controls.
10,Enable single sign on (SSO),To address,0.55 / 3,3%,Identity,Microsoft Entra ID,Yes,No,Northwind Finance,MDA_GitHub_SAML,Strong governance with a few legacy exceptions and pending collaboration controls.
10,Enable multi-factor authentication (MFA),Completed,6.46 / 7,7%,Identity,Microsoft Entra ID,Yes,No,Northwind Finance,MDA_Google_EnableTwoFactorAuth,Strong governance with a few legacy exceptions and pending collaboration controls.
10,Adopt SSO (Single sign on) in netDocuments,Completed,6.3 / 7,7%,Identity,Microsoft Entra ID,Yes,No,Northwind Finance,MDA_NetDocuments_SSO,Strong governance with a few legacy exceptions and pending collaboration controls.
10,Enhance password requirements,Completed,3.56 / 4,4%,Identity,Microsoft Entra ID,Yes,No,Northwind Finance,MDA_Okta_EnhancedPassword,Strong governance with a few legacy exceptions and pending collaboration controls.
10,Enable multi-factor authentication,Completed,6.31 / 7,7%,Identity,Microsoft Entra ID,Yes,No,Northwind Finance,MDA_Okta_MFA,Strong governance with a few legacy exceptions and pending collaboration controls.
10,Password expiry requirements,Completed,4 / 4,4%,Identity,Microsoft Entra ID,Yes,No,Northwind Finance,MDA_Okta_PasswordExpires,Strong governance with a few legacy exceptions and pending collaboration controls.
10,Enable session timeout for web users,Completed,5.01 / 6,6%,Identity,Microsoft Entra ID,Yes,No,Northwind Finance,MDA_Okta_SessionTimeout,Strong governance with a few legacy exceptions and pending collaboration controls.
10,Remote Site,Planned,3.65 / 5,5%,Apps,MDA_SF,Yes,No,Northwind Finance,MDA_SF_disableProtocolSecurity,Strong governance with a few legacy exceptions and pending collaboration controls.
10,Disable Administrators Can Log In As Any User,Completed,3 / 3,3%,Identity,Microsoft Entra ID,Yes,No,Northwind Finance,MDA_SF_enableAdminLoginAsAnyUser,Strong governance with a few legacy exceptions and pending collaboration controls.
10,Disable Caching and Autocomplete on Login Page via Session settings,Completed,4 / 4,4%,Identity,Microsoft Entra ID,Yes,No,Northwind Finance,MDA_SF_enableCacheAndAutocomplete,Strong governance with a few legacy exceptions and pending collaboration controls.
10,Enable clickjack protection for non-Setup for Salesforce pages,Completed,2.69 / 3,3%,Apps,MDA_SF,Yes,No,Northwind Finance,MDA_SF_enableClickjackNonsetupSFDC,Strong governance with a few legacy exceptions and pending collaboration controls.
10,Enable clickjack protection for customer VisualForce pages with standard headers,Completed,2.81 / 3,3%,Apps,MDA_SF,Yes,No,Northwind Finance,MDA_SF_enableClickjackNonsetupUser,Strong governance with a few legacy exceptions and pending collaboration controls.
10,Enable clickjack protection for customer VisualForce pages with headers disabled,Completed,3 / 3,3%,Apps,MDA_SF,Yes,No,Northwind Finance,MDA_SF_enableClickjackNonsetupUserHeaderless,Strong governance with a few legacy exceptions and pending collaboration controls.
10,Enable clickjack protection for Setup pages,Completed,3 / 3,3%,Apps,MDA_SF,Yes,No,Northwind Finance,MDA_SF_enableClickjackSetup,Strong governance with a few legacy exceptions and pending collaboration controls.
10,Enable Content Sniffing protection,Completed,2.68 / 3,3%,Apps,MDA_SF,Yes,No,Northwind Finance,MDA_SF_enableContentSniffingProtection,Strong governance with a few legacy exceptions and pending collaboration controls.
10,Enable Content Security Policy protection for email templates,Completed,2.54 / 3,3%,Apps,Exchange Online,Yes,No,Northwind Finance,MDA_SF_enableCSPOnEmail,Strong governance with a few legacy exceptions and pending collaboration controls.
10,Enable CSRF protection on GET requests on non-setup pages,Planned,2.43 / 3,3%,Apps,MDA_SF,Yes,No,Northwind Finance,MDA_SF_enableCSRFOnGet,Strong governance with a few legacy exceptions and pending collaboration controls.
10,Enable CSRF protection on POST requests on non-setup pages,To address,0.32 / 3,3%,Apps,MDA_SF,Yes,No,Northwind Finance,MDA_SF_enableCSRFOnPost,Strong governance with a few legacy exceptions and pending collaboration controls.
33,Require identity verification during multi-factor authentication (MFA) registration,Completed,6.8 / 7,7%,Identity,Microsoft Entra ID,Yes,No,Northwind Finance,MDA_SF_enableMultipleSamlConfigs,Strong governance with a few legacy exceptions and pending collaboration controls.
10,Let users verify their identity by text (SMS),Completed,6.89 / 7,7%,Identity,Microsoft Entra ID,Yes,No,Northwind Finance,MDA_SF_enableSMSIdentity,Strong governance with a few legacy exceptions and pending collaboration controls.
10,Enforce login IP ranges on every request,Completed,5 / 5,5%,Identity,Microsoft Entra ID,Yes,No,Northwind Finance,MDA_SF_enforceIpRangesEveryRequest,Strong governance with a few legacy exceptions and pending collaboration controls.
10,Force logout on session timeout,Completed,6.42 / 7,7%,Identity,Microsoft Entra ID,Yes,No,Northwind Finance,MDA_SF_forceLogoutOnSessionTimeout,Strong governance with a few legacy exceptions and pending collaboration controls.
10,Force (admin) relogin after Login-As-User,Completed,2.52 / 3,3%,Identity,Microsoft Entra ID,Yes,No,Northwind Finance,MDA_SF_forceRelogin,Strong governance with a few legacy exceptions and pending collaboration controls.
10,Require identity verification for change of email address,Planned,4.04 / 5,5%,Identity,Exchange Online,Yes,No,Northwind Finance,MDA_SF_identityConfirmationOnEmailChange,Strong governance with a few legacy exceptions and pending collaboration controls.
10,Lock sessions to the domain in which they were first used,Planned,5.71 / 7,7%,Identity,Microsoft Entra ID,Yes,No,Northwind Finance,MDA_SF_lockSessionsToDomain,Strong governance with a few legacy exceptions and pending collaboration controls.
10,Maximum invalid login attempts,Planned,4.07 / 5,5%,Identity,Microsoft Entra ID,Yes,No,Northwind Finance,MDA_SF_maxLoginAttempts,Strong governance with a few legacy exceptions and pending collaboration controls.
10,Require a minimum 1 day password lifetime,To address,0.17 / 5,5%,Identity,Microsoft Entra ID,Yes,No,Northwind Finance,MDA_SF_minimumPasswordLifetime,Strong governance with a few legacy exceptions and pending collaboration controls.
10,Password complexity requirement,Completed,3.88 / 4,4%,Identity,Microsoft Entra ID,Yes,No,Northwind Finance,MDA_SF_password_complexity,Strong governance with a few legacy exceptions and pending collaboration controls.
10,User passwords expire in 90 days or less,Completed,4.59 / 5,5%,Identity,Microsoft Entra ID,Yes,No,Northwind Finance,MDA_SF_password_expiration,Strong governance with a few legacy exceptions and pending collaboration controls.
10,Enforce password history,Completed,3.74 / 4,4%,Identity,Microsoft Entra ID,Yes,No,Northwind Finance,MDA_SF_password_historyRestriction,Strong governance with a few legacy exceptions and pending collaboration controls.
10,Lockout effective period,To address,0.94 / 7,7%,Identity,Microsoft Entra ID,Yes,No,Northwind Finance,MDA_SF_password_lockoutInterval,Strong governance with a few legacy exceptions and pending collaboration controls.
10,Minimum password length,Completed,3.77 / 4,4%,Identity,Microsoft Entra ID,Yes,No,Northwind Finance,MDA_SF_password_minimumPasswordLength,Strong governance with a few legacy exceptions and pending collaboration controls.
10,Obscure secret answer for password resets,Completed,2.49 / 3,3%,Identity,Microsoft Entra ID,Yes,No,Northwind Finance,MDA_SF_password_obscureSecretAnswer,Strong governance with a few legacy exceptions and pending collaboration controls.
10,Password question requirement,Planned,2.34 / 3,3%,Identity,Microsoft Entra ID,Yes,No,Northwind Finance,MDA_SF_password_questionRestriction,Strong governance with a few legacy exceptions and pending collaboration controls.
10,Session timeout,Planned,5.34 / 7,7%,Identity,Microsoft Entra ID,Yes,No,Northwind Finance,MDA_SF_password_sessionTimeout,Strong governance with a few legacy exceptions and pending collaboration controls.
10,Require HttpOnly attribute,Completed,2.58 / 3,3%,Apps,MDA_SF,Yes,No,Northwind Finance,MDA_SF_requireHttpOnly,Strong governance with a few legacy exceptions and pending collaboration controls.
10,Enable multi-factor authentication,Completed,6 / 6,6%,Identity,Microsoft Entra ID,Yes,No,Northwind Finance,MDA_SNOW_authenticateMultifactor,Strong governance with a few legacy exceptions and pending collaboration controls.
10,Enable enforcing JSONv2 requests with basic authorization,Completed,4.39 / 5,5%,Identity,Microsoft Entra ID,Yes,No,Northwind Finance,MDA_SNOW_authRequiredJson2,Strong governance with a few legacy exceptions and pending collaboration controls.
10,Enable enforcing SOAP requests with basic authorization,To address,0.17 / 5,5%,Identity,Microsoft Entra ID,Yes,No,Northwind Finance,MDA_SNOW_authRequiredSOAP,Strong governance with a few legacy exceptions and pending collaboration controls.
10,Enable unload request authorization,Completed,5.3 / 6,6%,Identity,Microsoft Entra ID,Yes,No,Northwind Finance,MDA_SNOW_authRequiredUnl,Strong governance with a few legacy exceptions and pending collaboration controls.
10,Enable script request authorization,Planned,3.13 / 4,4%,Identity,Microsoft Entra ID,Yes,No,Northwind Finance,MDA_SNOW_cauthRequiredScriptedProcessor,Strong governance with a few legacy exceptions and pending collaboration controls.
10,Enable URL allow list for cross-origin iframe communication,Completed,4.94 / 6,6%,Apps,MDA_SNOW,No,No,Northwind Finance,MDA_SNOW_concourseOnmessageEnforceSameOrigin,Strong governance with a few legacy exceptions and pending collaboration controls.
10,Enable Password Reset Policy Checks,To address,0.07 / 4,4%,Identity,Microsoft Entra ID,Yes,No,Northwind Finance,MDA_SNOW_enablePasswordPolicy,Strong governance with a few legacy exceptions and pending collaboration controls.
10,Enable high security plugin,Completed,6.27 / 7,7%,Apps,MDA_SNOW,Yes,No,Northwind Finance,MDA_SNOW_highSecurity,Strong governance with a few legacy exceptions and pending collaboration controls.
10,Set default cache-control HTTP header value to private,Completed,5.71 / 6,6%,Apps,MDA_SNOW,Yes,No,Northwind Finance,MDA_SNOW_httpCacheControl,Strong governance with a few legacy exceptions and pending collaboration controls.
10,Disable password-less authentication,Completed,5.25 / 6,6%,Identity,Microsoft Entra ID,Yes,No,Northwind Finance,MDA_SNOW_loginNoBlankPassword,Strong governance with a few legacy exceptions and pending collaboration controls.
10,Enable Contextual Security: Role Management plugin,Completed,5.88 / 6,6%,Identity,Microsoft Entra ID,Yes,No,Northwind Finance,MDA_SNOW_roleManagement,Strong governance with a few legacy exceptions and pending collaboration controls.
10,Set client-callable script includes to private,Completed,3.96 / 4,4%,Apps,MDA_SNOW,Yes,No,Northwind Finance,MDA_SNOW_scriptCcsiIsPublic,Strong governance with a few legacy exceptions and pending collaboration controls.
10,Apply access control rule (ACL) validation when server-side records are accessed using GlideAjax APIs within a client script,Completed,3.35 / 4,4%,Apps,MDA_SNOW,Yes,No,Northwind Finance,MDA_SNOW_scriptSecureAjaxgliderecord,Strong governance with a few legacy exceptions and pending collaboration controls.
10,Enable client generated scripts sandbox,Planned,4.81 / 6,6%,Apps,MDA_SNOW,Yes,No,Northwind Finance,MDA_SNOW_scriptUseSandbox,Strong governance with a few legacy exceptions and pending collaboration controls.
10,Enable default deny with new ACL rules,Completed,4.37 / 5,5%,Apps,MDA_SNOW,Yes,No,Northwind Finance,MDA_SNOW_smDefaultMode,Strong governance with a few legacy exceptions and pending collaboration controls.
10,Enable managing failed login attempts,Completed,3.48 / 4,4%,Identity,Microsoft Entra ID,Yes,No,Northwind Finance,MDA_SNOW_sncUserLockoutCheck,Strong governance with a few legacy exceptions and pending collaboration controls.
10,Enable SOAP content type checking,Completed,5.38 / 6,6%,Apps,MDA_SNOW,Yes,No,Northwind Finance,MDA_SNOW_soapRequireContentTypeXml,Strong governance with a few legacy exceptions and pending collaboration controls.
10,Enable SOAP request strict security,Completed,4.97 / 6,6%,Apps,MDA_SNOW,Yes,No,Northwind Finance,MDA_SNOW_soapStrictSecurity,Strong governance with a few legacy exceptions and pending collaboration controls.
10,Activate security jump start (ACL rules) plugin,Completed,3.86 / 4,4%,Identity,Microsoft Entra ID,Yes,No,Northwind Finance,MDA_SNOW_systemSecurity,Strong governance with a few legacy exceptions and pending collaboration controls.
10,Enable session activity timeout,Completed,4 / 4,4%,Identity,Microsoft Entra ID,Yes,No,Northwind Finance,MDA_SNOW_uiSessionTimeout,Strong governance with a few legacy exceptions and pending collaboration controls.
10,Enable anti-CSRF token,Completed,5.66 / 6,6%,Identity,Microsoft Entra ID,Yes,No,Northwind Finance,MDA_SNOW_useCsrfToken,Strong governance with a few legacy exceptions and pending collaboration controls.
10,Enable absolute session timeout,Completed,4 / 4,4%,Identity,Microsoft Entra ID,Yes,No,Northwind Finance,MDA_SNOW_userCookieMaxLifeSpanInDays,Strong governance with a few legacy exceptions and pending collaboration controls.
10,Adopt SSO (Single sign on) in Workplace by Meta,Planned,5.71 / 7,7%,Identity,Microsoft Entra ID,Yes,No,Northwind Finance,MDA_Workplace_SSO,Strong governance with a few legacy exceptions and pending collaboration controls.
10,Block admins to set passwords,Planned,2.42 / 3,3%,Identity,Microsoft Entra ID,Yes,No,Northwind Finance,MDA_Zendesk_AdminPassChange,Strong governance with a few legacy exceptions and pending collaboration controls.
10,Block account assumption,Completed,3.28 / 4,4%,Identity,Microsoft Entra ID,No,No,Northwind Finance,MDA_Zendesk_BlockAccountAssumption,Strong governance with a few legacy exceptions and pending collaboration controls.
10,Block customers to bypass IP restrictions,Completed,2.62 / 3,3%,Identity,Microsoft Entra ID,Yes,No,Northwind Finance,MDA_Zendesk_bypassIPrestrictions,Strong governance with a few legacy exceptions and pending collaboration controls.
10,"Send a notification on password change for admins, agents, and end users",Completed,2.65 / 3,3%,Identity,Microsoft Entra ID,Yes,No,Northwind Finance,MDA_Zendesk_EmailNotificationsforPassChange,Strong governance with a few legacy exceptions and pending collaboration controls.
10,Admins and agents can use the Zendesk Support mobile app,To address,0.18 / 3,3%,Apps,MDA_Zendesk,Yes,No,Northwind Finance,MDA_Zendesk_enableapp,Strong governance with a few legacy exceptions and pending collaboration controls.
10,Enable IP restrictions,Completed,2.86 / 3,3%,Identity,Microsoft Entra ID,Yes,No,Northwind Finance,MDA_Zendesk_IPrestrictions,Strong governance with a few legacy exceptions and pending collaboration controls.
10,Enable and adopt two-factor authentication (2FA),Completed,6.57 / 7,7%,Identity,Microsoft Entra ID,Yes,No,Northwind Finance,MDA_Zendesk_MFA,Strong governance with a few legacy exceptions and pending collaboration controls.
10,Enable session timeout for users,Completed,5.26 / 6,6%,Identity,Microsoft Entra ID,Yes,No,Northwind Finance,MDA_Zendesk_sessionexpiry,Strong governance with a few legacy exceptions and pending collaboration controls.
10,Enable external Authentication (google or microsoft or SSO),Planned,5.54 / 7,7%,Identity,Microsoft Entra ID,Yes,No,Northwind Finance,MDA_Zendesk_SSO,Strong governance with a few legacy exceptions and pending collaboration controls.
10,Enable Zendesk authentication,Completed,5.82 / 7,7%,Identity,Microsoft Entra ID,Yes,No,Northwind Finance,MDA_Zendesk_ZanAuth,Strong governance with a few legacy exceptions and pending collaboration controls.
10,Block users in specific domains from joining meetings and webinars,Planned,2.34 / 3,3%,Apps,MDA_Zoom,Yes,No,Northwind Finance,MDA_Zoom_BlockDomains,Strong governance with a few legacy exceptions and pending collaboration controls.
10,Enforce end to end encryption in all Zoom meetings,Completed,2.65 / 3,3%,Apps,MDA_Zoom,Yes,No,Northwind Finance,MDA_Zoom_MeetingE2eEncryption,Strong governance with a few legacy exceptions and pending collaboration controls.
10,Enable multi-factor authentication,Completed,6.47 / 7,7%,Apps,MDA_Zoom,Yes,No,Northwind Finance,MDA_Zoom_MFA,Strong governance with a few legacy exceptions and pending collaboration controls.
10,Enhance password requirements,Completed,3.92 / 4,4%,Apps,MDA_Zoom,Yes,No,Northwind Finance,MDA_Zoom_PasswordReq,Strong governance with a few legacy exceptions and pending collaboration controls.
10,Enable session timeout for client users,Completed,5.48 / 6,6%,Apps,MDA_Zoom,Yes,No,Northwind Finance,MDA_Zoom_SessionTimeoutClient,Strong governance with a few legacy exceptions and pending collaboration controls.
10,Enable session timeout for web users,Completed,6 / 6,6%,Apps,MDA_Zoom,Yes,No,Northwind Finance,MDA_Zoom_SessionTimeoutWeb,Strong governance with a few legacy exceptions and pending collaboration controls.
128,Ensure that no sender domains are allowed for anti-spam policies,Completed,1.74 / 2,2%,Apps,MDO,Yes,No,Northwind Finance,mdo_allowedsenderscombined,Strong governance with a few legacy exceptions and pending collaboration controls.
10,Ensure that an anti-phishing policy has been created,Planned,2.44 / 3,3%,Apps,MDO,Yes,No,Northwind Finance,mdo_antiphishingpolicies,Strong governance with a few legacy exceptions and pending collaboration controls.
128,"Turn on Microsoft Defender for Office 365 in SharePoint, OneDrive, and Microsoft Teams",Completed,4.36 / 5,5%,Apps,Microsoft Teams,Yes,No,Northwind Finance,mdo_atpprotection,Strong governance with a few legacy exceptions and pending collaboration controls.
128,Set automatic email forwarding rules to be system controlled,Completed,0.88 / 1,1%,Apps,Exchange Online,Yes,No,Northwind Finance,mdo_autoforwardingmode,Strong governance with a few legacy exceptions and pending collaboration controls.
10,Ensure all forms of mail forwarding are blocked and/or disabled,Planned,3.95 / 5,5%,Apps,Exchange Online,Yes,No,Northwind Finance,mdo_blockmailforward,Strong governance with a few legacy exceptions and pending collaboration controls.
128,Set action to take on bulk spam detection,Completed,2.65 / 3,3%,Apps,MDO,Yes,No,Northwind Finance,mdo_bulkspamaction,Strong governance with a few legacy exceptions and pending collaboration controls.
128,Set the email bulk complaint level (BCL) threshold to be 6 or lower,Completed,0.89 / 1,1%,Apps,Exchange Online,Yes,No,Northwind Finance,mdo_bulkthreshold,Strong governance with a few legacy exceptions and pending collaboration controls.
128,Ensure the Common Attachment Types Filter is enabled,Completed,5 / 5,5%,Apps,MDO,Yes,No,Northwind Finance,mdo_commonattachmentsfilter,Strong governance with a few legacy exceptions and pending collaboration controls.
128,Don't add allowed IP addresses in the connection filter policy,Completed,0.87 / 1,1%,Apps,MDO,Yes,No,Northwind Finance,mdo_connectionfilter,Strong governance with a few legacy exceptions and pending collaboration controls.
128,Enable impersonated domain protection,Completed,6.83 / 8,8%,Apps,MDO,Yes,No,Northwind Finance,mdo_enabledomainstoprotect,Strong governance with a few legacy exceptions and pending collaboration controls.
128,Ensure that mailbox intelligence is enabled,Planned,6.04 / 8,8%,Apps,Exchange Online,Yes,No,Northwind Finance,mdo_enablemailboxintelligence,Strong governance with a few legacy exceptions and pending collaboration controls.
128,Set action to take on high confidence phishing detection,Planned,4.06 / 5,5%,Apps,MDO,Yes,No,Northwind Finance,mdo_highconfidencephishaction,Strong governance with a few legacy exceptions and pending collaboration controls.
128,Set action to take on high confidence spam detection,Planned,3.7 / 5,5%,Apps,MDO,Yes,No,Northwind Finance,mdo_highconfidencespamaction,Strong governance with a few legacy exceptions and pending collaboration controls.
128,Ensure that intelligence for impersonation protection is enabled,To address,1.53 / 8,8%,Apps,MDO,Yes,No,Northwind Finance,mdo_mailboxintelligenceprotection,Strong governance with a few legacy exceptions and pending collaboration controls.
128,Move messages that are detected as impersonated users by mailbox intelligence,To address,2.64 / 8,8%,Apps,Exchange Online,Yes,No,Northwind Finance,mdo_mailboxintelligenceprotectionaction,Strong governance with a few legacy exceptions and pending collaboration controls.
128,Set the phishing email level threshold at 2 or higher,To address,1.86 / 8,8%,Apps,Exchange Online,Yes,No,Northwind Finance,mdo_phishthresholdlevel,Strong governance with a few legacy exceptions and pending collaboration controls.
128,Set action to take on phishing detection,To address,0.94 / 5,5%,Apps,MDO,Yes,No,Northwind Finance,mdo_phisspamacation,Strong governance with a few legacy exceptions and pending collaboration controls.
128,Retain spam in quarantine for 30 days,Completed,0.97 / 1,1%,Apps,MDO,Yes,No,Northwind Finance,mdo_quarantineretentionperiod,Strong governance with a few legacy exceptions and pending collaboration controls.
128,Set maximum number of external recipients that a user can email per hour,To address,0.05 / 1,1%,Apps,Exchange Online,Yes,No,Northwind Finance,mdo_recipientexternallimitperhour,Strong governance with a few legacy exceptions and pending collaboration controls.
128,Set maximum number of internal recipients that a user can send to within an hour,Completed,1 / 1,1%,Apps,MDO,Yes,No,Northwind Finance,mdo_recipientinternallimitperhour,Strong governance with a few legacy exceptions and pending collaboration controls.
128,Set a daily message limit,Planned,0.8 / 1,1%,Apps,MDO,Yes,No,Northwind Finance,mdo_recipientlimitperday,Strong governance with a few legacy exceptions and pending collaboration controls.
10,Ensure Safe Attachments policy is enabled,To address,1.31 / 5,5%,Apps,MDO,Yes,No,Northwind Finance,mdo_safeattachmentpolicy,Strong governance with a few legacy exceptions and pending collaboration controls.
128,Turn on Safe Attachments in block mode,To address,0.9 / 8,8%,Apps,MDO,Yes,No,Northwind Finance,mdo_safeattachments,Strong governance with a few legacy exceptions and pending collaboration controls.
128,Turn on Safe Documents for Office Clients,Completed,4.62 / 5,5%,Apps,MDO,Yes,No,Northwind Finance,mdo_safedocuments,Strong governance with a few legacy exceptions and pending collaboration controls.
128,Create Safe Links policies for email messages,Completed,8.32 / 9,9%,Apps,Exchange Online,Yes,No,Northwind Finance,mdo_safelinksforemail,Strong governance with a few legacy exceptions and pending collaboration controls.
10,Ensure Safe Links for Office Applications is Enabled,To address,0.52 / 3,3%,Apps,MDO,Yes,No,Northwind Finance,mdo_safelinksforOfficeApps,Strong governance with a few legacy exceptions and pending collaboration controls.
128,Enable the domain impersonation safety tip,Completed,2.84 / 3,3%,Apps,MDO,Yes,No,Northwind Finance,mdo_similardomainssafetytips,Strong governance with a few legacy exceptions and pending collaboration controls.
128,Enable the user impersonation safety tip,Completed,2.57 / 3,3%,Apps,MDO,Yes,No,Northwind Finance,mdo_similaruserssafetytips,Strong governance with a few legacy exceptions and pending collaboration controls.
10,Ensure Exchange Online Spam Policies are set to notify administrators,Completed,2.54 / 3,3%,Apps,Exchange Online,Yes,No,Northwind Finance,mdo_spam_notifications_only_for_admins,Strong governance with a few legacy exceptions and pending collaboration controls.
128,Set action to take on spam detection,Completed,5 / 5,5%,Apps,MDO,Yes,No,Northwind Finance,mdo_spamaction,Strong governance with a few legacy exceptions and pending collaboration controls.
128,Quarantine messages that are detected from impersonated domains,To address,1.07 / 6,6%,Apps,MDO,Yes,No,Northwind Finance,mdo_targeteddomainprotectionaction,Strong governance with a few legacy exceptions and pending collaboration controls.
128,Quarantine messages that are detected from impersonated users,Completed,5.35 / 6,6%,Apps,MDO,Yes,No,Northwind Finance,mdo_targeteduserprotectionaction,Strong governance with a few legacy exceptions and pending collaboration controls.
128,Enable impersonated user protection,Completed,8 / 8,8%,Apps,MDO,Yes,No,Northwind Finance,mdo_targetedusersprotection,Strong governance with a few legacy exceptions and pending collaboration controls.
128,Block users who reached the message limit,Completed,0.97 / 1,1%,Apps,MDO,Yes,No,Northwind Finance,mdo_thresholdreachedaction,Strong governance with a few legacy exceptions and pending collaboration controls.
128,Enable the user impersonation unusual characters safety tip,Completed,3 / 3,3%,Apps,MDO,Yes,No,Northwind Finance,mdo_unusualcharacterssafetytips,Strong governance with a few legacy exceptions and pending collaboration controls.
128,Create zero-hour auto purge policies for malware,To address,1.03 / 6,6%,Apps,MDO,Yes,No,Northwind Finance,mdo_zapmalware,Strong governance with a few legacy exceptions and pending collaboration controls.
128,Create zero-hour auto purge policies for phishing messages,Planned,2.45 / 3,3%,Apps,MDO,Yes,No,Northwind Finance,mdo_zapphish,Strong governance with a few legacy exceptions and pending collaboration controls.
128,Create zero-hour auto purge policies for spam messages,Completed,0.86 / 1,1%,Apps,MDO,Yes,No,Northwind Finance,mdo_zapspam,Strong governance with a few legacy exceptions and pending collaboration controls.
246,Restrict anonymous users from starting Teams meetings,Completed,0.88 / 1,1%,Apps,Microsoft Teams,Yes,No,Northwind Finance,meeting_anonymousstartmeeting_v1,Strong governance with a few legacy exceptions and pending collaboration controls.
247,Only invited users should be automatically admitted to Teams meetings,To address,0.36 / 2,2%,Apps,Microsoft Teams,Yes,No,Northwind Finance,meeting_autoadmitusers_v1,Strong governance with a few legacy exceptions and pending collaboration controls.
248,Configure which users are allowed to present in Teams meetings,Completed,2 / 2,2%,Apps,Microsoft Teams,Yes,No,Northwind Finance,meeting_designatedpresenter_v1,Strong governance with a few legacy exceptions and pending collaboration controls.
249,Limit external participants from having control in a Teams meeting,Completed,1 / 1,1%,Apps,Microsoft Teams,Yes,No,Northwind Finance,meeting_externalrequestcontrol_v1,Strong governance with a few legacy exceptions and pending collaboration controls.
250,Restrict dial-in users from bypassing a meeting lobby,Completed,0.95 / 1,1%,Apps,Microsoft Teams,Yes,No,Northwind Finance,meeting_pstnusersbypasslobby_v1,Strong governance with a few legacy exceptions and pending collaboration controls.
251,Restrict anonymous users from joining meetings,Completed,0.94 / 1,1%,Apps,Microsoft Teams,Yes,No,Northwind Finance,meeting_restrictanonymousjoin_v1,Strong governance with a few legacy exceptions and pending collaboration controls.
12,Ensure multifactor authentication is enabled for all users,Completed,7.95 / 9,9%,Identity,Microsoft Entra ID,Yes,No,Northwind Finance,MFARegistrationV2,Strong governance with a few legacy exceptions and pending collaboration controls.
129,Ensure that Auto-labeling data classification policies are set up and used,Completed,0.91 / 1,1%,Data,MIP,Yes,No,Northwind Finance,mip_autosensitivitylabelspolicies,Strong governance with a few legacy exceptions and pending collaboration controls.
10,Ensure DLP policies are enabled for Microsoft Teams,Completed,2.54 / 3,3%,Apps,Microsoft Teams,Yes,No,Northwind Finance,mip_DLP_policies_Teams,Strong governance with a few legacy exceptions and pending collaboration controls.
10,Ensure Office 365 Management Activity API is Enabled for some workloads (see description),Planned,2.42 / 3,3%,Apps,MIP,Yes,No,Northwind Finance,mip_management_API_enabled_four_workloads,Strong governance with a few legacy exceptions and pending collaboration controls.
129,Extend M365 sensitivity labeling to assets in Microsoft Purview data map,Completed,0.92 / 1,1%,Data,MIP,Yes,No,Northwind Finance,mip_purviewlabelconsent,Strong governance with a few legacy exceptions and pending collaboration controls.
10,Ensure Microsoft 365 audit log search is Enabled,Completed,2.62 / 3,3%,Apps,MIP,Yes,No,Northwind Finance,mip_search_auditlog,Strong governance with a few legacy exceptions and pending collaboration controls.
129,Publish M365 sensitivity label data classification policies,Completed,1.9 / 2,2%,Data,MIP,Yes,No,Northwind Finance,mip_sensitivitylabelspolicies,Strong governance with a few legacy exceptions and pending collaboration controls.
27,Designate more than one global admin,Planned,0.37 / 1,1%,Identity,Microsoft Entra ID,Yes,No,Northwind Finance,OneAdmin,Strong governance with a few legacy exceptions and pending collaboration controls.
9,Ensure that password hash sync is enabled for hybrid deployments,Completed,5 / 5,5%,Identity,Microsoft Entra ID,Yes,No,Northwind Finance,PasswordHashSync,Strong governance with a few legacy exceptions and pending collaboration controls.
33,Ensure the 'Password expiration policy' is set to 'Set passwords to never expire (recommended)',Completed,6.66 / 8,8%,Identity,Microsoft Entra ID,Yes,No,Northwind Finance,PWAgePolicyNew,Strong governance with a few legacy exceptions and pending collaboration controls.
50,Use least privileged administrative roles,Planned,0.82 / 1,1%,Identity,Microsoft Entra ID,Yes,No,Northwind Finance,RoleOverlap,Strong governance with a few legacy exceptions and pending collaboration controls.
162,Disable JavaScript on Adobe Reader 2015,Planned,3.99 / 5,5%,Device,Microsoft Intune,Yes,No,Northwind Finance,scid_100,Strong governance with a few legacy exceptions and pending collaboration controls.
163,Disable JavaScript on Adobe 2015,Planned,3.74 / 5,5%,Device,Microsoft Intune,Yes,No,Northwind Finance,scid_101,Strong governance with a few legacy exceptions and pending collaboration controls.
208,Enable 'Local Security Authority (LSA) protection' on Windows 11 22h2 and higher,Planned,6.54 / 8,8%,Device,Microsoft Intune,Yes,No,Northwind Finance,scid_102,Strong governance with a few legacy exceptions and pending collaboration controls.
209,Require LDAP client signing to prevent tampering and protect directory authentication,Completed,7 / 7,7%,Device,Microsoft Intune,Yes,No,Northwind Finance,scid_103,Strong governance with a few legacy exceptions and pending collaboration controls.
210,Encrypt LDAP client traffic to protect sensitive data in transit,To address,1.68 / 7,7%,Device,Microsoft Intune,Yes,No,Northwind Finance,scid_104,Strong governance with a few legacy exceptions and pending collaboration controls.
211,Enforce LDAP channel binding to protect authentication sessions from interception,Completed,6.87 / 7,7%,Device,Microsoft Intune,Yes,No,Northwind Finance,scid_105,Strong governance with a few legacy exceptions and pending collaboration controls.
212,Require LDAP server signing to ensure integrity of directory traffic,Completed,7.21 / 8,8%,Device,Microsoft Intune,Yes,No,Northwind Finance,scid_106,Strong governance with a few legacy exceptions and pending collaboration controls.
213,Disable Remote Registry Service on Windows,Completed,6.82 / 8,8%,Device,Microsoft Intune,Yes,No,Northwind Finance,scid_108,Strong governance with a few legacy exceptions and pending collaboration controls.
214,Disable NTLM authentication for Windows,Planned,6.23 / 8,8%,Device,Microsoft Intune,Yes,No,Northwind Finance,scid_109,Strong governance with a few legacy exceptions and pending collaboration controls.
228,Ensure devices are updated to Secure Boot 2023 certificates and boot manager,Completed,6.11 / 7,7%,Device,Microsoft Intune,Yes,No,Northwind Finance,scid_112,Strong governance with a few legacy exceptions and pending collaboration controls.
33,Enable Automatic Updates,Completed,4.14 / 5,5%,Device,Microsoft Intune,Yes,No,Northwind Finance,scid_15,Strong governance with a few legacy exceptions and pending collaboration controls.
34,Enable 'Hide Option to Enable or Disable Updates',Completed,4.23 / 5,5%,Device,Microsoft Intune,Yes,No,Northwind Finance,scid_16,Strong governance with a few legacy exceptions and pending collaboration controls.
35,Disable 'Allow running plugins that are outdated',Completed,7.67 / 8,8%,Device,Microsoft Intune,Yes,No,Northwind Finance,scid_17,Strong governance with a few legacy exceptions and pending collaboration controls.
37,Disable 'Continue running background apps when Google Chrome is closed',Completed,5 / 5,5%,Device,Microsoft Intune,No,No,Northwind Finance,scid_19,Strong governance with a few legacy exceptions and pending collaboration controls.
38,Disable 'AutoFill',Completed,4.38 / 5,5%,Device,Microsoft Intune,Yes,No,Northwind Finance,scid_20,Strong governance with a few legacy exceptions and pending collaboration controls.
99,Turn on Microsoft Defender for Endpoint sensor,Completed,10 / 10,10%,Device,Microsoft Intune,Yes,No,Northwind Finance,scid_2000,Strong governance with a few legacy exceptions and pending collaboration controls.
100,Fix Microsoft Defender for Endpoint sensor data collection,Planned,8.04 / 10,10%,Device,Microsoft Intune,Yes,No,Northwind Finance,scid_2001,Strong governance with a few legacy exceptions and pending collaboration controls.
101,Fix Microsoft Defender for Endpoint impaired communications,Planned,7.52 / 10,10%,Device,Microsoft Intune,Yes,No,Northwind Finance,scid_2002,Strong governance with a few legacy exceptions and pending collaboration controls.
281,Turn on Tamper Protection,Completed,7.03 / 8,8%,Device,Microsoft Intune,Yes,No,Northwind Finance,scid_2003,Strong governance with a few legacy exceptions and pending collaboration controls.
167,Enable EDR in block mode,Completed,7.03 / 8,8%,Device,Microsoft Intune,Yes,No,Northwind Finance,scid_2004,Strong governance with a few legacy exceptions and pending collaboration controls.
102,Turn on Microsoft Defender Antivirus,Planned,8.2 / 10,10%,Device,Microsoft Intune,Yes,No,Northwind Finance,scid_2010,Strong governance with a few legacy exceptions and pending collaboration controls.
103,Update Microsoft Defender Antivirus definitions,Completed,7.93 / 9,9%,Device,Microsoft Intune,Yes,No,Northwind Finance,scid_2011,Strong governance with a few legacy exceptions and pending collaboration controls.
104,Turn on real-time protection,To address,0.18 / 10,10%,Device,Microsoft Intune,Yes,No,Northwind Finance,scid_2012,Strong governance with a few legacy exceptions and pending collaboration controls.
105,Turn on PUA protection in block mode,Completed,8.51 / 9,9%,Device,Microsoft Intune,Yes,No,Northwind Finance,scid_2013,Strong governance with a few legacy exceptions and pending collaboration controls.
106,Fix Windows Defender Antivirus cloud service connectivity,Completed,7.12 / 8,8%,Device,Microsoft Intune,Yes,No,Northwind Finance,scid_2014,Strong governance with a few legacy exceptions and pending collaboration controls.
288,Enable cloud-delivered protection,Planned,6.39 / 8,8%,Device,Microsoft Intune,Yes,No,Northwind Finance,scid_2016,Strong governance with a few legacy exceptions and pending collaboration controls.
108,Turn on all system-level Exploit protection settings,Completed,7.08 / 8,8%,Device,Microsoft Intune,Yes,No,Northwind Finance,scid_2020,Strong governance with a few legacy exceptions and pending collaboration controls.
109,Set controlled folder access to enabled or audit mode,Planned,6.23 / 8,8%,Device,Microsoft Intune,Yes,No,Northwind Finance,scid_2021,Strong governance with a few legacy exceptions and pending collaboration controls.
207,Update Microsoft Defender for Endpoint core components,Completed,10 / 10,10%,Device,Microsoft Intune,Yes,No,Northwind Finance,scid_2030,Strong governance with a few legacy exceptions and pending collaboration controls.
114,Set Microsoft Defender SmartScreen app and file checking to block or warn,Completed,7.68 / 9,9%,Device,Microsoft Intune,No,No,Northwind Finance,scid_2060,Strong governance with a few legacy exceptions and pending collaboration controls.
115,Set Microsoft Defender SmartScreen Microsoft Edge site and download checking to block or warn,Completed,8.55 / 9,9%,Device,Microsoft Intune,Yes,No,Northwind Finance,scid_2061,Strong governance with a few legacy exceptions and pending collaboration controls.
117,Turn on Microsoft Defender Firewall,Completed,9.56 / 10,10%,Device,Microsoft Intune,Yes,No,Northwind Finance,scid_2070,Strong governance with a few legacy exceptions and pending collaboration controls.
118,Secure Microsoft Defender Firewall domain profile,Completed,8.29 / 9,9%,Device,Microsoft Intune,Yes,No,Northwind Finance,scid_2071,Strong governance with a few legacy exceptions and pending collaboration controls.
119,Secure Microsoft Defender firewall private profile,Completed,7.99 / 9,9%,Device,Microsoft Intune,Yes,No,Northwind Finance,scid_2072,Strong governance with a few legacy exceptions and pending collaboration controls.
120,Secure Microsoft Defender Firewall public profile,To address,1.35 / 9,9%,Device,Microsoft Intune,Yes,No,Northwind Finance,scid_2073,Strong governance with a few legacy exceptions and pending collaboration controls.
122,Turn on Microsoft Defender Credential Guard,Completed,6.96 / 8,8%,Device,Microsoft Intune,Yes,No,Northwind Finance,scid_2080,Strong governance with a few legacy exceptions and pending collaboration controls.
124,Encrypt all BitLocker-supported drives,Planned,6.51 / 9,9%,Device,Microsoft Intune,Yes,No,Northwind Finance,scid_2090,Strong governance with a few legacy exceptions and pending collaboration controls.
125,Resume BitLocker protection on all drives,Completed,7.98 / 9,9%,Device,Microsoft Intune,Yes,No,Northwind Finance,scid_2091,Strong governance with a few legacy exceptions and pending collaboration controls.
126,Ensure BitLocker drive compatibility,Completed,7.58 / 8,8%,Device,Microsoft Intune,Yes,No,Northwind Finance,scid_2093,Strong governance with a few legacy exceptions and pending collaboration controls.
39,Block webpages from automatically running Flash plugins,Completed,4.66 / 5,5%,Device,Microsoft Intune,Yes,No,Northwind Finance,scid_21,Strong governance with a few legacy exceptions and pending collaboration controls.
215,Enable UEFI Secure Boot mode,Completed,8.75 / 9,9%,Device,Microsoft Intune,Yes,No,Northwind Finance,scid_2100,Strong governance with a few legacy exceptions and pending collaboration controls.
40,Disable 'Password Manager',Completed,4.53 / 5,5%,Device,Microsoft Intune,Yes,No,Northwind Finance,scid_22,Strong governance with a few legacy exceptions and pending collaboration controls.
41,Enable 'Block third party cookies',Completed,1.65 / 2,2%,Device,Microsoft Intune,Yes,No,Northwind Finance,scid_23,Strong governance with a few legacy exceptions and pending collaboration controls.
42,Set 'Remote Desktop security level' to 'TLS',Completed,7.26 / 8,8%,Device,Microsoft Intune,Yes,No,Northwind Finance,scid_24,Strong governance with a few legacy exceptions and pending collaboration controls.
43,Enable 'Local Security Authority (LSA) protection',Planned,6.47 / 8,8%,Device,Microsoft Intune,Yes,No,Northwind Finance,scid_25,Strong governance with a few legacy exceptions and pending collaboration controls.
308,Block executable content from email client and webmail,Planned,6.95 / 9,9%,Device,Exchange Online,Yes,No,Northwind Finance,scid_2500,Strong governance with a few legacy exceptions and pending collaboration controls.
309,Block all Office applications from creating child processes,Planned,7.23 / 9,9%,Device,Microsoft Intune,Yes,No,Northwind Finance,scid_2501,Strong governance with a few legacy exceptions and pending collaboration controls.
310,Block Office applications from creating executable content,Planned,7.36 / 9,9%,Device,Microsoft Intune,Yes,No,Northwind Finance,scid_2502,Strong governance with a few legacy exceptions and pending collaboration controls.
311,Block Office applications from injecting code into other processes,To address,1.02 / 9,9%,Device,Microsoft Intune,Yes,No,Northwind Finance,scid_2503,Strong governance with a few legacy exceptions and pending collaboration controls.
312,Block JavaScript or VBScript from launching downloaded executable content,Completed,8.56 / 9,9%,Device,Microsoft Intune,Yes,No,Northwind Finance,scid_2504,Strong governance with a few legacy exceptions and pending collaboration controls.
313,Block execution of potentially obfuscated scripts,Completed,7.97 / 9,9%,Device,Microsoft Intune,Yes,No,Northwind Finance,scid_2505,Strong governance with a few legacy exceptions and pending collaboration controls.
314,Block Win32 API calls from Office macros,Completed,7.56 / 9,9%,Device,Microsoft Intune,Yes,No,Northwind Finance,scid_2506,Strong governance with a few legacy exceptions and pending collaboration controls.
315,"Block executable files from running unless they meet a prevalence, age, or trusted list criterion",Completed,7.4 / 9,9%,Device,Microsoft Intune,Yes,No,Northwind Finance,scid_2507,Strong governance with a few legacy exceptions and pending collaboration controls.
316,Use advanced protection against ransomware,Completed,7.8 / 9,9%,Device,Microsoft Intune,Yes,No,Northwind Finance,scid_2508,Strong governance with a few legacy exceptions and pending collaboration controls.
126,Block credential stealing from the Windows local security authority subsystem (lsass.exe),Planned,6.95 / 9,9%,Device,Microsoft Intune,Yes,No,Northwind Finance,scid_2509,Strong governance with a few legacy exceptions and pending collaboration controls.
318,Block process creations originating from PSExec and WMI commands,Completed,7.99 / 9,9%,Device,Microsoft Intune,Yes,No,Northwind Finance,scid_2510,Strong governance with a few legacy exceptions and pending collaboration controls.
319,Block untrusted and unsigned processes that run from USB,Completed,7.51 / 9,9%,Device,Microsoft Intune,Yes,No,Northwind Finance,scid_2511,Strong governance with a few legacy exceptions and pending collaboration controls.
320,Block Office communication application from creating child processes,Completed,7.93 / 9,9%,Device,Microsoft Intune,Yes,No,Northwind Finance,scid_2512,Strong governance with a few legacy exceptions and pending collaboration controls.
321,Block Adobe Reader from creating child processes,Completed,9 / 9,9%,Device,Microsoft Intune,Yes,No,Northwind Finance,scid_2513,Strong governance with a few legacy exceptions and pending collaboration controls.
322,Block persistence through WMI event subscription,Completed,9 / 9,9%,Device,Microsoft Intune,Yes,No,Northwind Finance,scid_2514,Strong governance with a few legacy exceptions and pending collaboration controls.
323,Block abuse of exploited vulnerable signed drivers,Completed,7.66 / 9,9%,Device,Microsoft Intune,Yes,No,Northwind Finance,scid_2515,Strong governance with a few legacy exceptions and pending collaboration controls.
216,Block Webshell creation for Servers,Completed,7.42 / 9,9%,Device,Microsoft Intune,Yes,No,Northwind Finance,scid_2516,Strong governance with a few legacy exceptions and pending collaboration controls.
217,Block use of copied or impersonated system tools,Completed,9 / 9,9%,Device,Microsoft Intune,Yes,No,Northwind Finance,scid_2517,Strong governance with a few legacy exceptions and pending collaboration controls.
218,Block rebooting machine in Safe Mode,Planned,4.36 / 9,9%,Device,Microsoft Intune,Yes,No,Northwind Finance,scid_2518,Strong governance with a few legacy exceptions and pending collaboration controls.
44,Enable 'Safe DLL Search Mode',Completed,7.09 / 8,8%,Device,Microsoft Intune,Yes,No,Northwind Finance,scid_26,Strong governance with a few legacy exceptions and pending collaboration controls.
45,Set User Account Control (UAC) to automatically deny elevation requests,Completed,8 / 8,8%,Device,Microsoft Intune,Yes,No,Northwind Finance,scid_27,Strong governance with a few legacy exceptions and pending collaboration controls.
177,Set 'Interactive logon: Machine inactivity limit' to '1-900 seconds',Completed,4.72 / 5,5%,Device,Microsoft Intune,Yes,No,Northwind Finance,scid_28,Strong governance with a few legacy exceptions and pending collaboration controls.
46,Disable 'Enumerate administrator accounts on elevation',Completed,8 / 8,8%,Device,Microsoft Intune,Yes,No,Northwind Finance,scid_29,Strong governance with a few legacy exceptions and pending collaboration controls.
47,Disable 'Insecure guest logons' in SMB,Completed,7.81 / 8,8%,Device,Microsoft Intune,Yes,No,Northwind Finance,scid_30,Strong governance with a few legacy exceptions and pending collaboration controls.
164,Fix unquoted service path for Windows services,Completed,7.53 / 8,8%,Device,Microsoft Intune,Yes,No,Northwind Finance,scid_3001,Strong governance with a few legacy exceptions and pending collaboration controls.
165,Change service executable path to a common protected location,Planned,6.37 / 8,8%,Device,Microsoft Intune,Yes,No,Northwind Finance,scid_3002,Strong governance with a few legacy exceptions and pending collaboration controls.
166,Change service account to avoid cached password in windows registry,Completed,6.62 / 8,8%,Device,Microsoft Intune,Yes,No,Northwind Finance,scid_3003,Strong governance with a few legacy exceptions and pending collaboration controls.
168,Disable the built-in Administrator account,Completed,6.71 / 8,8%,Device,Microsoft Intune,Yes,No,Northwind Finance,scid_3010,Strong governance with a few legacy exceptions and pending collaboration controls.
169,Disable the built-in Guest account,Completed,8 / 8,8%,Device,Microsoft Intune,Yes,No,Northwind Finance,scid_3011,Strong governance with a few legacy exceptions and pending collaboration controls.
170,Set 'Minimum password length' to '14 or more characters',Completed,4.75 / 5,5%,Device,Microsoft Intune,Yes,No,Northwind Finance,scid_32,Strong governance with a few legacy exceptions and pending collaboration controls.
171,Set 'Enforce password history' to '24 or more password(s)',Completed,4.55 / 5,5%,Device,Microsoft Intune,Yes,No,Northwind Finance,scid_33,Strong governance with a few legacy exceptions and pending collaboration controls.
172,"Set 'Maximum password age' to '60 or fewer days, but not 0'",Completed,4.8 / 5,5%,Device,Microsoft Intune,Yes,No,Northwind Finance,scid_34,Strong governance with a few legacy exceptions and pending collaboration controls.
173,Set 'Minimum password age' to '1 or more day(s)',Completed,4.35 / 5,5%,Device,Microsoft Intune,Yes,No,Northwind Finance,scid_35,Strong governance with a few legacy exceptions and pending collaboration controls.
49,Enable 'Domain member: Require strong (Windows 2000 or later) session key',Completed,4.23 / 5,5%,Device,Microsoft Intune,Yes,No,Northwind Finance,scid_36,Strong governance with a few legacy exceptions and pending collaboration controls.
50,Enable 'Domain member: Digitally encrypt or sign secure channel data (always)',Planned,3.7 / 5,5%,Device,Microsoft Intune,Yes,Yes,Northwind Finance,scid_37,Strong governance with a few legacy exceptions and pending collaboration controls.
51,Enable Set 'Domain member: Digitally encrypt secure channel data (when possible)',Completed,4.32 / 5,5%,Device,Microsoft Intune,Yes,No,Northwind Finance,scid_38,Strong governance with a few legacy exceptions and pending collaboration controls.
52,Enable 'Domain member: Digitally sign secure channel data (when possible)',Planned,3.91 / 5,5%,Device,Microsoft Intune,Yes,No,Northwind Finance,scid_39,Strong governance with a few legacy exceptions and pending collaboration controls.
53,Disable 'Domain member: Disable machine account password changes',Planned,1.6 / 2,2%,Device,Microsoft Intune,Yes,No,Northwind Finance,scid_40,Strong governance with a few legacy exceptions and pending collaboration controls.
203,Disallow offline access to shares,Completed,7.44 / 8,8%,Device,Microsoft Intune,Yes,No,Northwind Finance,scid_4000,Strong governance with a few legacy exceptions and pending collaboration controls.
204,Remove share write permission set to ‘Everyone’,Completed,8 / 8,8%,Device,Microsoft Intune,Yes,No,Northwind Finance,scid_4001,Strong governance with a few legacy exceptions and pending collaboration controls.
205,Remove shares from the root folder,Completed,7.13 / 8,8%,Device,Microsoft Intune,Yes,No,Northwind Finance,scid_4002,Strong governance with a few legacy exceptions and pending collaboration controls.
206,Set folder access-based enumeration for shares,Completed,7.33 / 8,8%,Device,Microsoft Intune,Yes,No,Northwind Finance,scid_4003,Strong governance with a few legacy exceptions and pending collaboration controls.
175,Set 'Account lockout duration' to 15 minutes or more,Planned,4.82 / 6,6%,Device,Microsoft Intune,Yes,No,Northwind Finance,scid_41,Strong governance with a few legacy exceptions and pending collaboration controls.
178,Set 'Reset account lockout counter after' to 15 minutes or more,Planned,4.47 / 6,6%,Device,Microsoft Intune,Yes,No,Northwind Finance,scid_42,Strong governance with a few legacy exceptions and pending collaboration controls.
54,Disable Microsoft Defender Firewall notifications when programs are blocked for Domain profile,Completed,1.74 / 2,2%,Device,Microsoft Intune,Yes,No,Northwind Finance,scid_43,Strong governance with a few legacy exceptions and pending collaboration controls.
176,Set 'Account lockout threshold' to 1-10 invalid login attempts,Completed,5.08 / 6,6%,Device,Microsoft Intune,Yes,No,Northwind Finance,scid_44,Strong governance with a few legacy exceptions and pending collaboration controls.
202,Set user authentication for remote connections by using Network Level Authentication to 'Enabled',Completed,4.12 / 5,5%,Device,Microsoft Intune,Yes,No,Northwind Finance,scid_45,Strong governance with a few legacy exceptions and pending collaboration controls.
55,Disable Microsoft Defender Firewall notifications when programs are blocked for Private profile,Completed,1.83 / 2,2%,Device,Microsoft Intune,Yes,No,Northwind Finance,scid_46,Strong governance with a few legacy exceptions and pending collaboration controls.
56,Disable Microsoft Defender Firewall notifications when programs are blocked for Public profile,Completed,1.82 / 2,2%,Device,Microsoft Intune,Yes,No,Northwind Finance,scid_49,Strong governance with a few legacy exceptions and pending collaboration controls.
57,Disable merging of local Microsoft Defender Firewall rules with group policy firewall rules for the Public profile,Completed,4.58 / 5,5%,Device,Microsoft Intune,Yes,No,Northwind Finance,scid_50,Strong governance with a few legacy exceptions and pending collaboration controls.
179,Fix Microsoft Defender for Endpoint sensor data collection in macOS,Completed,8.55 / 10,10%,Device,Microsoft Intune,Yes,No,Northwind Finance,scid_5001,Strong governance with a few legacy exceptions and pending collaboration controls.
180,Fix Microsoft Defender for Endpoint impaired communications in macOS,Completed,8.5 / 10,10%,Device,Microsoft Intune,Yes,No,Northwind Finance,scid_5002,Strong governance with a few legacy exceptions and pending collaboration controls.
181,Set minimum password length to 15 or more characters in macOS,Planned,4.54 / 6,6%,Device,Microsoft Intune,Yes,Yes,Northwind Finance,scid_5003,Strong governance with a few legacy exceptions and pending collaboration controls.
182,Set 'Enforce password history' to '24 or more password(s)' in macOS,Completed,4.25 / 5,5%,Device,Microsoft Intune,Yes,No,Northwind Finance,scid_5004,Strong governance with a few legacy exceptions and pending collaboration controls.
183,"Set 'Maximum password age' to '90 or fewer days, but not 0' in macOS",Planned,4.03 / 5,5%,Device,Microsoft Intune,Yes,No,Northwind Finance,scid_5005,Strong governance with a few legacy exceptions and pending collaboration controls.
184,Set account lockout threshold to 5 or lower in macOS,Completed,6 / 7,7%,Device,Microsoft Intune,Yes,No,Northwind Finance,scid_5006,Strong governance with a few legacy exceptions and pending collaboration controls.
185,Turn on Firewall in macOS,Completed,10 / 10,10%,Device,Microsoft Intune,Yes,No,Northwind Finance,scid_5007,Strong governance with a few legacy exceptions and pending collaboration controls.
186,Enable Gatekeeper in macOS,Completed,7.09 / 8,8%,Device,Microsoft Intune,Yes,No,Northwind Finance,scid_5009,Strong governance with a few legacy exceptions and pending collaboration controls.
187,Enable System Integrity Protection (SIP) in macOS,Completed,7 / 7,7%,Device,Microsoft Intune,Yes,No,Northwind Finance,scid_5010,Strong governance with a few legacy exceptions and pending collaboration controls.
187,Enable FileVault Disk Encryption in macOS,Completed,6.68 / 7,7%,Device,Microsoft Intune,Yes,No,Northwind Finance,scid_5011,Strong governance with a few legacy exceptions and pending collaboration controls.
189,Ensure screensaver is set to start in 20 minutes or less in macOS,Completed,4.53 / 5,5%,Device,Microsoft Intune,Yes,No,Northwind Finance,scid_5013,Strong governance with a few legacy exceptions and pending collaboration controls.
190,Secure Home Folders in macOS,Planned,4.71 / 6,6%,Device,Microsoft Intune,Yes,No,Northwind Finance,scid_5014,Strong governance with a few legacy exceptions and pending collaboration controls.
191,Turn on Microsoft Defender Antivirus real-time protection in macOS,To address,1.51 / 10,10%,Device,Microsoft Intune,Yes,No,Northwind Finance,scid_5090,Strong governance with a few legacy exceptions and pending collaboration controls.
192,Turn on Microsoft Defender Antivirus PUA protection in block mode in macOS,Completed,9 / 9,9%,Device,Microsoft Intune,Yes,No,Northwind Finance,scid_5091,Strong governance with a few legacy exceptions and pending collaboration controls.
219,Turn on Tamper Protection for MacOS,Completed,7.72 / 8,8%,Device,Microsoft Intune,Yes,No,Northwind Finance,scid_5092,Strong governance with a few legacy exceptions and pending collaboration controls.
220,Enable Microsoft Defender Antivirus real-time behavior monitoring in macOS,Completed,5 / 5,5%,Device,Microsoft Intune,Yes,No,Northwind Finance,scid_5093,Strong governance with a few legacy exceptions and pending collaboration controls.
193,Enable Microsoft Defender Antivirus cloud-delivered protection in macOS,Completed,8 / 8,8%,Device,Microsoft Intune,Yes,No,Northwind Finance,scid_5094,Strong governance with a few legacy exceptions and pending collaboration controls.
194,Update Microsoft Defender Antivirus definitions in macOS,Completed,7.96 / 9,9%,Device,Microsoft Intune,Yes,No,Northwind Finance,scid_5095,Strong governance with a few legacy exceptions and pending collaboration controls.
58,Disable merging of local Microsoft Defender Firewall connection rules with group policy firewall rules for the Public profile,Planned,4.08 / 5,5%,Device,Microsoft Intune,Yes,No,Northwind Finance,scid_51,Strong governance with a few legacy exceptions and pending collaboration controls.
59,Enable 'Apply UAC restrictions to local accounts on network logons',Completed,5 / 5,5%,Device,Microsoft Intune,Yes,No,Northwind Finance,scid_52,Strong governance with a few legacy exceptions and pending collaboration controls.
60,Disable SMBv1 client driver,Completed,6.95 / 8,8%,Device,Microsoft Intune,Yes,No,Northwind Finance,scid_53,Strong governance with a few legacy exceptions and pending collaboration controls.
61,Disable SMBv1 server,Completed,6.73 / 8,8%,Device,Microsoft Intune,Yes,No,Northwind Finance,scid_54,Strong governance with a few legacy exceptions and pending collaboration controls.
174,Disable 'Network access: Let Everyone permissions apply to anonymous users',Completed,4.35 / 5,5%,Device,Microsoft Intune,Yes,No,Northwind Finance,scid_55,Strong governance with a few legacy exceptions and pending collaboration controls.
62,Disable 'WDigest Authentication',Completed,4.78 / 5,5%,Device,Microsoft Intune,Yes,No,Northwind Finance,scid_57,Strong governance with a few legacy exceptions and pending collaboration controls.
63,Disable 'Installation and configuration of Network Bridge on your DNS domain network',Completed,4.35 / 5,5%,Device,Microsoft Intune,Yes,No,Northwind Finance,scid_58,Strong governance with a few legacy exceptions and pending collaboration controls.
64,Enable 'Require domain users to elevate when setting a network's location',Completed,1.83 / 2,2%,Device,Microsoft Intune,Yes,No,Northwind Finance,scid_59,Strong governance with a few legacy exceptions and pending collaboration controls.
65,Prohibit use of Internet Connection Sharing on your DNS domain network,Completed,4.4 / 5,5%,Device,Microsoft Intune,Yes,No,Northwind Finance,scid_60,Strong governance with a few legacy exceptions and pending collaboration controls.
195,Fix Microsoft Defender for Endpoint sensor data collection for Linux,Completed,9.25 / 10,10%,Device,Microsoft Intune,Yes,No,Northwind Finance,scid_6001,Strong governance with a few legacy exceptions and pending collaboration controls.
196,Fix Microsoft Defender for Endpoint impaired communications for Linux,Completed,9.05 / 10,10%,Device,Microsoft Intune,Yes,No,Northwind Finance,scid_6002,Strong governance with a few legacy exceptions and pending collaboration controls.
197,Unrestricted Access Accounts for Linux,Planned,4.33 / 6,6%,Device,Microsoft Intune,Yes,No,Northwind Finance,scid_6014,Strong governance with a few legacy exceptions and pending collaboration controls.
198,Turn on Microsoft Defender Antivirus real-time protection for Linux,Completed,8.92 / 10,10%,Device,Microsoft Intune,Yes,No,Northwind Finance,scid_6090,Strong governance with a few legacy exceptions and pending collaboration controls.
199,Turn on Microsoft Defender Antivirus PUA protection in block mode for Linux,To address,0.95 / 9,9%,Device,Microsoft Intune,Yes,No,Northwind Finance,scid_6091,Strong governance with a few legacy exceptions and pending collaboration controls.
221,Turn on Microsoft Defender Antivirus Tamper Protection for Linux,Completed,6.87 / 8,8%,Device,Microsoft Intune,Yes,No,Northwind Finance,scid_6092,Strong governance with a few legacy exceptions and pending collaboration controls.
222,Enable Microsoft Defender Antivirus real-time behavior monitoring for Linux,Completed,4.96 / 5,5%,Device,Microsoft Intune,Yes,No,Northwind Finance,scid_6093,Strong governance with a few legacy exceptions and pending collaboration controls.
200,Enable Microsoft Defender Antivirus cloud-delivered protection for Linux,Completed,7.06 / 8,8%,Device,Microsoft Intune,Yes,No,Northwind Finance,scid_6094,Strong governance with a few legacy exceptions and pending collaboration controls.
201,Update Microsoft Defender Antivirus definitions for Linux,Completed,8.31 / 9,9%,Device,Microsoft Intune,Yes,No,Northwind Finance,scid_6095,Strong governance with a few legacy exceptions and pending collaboration controls.
66,Set 'Minimum PIN length for startup' to '6 or more characters',Planned,4.08 / 5,5%,Device,Microsoft Intune,Yes,No,Northwind Finance,scid_61,Strong governance with a few legacy exceptions and pending collaboration controls.
223,Enable 'Microsoft Defender for Endpoint Plug-in for WSL',Completed,4.34 / 5,5%,Device,Microsoft Intune,Yes,No,Northwind Finance,scid_6100,Strong governance with a few legacy exceptions and pending collaboration controls.
67,Enable 'Require additional authentication at startup',Planned,6.25 / 8,8%,Device,Microsoft Intune,Yes,No,Northwind Finance,scid_62,Strong governance with a few legacy exceptions and pending collaboration controls.
68,Disable 'Configure Offer Remote Assistance',Planned,3.98 / 5,5%,Device,Microsoft Intune,Yes,No,Northwind Finance,scid_63,Strong governance with a few legacy exceptions and pending collaboration controls.
69,Restrict anonymous access to named pipes and Shares,Completed,7.43 / 8,8%,Device,Microsoft Intune,Yes,No,Northwind Finance,scid_64,Strong governance with a few legacy exceptions and pending collaboration controls.
70,Disable 'Store LAN Manager hash value on next password change',Completed,7.27 / 8,8%,Device,Microsoft Intune,Yes,No,Northwind Finance,scid_65,Strong governance with a few legacy exceptions and pending collaboration controls.
71,Disable 'Always install with elevated privileges',Completed,8 / 8,8%,Device,Microsoft Intune,Yes,No,Northwind Finance,scid_66,Strong governance with a few legacy exceptions and pending collaboration controls.
72,Disable 'Autoplay for non-volume devices',Completed,4.42 / 5,5%,Device,Microsoft Intune,Yes,No,Northwind Finance,scid_67,Strong governance with a few legacy exceptions and pending collaboration controls.
73,Disable 'Anonymous enumeration of SAM accounts',Completed,7.11 / 8,8%,Device,Microsoft Intune,Yes,No,Northwind Finance,scid_68,Strong governance with a few legacy exceptions and pending collaboration controls.
74,Disable 'Autoplay' for all drives,Completed,7.12 / 8,8%,Device,Microsoft Intune,Yes,No,Northwind Finance,scid_69,Strong governance with a few legacy exceptions and pending collaboration controls.
75,Set default behavior for 'AutoRun' to 'Enabled: Do not execute any autorun commands',To address,2.24 / 8,8%,Device,Microsoft Intune,Yes,No,Northwind Finance,scid_70,Strong governance with a few legacy exceptions and pending collaboration controls.
76,Enable 'Limit local account use of blank passwords to console logon only',Planned,3.9 / 5,5%,Device,Microsoft Intune,Yes,No,Northwind Finance,scid_71,Strong governance with a few legacy exceptions and pending collaboration controls.
77,Set LAN Manager authentication level to 'Send NTLMv2 response only. Refuse LM & NTLM',Planned,6.43 / 8,8%,Device,Microsoft Intune,Yes,No,Northwind Finance,scid_72,Strong governance with a few legacy exceptions and pending collaboration controls.
78,Disable 'Allow Basic authentication' for WinRM Client,Completed,6.89 / 8,8%,Device,Microsoft Intune,Yes,No,Northwind Finance,scid_73,Strong governance with a few legacy exceptions and pending collaboration controls.
79,Disable 'Allow Basic authentication' for WinRM Service,Completed,7.84 / 8,8%,Device,Microsoft Intune,Yes,No,Northwind Finance,scid_74,Strong governance with a few legacy exceptions and pending collaboration controls.
80,Disable Flash on Adobe Reader DC,Completed,5 / 5,5%,Device,Microsoft Intune,Yes,No,Northwind Finance,scid_75,Strong governance with a few legacy exceptions and pending collaboration controls.
81,Disable JavaScript on Adobe Reader DC,Completed,5 / 5,5%,Device,Microsoft Intune,Yes,No,Northwind Finance,scid_76,Strong governance with a few legacy exceptions and pending collaboration controls.
82,Disable Flash on Adobe Acrobat Pro XI,Completed,4.42 / 5,5%,Device,Microsoft Intune,Yes,No,Northwind Finance,scid_77,Strong governance with a few legacy exceptions and pending collaboration controls.
83,Disable JavaScript on Adobe Acrobat Pro XI,Completed,4.11 / 5,5%,Device,Microsoft Intune,Yes,No,Northwind Finance,scid_78,Strong governance with a few legacy exceptions and pending collaboration controls.
84,Disable running or installing downloaded software with invalid signature,Planned,4.06 / 5,5%,Device,Microsoft Intune,Yes,No,Northwind Finance,scid_79,Strong governance with a few legacy exceptions and pending collaboration controls.
85,Block Flash activation in Office documents,Completed,4.24 / 5,5%,Device,Microsoft Intune,Yes,No,Northwind Finance,scid_80,Strong governance with a few legacy exceptions and pending collaboration controls.
86,Set IPv6 source routing to highest protection,Planned,3.96 / 5,5%,Device,Microsoft Intune,Yes,No,Northwind Finance,scid_81,Strong governance with a few legacy exceptions and pending collaboration controls.
87,Disable IP source routing,Completed,4.24 / 5,5%,Device,Microsoft Intune,Yes,No,Northwind Finance,scid_82,Strong governance with a few legacy exceptions and pending collaboration controls.
88,Enable Explorer Data Execution Prevention (DEP),Completed,4.57 / 5,5%,Device,Microsoft Intune,Yes,No,Northwind Finance,scid_83,Strong governance with a few legacy exceptions and pending collaboration controls.
90,Block outdated ActiveX controls for Internet Explorer,Completed,4.44 / 5,5%,Device,Microsoft Intune,Yes,No,Northwind Finance,scid_85,Strong governance with a few legacy exceptions and pending collaboration controls.
91,Disable Solicited Remote Assistance,Completed,7.65 / 8,8%,Device,Microsoft Intune,Yes,No,Northwind Finance,scid_87,Strong governance with a few legacy exceptions and pending collaboration controls.
92,Disable Anonymous enumeration of shares,Completed,6.61 / 8,8%,Device,Microsoft Intune,Yes,No,Northwind Finance,scid_88,Strong governance with a few legacy exceptions and pending collaboration controls.
92,Enable scanning of removable drives during a full scan,Planned,6.32 / 8,8%,Device,Microsoft Intune,Yes,No,Northwind Finance,scid_89,Strong governance with a few legacy exceptions and pending collaboration controls.
422,Enable 'Local Machine Zone Lockdown Security',Completed,4.14 / 5,5%,Device,Microsoft Intune,Yes,No,Northwind Finance,scid_9,Strong governance with a few legacy exceptions and pending collaboration controls.
93,Enable Microsoft Defender Antivirus email scanning,Completed,7.93 / 9,9%,Device,Exchange Online,Yes,No,Northwind Finance,scid_90,Strong governance with a few legacy exceptions and pending collaboration controls.
94,Enable Microsoft Defender Antivirus real-time behavior monitoring,Planned,3.82 / 5,5%,Device,Microsoft Intune,Yes,No,Northwind Finance,scid_91,Strong governance with a few legacy exceptions and pending collaboration controls.
95,Enable Microsoft Defender Antivirus scanning of downloaded files and attachments,Completed,8.79 / 10,10%,Device,Microsoft Intune,Yes,No,Northwind Finance,scid_92,Strong governance with a few legacy exceptions and pending collaboration controls.
96,Disable the local storage of passwords and credentials,Completed,4.68 / 5,5%,Device,Microsoft Intune,Yes,No,Northwind Finance,scid_93,Strong governance with a few legacy exceptions and pending collaboration controls.
97,Disable sending unencrypted password to third-party SMB servers,Completed,4.8 / 5,5%,Device,Microsoft Intune,Yes,No,Northwind Finance,scid_94,Strong governance with a few legacy exceptions and pending collaboration controls.
98,Enable 'Microsoft network client: Digitally sign communications (always)',Completed,4.75 / 5,5%,Device,Microsoft Intune,Yes,No,Northwind Finance,scid_95,Strong governance with a few legacy exceptions and pending collaboration controls.
429,Enable 'Network Protection',Completed,7.49 / 8,8%,Device,Microsoft Intune,Yes,No,Northwind Finance,scid_96,Strong governance with a few legacy exceptions and pending collaboration controls.
159,Disable JavaScript on Adobe DC,Completed,4.51 / 5,5%,Device,Microsoft Intune,Yes,No,Northwind Finance,scid_97,Strong governance with a few legacy exceptions and pending collaboration controls.
160,Disable JavaScript on Adobe Reader 2017,Planned,4 / 5,5%,Device,Microsoft Intune,Yes,No,Northwind Finance,scid_98,Strong governance with a few legacy exceptions and pending collaboration controls.
161,Disable JavaScript on Adobe Acrobat 2017,To address,0.54 / 5,5%,Device,Microsoft Intune,Yes,No,Northwind Finance,scid_99,Strong governance with a few legacy exceptions and pending collaboration controls.
20,Ensure 'Self service password reset enabled' is set to 'All',Completed,0.92 / 1,1%,Identity,Microsoft Entra ID,No,No,Northwind Finance,SelfServicePasswordReset,Strong governance with a few legacy exceptions and pending collaboration controls.
58,Enable Microsoft Entra ID Identity Protection sign-in risk policies,Completed,7 / 7,7%,Identity,Microsoft Entra ID,Yes,No,Northwind Finance,SigninRiskPolicy,Strong governance with a few legacy exceptions and pending collaboration controls.
10,Block OneDrive for Business sync from unmanaged devices,Completed,2.86 / 3,3%,Apps,SharePoint Online,No,No,Northwind Finance,spo_block_onedrive_sync_unmanaged_devices,Strong governance with a few legacy exceptions and pending collaboration controls.
10,Ensure SharePoint external sharing is managed through domain whitelist/blacklists,Completed,2.76 / 3,3%,Apps,SharePoint Online,Yes,No,Northwind Finance,spo_external_sharing_managed,Strong governance with a few legacy exceptions and pending collaboration controls.
10,Ensure that SharePoint guest users cannot share items they don't own,Completed,2.89 / 3,3%,Identity,SharePoint Online,Yes,No,Northwind Finance,spo_external_users_sharing,Strong governance with a few legacy exceptions and pending collaboration controls.
128,Sign out inactive users in SharePoint Online,Completed,0.84 / 1,1%,Identity,SharePoint Online,Yes,No,Northwind Finance,spo_idle_session_timeout,Strong governance with a few legacy exceptions and pending collaboration controls.
128,Ensure modern authentication for SharePoint applications is required,Planned,0.81 / 1,1%,Identity,SharePoint Online,Yes,No,Northwind Finance,spo_legacy_auth,Strong governance with a few legacy exceptions and pending collaboration controls.
10,Ensure that Sways cannot be shared with people outside of your organization,Completed,2.6 / 3,3%,Apps,SWAY,Yes,No,Northwind Finance,sway_block_sharing_with_outside_users,Strong governance with a few legacy exceptions and pending collaboration controls.
59,Enable Microsoft Entra ID Identity Protection user risk policies,Completed,5.86 / 7,7%,Identity,Microsoft Entra ID,Yes,No,Northwind Finance,UserRiskPolicy,Strong governance with a few legacy exceptions and pending collaboration controls.
