Rank,Recommended action,Status,Points achieved,Score impact,Category,Product,Have license?,Regressed,Tenant,Control ID,Notes
10,Ensure Administrative accounts are separate and cloud-only,To address,0.34 / 3,3%,Identity,Microsoft Entra ID,Yes,Yes,Tailspin Education,aad_admin_accounts_separate_unassigned_cloud_only,"Education-style sprawl: guests, old devices, and collaboration policies all over the place."
10,Ensure the admin consent workflow is enabled,Completed,4.47 / 5,5%,Identity,Microsoft Entra ID,Yes,No,Tailspin Education,aad_admin_consent_workflow,"Education-style sprawl: guests, old devices, and collaboration policies all over the place."
10,Ensure custom banned passwords lists are used,Planned,2.24 / 5,5%,Identity,Microsoft Entra ID,Yes,Yes,Tailspin Education,aad_custom_banned_passwords,"Education-style sprawl: guests, old devices, and collaboration policies all over the place."
10,Ensure 'Microsoft Azure Management' is limited to administrative roles,Planned,1.71 / 3,3%,Identity,Microsoft Entra ID,Yes,No,Tailspin Education,aad_limited_administrative_roles,"Education-style sprawl: guests, old devices, and collaboration policies all over the place."
10,Ensure 'LinkedIn account connections' is disabled,To address,0.67 / 3,3%,Identity,Microsoft Entra ID,Yes,Yes,Tailspin Education,aad_linkedin_connection_disables,"Education-style sprawl: guests, old devices, and collaboration policies all over the place."
10,Ensure that only organizationally managed/approved public groups exist,To address,0.75 / 3,3%,Identity,Microsoft Entra ID,Yes,No,Tailspin Education,aad_managed_approved_public_groups_only,"Education-style sprawl: guests, old devices, and collaboration policies all over the place."
10,Ensure password protection is enabled for on-prem Active Directory,To address,1.99 / 6,6%,Identity,Microsoft Entra ID,No,No,Tailspin Education,aad_password_protection,"Education-style sprawl: guests, old devices, and collaboration policies all over the place."
10,Ensure 'Phishing-resistant MFA strength' is required for Administrators,To address,0.79 / 7,7%,Identity,Microsoft Entra ID,Yes,No,Tailspin Education,aad_phishing_MFA_strength,"Education-style sprawl: guests, old devices, and collaboration policies all over the place."
10,Ensure Sign-in frequency is enabled and browser sessions are not persistent for Administrative users,To address,1.68 / 5,5%,Identity,Microsoft Entra ID,Yes,No,Tailspin Education,aad_sign_in_freq_session_timeout,"Education-style sprawl: guests, old devices, and collaboration policies all over the place."
10,Ensure third party integrated applications are not allowed,Planned,2.14 / 5,5%,Identity,Microsoft Entra ID,Yes,No,Tailspin Education,aad_third_party_apps,"Education-style sprawl: guests, old devices, and collaboration policies all over the place."
65,Locate accounts in built-in Operator Groups,Completed,6.6 / 8,8%,Identity,Microsoft Entra ID,Yes,No,Tailspin Education,AATP_AccountsInOperatorGroups,"Education-style sprawl: guests, old devices, and collaboration policies all over the place."
65,Accounts with non-default Primary Group ID,Planned,2.11 / 5,5%,Identity,Microsoft Entra ID,Yes,No,Tailspin Education,AATP_AccountsWithNonDefaultPrimaryGroup,"Education-style sprawl: guests, old devices, and collaboration policies all over the place."
65,Change password for accounts with leaked credentials,Planned,2.4 / 5,5%,Identity,Microsoft Entra ID,Yes,No,Tailspin Education,AATP_AccountWithLeakedCredentials,"Education-style sprawl: guests, old devices, and collaboration policies all over the place."
65,Change password for on-prem account with potentially leaked credentials,To address,0.99 / 5,5%,Identity,Microsoft Entra ID,No,No,Tailspin Education,AATP_AdAccountWithPotentiallyLeakedCredentials,"Education-style sprawl: guests, old devices, and collaboration policies all over the place."
65,Prevent Certificate Enrollment with arbitrary Application Policies (ESC15),To address,1.63 / 5,5%,Identity,Microsoft Entra ID,Yes,No,Tailspin Education,AATP_ADCSCertificateTemplateArbitraryAppPolicies,"Education-style sprawl: guests, old devices, and collaboration policies all over the place."
65,Prevent users to request a certificate valid for arbitrary users based on the certificate template (ESC1),To address,0.68 / 5,5%,Identity,Microsoft Entra ID,Yes,No,Tailspin Education,AATP_ADCSCertificateTemplateEnrolementSuppliesSubject,"Education-style sprawl: guests, old devices, and collaboration policies all over the place."
65,Install Defender for Identity Sensor on ADCS servers,To address,0.11 / 4,4%,Identity,Microsoft Entra ID,Yes,Yes,Tailspin Education,AATP_AdcsComputersWithNoMdiSensorInstalled,"Education-style sprawl: guests, old devices, and collaboration policies all over the place."
65,Edit insecure certificate enrollment IIS endpoints (ESC8),To address,0.08 / 5,5%,Identity,Microsoft Intune,Yes,No,Tailspin Education,AATP_ADCSInsecureCertificateEnrollmentIisEndpoints,"Education-style sprawl: guests, old devices, and collaboration policies all over the place."
65,Edit misconfigured Certificate Authority ACL (ESC7),Planned,3.12 / 5,5%,Identity,Microsoft Entra ID,Yes,No,Tailspin Education,AATP_ADCSMisconfiguredCertificateAuthorityAcl,"Education-style sprawl: guests, old devices, and collaboration policies all over the place."
65,Edit misconfigured certificate templates ACL (ESC4),Planned,3.04 / 5,5%,Identity,Microsoft Entra ID,Yes,No,Tailspin Education,AATP_ADCSMisconfiguredCertificateTemplateAcl,"Education-style sprawl: guests, old devices, and collaboration policies all over the place."
60,Edit overly permissive Certificate Template with privileged EKU (Any purpose EKU or No EKU) (ESC2),Planned,3.85 / 5,5%,Identity,Microsoft Entra ID,Yes,No,Tailspin Education,AATP_ADCSMisconfiguredCertificateTemplateEku,"Education-style sprawl: guests, old devices, and collaboration policies all over the place."
65,Edit misconfigured enrollment agent certificate template (ESC3),Planned,1.85 / 5,5%,Identity,Microsoft Entra ID,Yes,No,Tailspin Education,AATP_ADCSMisconfiguredCertificateTemplateEnrollmentAgent,"Education-style sprawl: guests, old devices, and collaboration policies all over the place."
65,Edit misconfigured certificate templates owner (ESC4),To address,0.04 / 5,5%,Identity,Microsoft Entra ID,Yes,No,Tailspin Education,AATP_ADCSMisconfiguredCertificateTemplateOwner,"Education-style sprawl: guests, old devices, and collaboration policies all over the place."
65,Enforce encryption for RPC certificate enrollment interface (ESC8),To address,0.41 / 5,5%,Identity,Microsoft Entra ID,Yes,No,Tailspin Education,AATP_ADCSMisconfiguredRpcEnrollmentSigning,"Education-style sprawl: guests, old devices, and collaboration policies all over the place."
65,Edit vulnerable Certificate Authority setting (ESC6),To address,0.26 / 5,5%,Identity,Microsoft Entra ID,Yes,No,Tailspin Education,AATP_ADCSSanSpecifiedByUserEnabled,"Education-style sprawl: guests, old devices, and collaboration policies all over the place."
65,Install Defender for Identity Sensor on ADFS servers,To address,1.11 / 4,4%,Identity,Microsoft Entra ID,No,Yes,Tailspin Education,AATP_AdfsComputersWithNoMdiSensorInstalled,"Education-style sprawl: guests, old devices, and collaboration policies all over the place."
67,Remove access rights on suspicious accounts with the Admin SDHolder permission,To address,1.12 / 5,5%,Identity,Microsoft Entra ID,Yes,Yes,Tailspin Education,AATP_AdminSDHolder,"Education-style sprawl: guests, old devices, and collaboration policies all over the place."
65,Change password for Entra seamless SSO account,To address,0.56 / 5,5%,Identity,Microsoft Entra ID,No,No,Tailspin Education,AATP_AzureSsoAccountOldPasswords,"Education-style sprawl: guests, old devices, and collaboration policies all over the place."
65,Change password of built-in domain Administrator account,Completed,4.43 / 5,5%,Identity,Microsoft Entra ID,Yes,No,Tailspin Education,AATP_BuiltinAdministratorAccountWithOldPassword,"Education-style sprawl: guests, old devices, and collaboration policies all over the place."
65,Built-in Active Directory Guest account is enabled,To address,1.22 / 5,5%,Identity,Microsoft Entra ID,Yes,No,Tailspin Education,AATP_BuiltinGuestAccountIsEnabled,"Education-style sprawl: guests, old devices, and collaboration policies all over the place."
65,Change password for krbtgt account,Planned,2.1 / 5,5%,Identity,Microsoft Entra ID,Yes,No,Tailspin Education,AATP_BuiltinKrbtgtAccountWithOldPassword,"Education-style sprawl: guests, old devices, and collaboration policies all over the place."
67,Stop clear text credentials exposure,To address,0.25 / 5,5%,Identity,Microsoft Entra ID,Yes,No,Tailspin Education,AATP_ClearText,"Education-style sprawl: guests, old devices, and collaboration policies all over the place."
65,Remove stale CyberArk Identity privileged accounts,To address,0.39 / 5,5%,Identity,Microsoft Entra ID,Yes,Yes,Tailspin Education,AATP_CyberArk_DormantPriviledgedAccounts,"Education-style sprawl: guests, old devices, and collaboration policies all over the place."
65,High number of CyberArk Identity accounts with a privileged role assigned,To address,0.52 / 5,5%,Identity,Microsoft Entra ID,Yes,No,Tailspin Education,AATP_CyberArk_HighNumberOfPriviledgedIdentityAccounts,"Education-style sprawl: guests, old devices, and collaboration policies all over the place."
65,Limit the number of CyberArk Identity accounts with system admin role,To address,1.53 / 5,5%,Identity,Microsoft Entra ID,Yes,No,Tailspin Education,AATP_CyberArk_HighNumberOfSystemAdmins,"Education-style sprawl: guests, old devices, and collaboration policies all over the place."
65,Change password for CyberArk Identity privileged User accounts,Planned,2.73 / 6,6%,Identity,Microsoft Entra ID,Yes,No,Tailspin Education,AATP_CyberArk_PriviledgedUserAccountsWithOldPasswords,"Education-style sprawl: guests, old devices, and collaboration policies all over the place."
59,"Start your Defender for Identity deployment, installing Sensors on Domain Controllers and other eligible servers.",Planned,4.08 / 5,5%,Identity,Microsoft Entra ID,No,No,Tailspin Education,AATP_DefenderForIdentityIsNotInstalled,"Education-style sprawl: guests, old devices, and collaboration policies all over the place."
65,Unsafe permissions on the DnsAdmins group,Completed,6.81 / 8,8%,Identity,Microsoft Entra ID,Yes,No,Tailspin Education,AATP_DnsAdminsGroupWithUnsafePermissions,"Education-style sprawl: guests, old devices, and collaboration policies all over the place."
65,Remove local admins on identity assets,Planned,2.58 / 5,5%,Identity,Microsoft Entra ID,Yes,No,Tailspin Education,AATP_DomainControllerLocalUsers,"Education-style sprawl: guests, old devices, and collaboration policies all over the place."
65,Change Domain Controller computer account old password,To address,1.31 / 5,5%,Identity,Microsoft Entra ID,No,No,Tailspin Education,AATP_DomainControllersWithOldPassword,"Education-style sprawl: guests, old devices, and collaboration policies all over the place."
67,Remove dormant accounts from sensitive groups,Planned,2 / 5,5%,Identity,Microsoft Entra ID,Yes,No,Tailspin Education,AATP_DormantAccounts,"Education-style sprawl: guests, old devices, and collaboration policies all over the place."
65,Rotate password for Entra Connect AD DS Connector account,To address,0.92 / 3,3%,Identity,Microsoft Entra ID,No,Yes,Tailspin Education,AATP_EntraConnectAccountsOldPasswords,"Education-style sprawl: guests, old devices, and collaboration policies all over the place."
65,Replace Enterprise or Domain Admin account for Entra Connect AD DS Connector account,To address,0.85 / 3,3%,Identity,Microsoft Entra ID,Yes,No,Tailspin Education,AATP_EntraConnectAccountsWithConnectorAccountAsDefaultAdmin,"Education-style sprawl: guests, old devices, and collaboration policies all over the place."
65,Remove unnecessary replication permissions for Entra Connect AD DS Connector Account,To address,2.27 / 8,8%,Identity,Microsoft Entra ID,Yes,Yes,Tailspin Education,AATP_EntraConnectAccountUnnecessaryReplicationPermission,"Education-style sprawl: guests, old devices, and collaboration policies all over the place."
65,Install Defender for Identity Sensor on Entra Connect servers,Planned,2.92 / 4,4%,Identity,Microsoft Entra ID,Yes,No,Tailspin Education,AATP_EntraConnectComputersWithNoMdiSensorInstalled,"Education-style sprawl: guests, old devices, and collaboration policies all over the place."
65,Remove unsafe permissions on sensitive Entra Connect accounts,To address,1.42 / 9,9%,Identity,Microsoft Entra ID,Yes,No,Tailspin Education,AATP_EntraConnectSensitiveAccountsWithUnsafePermissions,"Education-style sprawl: guests, old devices, and collaboration policies all over the place."
65,Remove discoverable passwords in Active Directory account attributes,Planned,3.57 / 8,8%,Identity,Microsoft Entra ID,Yes,No,Tailspin Education,AATP_ExposedPasswordsInADAttributes,"Education-style sprawl: guests, old devices, and collaboration policies all over the place."
65,Set a valid password rotation interval for gMSA,To address,0.94 / 6,6%,Identity,Microsoft Entra ID,Yes,Yes,Tailspin Education,AATP_GroupManagedServiceAccountWithUnrecommendedPasswordChangeInterval,"Education-style sprawl: guests, old devices, and collaboration policies all over the place."
65,GPO can be modified by unprivileged accounts,Planned,2.06 / 5,5%,Identity,Microsoft Entra ID,Yes,No,Tailspin Education,AATP_GroupPolicyAbnormalModificationAssignment,"Education-style sprawl: guests, old devices, and collaboration policies all over the place."
65,GPO assigns unprivileged identities to local groups with elevated privileges,To address,1.91 / 7,7%,Identity,Microsoft Entra ID,Yes,No,Tailspin Education,AATP_GroupPolicyAssignsUnprivilegedIdentitiesToElevatedLocalGroups,"Education-style sprawl: guests, old devices, and collaboration policies all over the place."
65,Reversible passwords found in GPOs,To address,0.12 / 8,8%,Identity,Microsoft Entra ID,Yes,No,Tailspin Education,AATP_GroupPolicyPasswordInPreferences,"Education-style sprawl: guests, old devices, and collaboration policies all over the place."
61,Set a honeytoken account,To address,0 / 1,1%,Identity,Microsoft Entra ID,Yes,No,Tailspin Education,AATP_HoneyToken,"Education-style sprawl: guests, old devices, and collaboration policies all over the place."
65,Remove stale service accounts,Planned,2.75 / 5,5%,Identity,Microsoft Entra ID,Yes,No,Tailspin Education,AATP_InactiveServiceAccounts,"Education-style sprawl: guests, old devices, and collaboration policies all over the place."
67,Modify unsecure Kerberos delegations to prevent impersonation,Planned,3.59 / 5,5%,Identity,Microsoft Entra ID,No,No,Tailspin Education,AATP_KerberosDelegations,"Education-style sprawl: guests, old devices, and collaboration policies all over the place."
66,Remove non-admin accounts with DCSync permissions,Completed,5 / 5,5%,Identity,Microsoft Entra ID,Yes,No,Tailspin Education,AATP_NonAdminDCSyncAccounts,"Education-style sprawl: guests, old devices, and collaboration policies all over the place."
65,Remove dormant Okta privileged accounts,To address,0.51 / 5,5%,Identity,Microsoft Entra ID,Yes,No,Tailspin Education,AATP_Okta_Dormant,"Education-style sprawl: guests, old devices, and collaboration policies all over the place."
65,High number of Okta accounts with privileged role assigned,Planned,3.08 / 5,5%,Identity,Microsoft Entra ID,Yes,No,Tailspin Education,AATP_Okta_HighNumberOfNonSuperAdminPrivilegedUserAccounts,"Education-style sprawl: guests, old devices, and collaboration policies all over the place."
65,Limit the Number of Okta Super Admins Accounts,Planned,2.72 / 5,5%,Identity,Microsoft Entra ID,No,No,Tailspin Education,AATP_Okta_HighNumberOfSuperAdmins,"Education-style sprawl: guests, old devices, and collaboration policies all over the place."
65,Change password for Okta privileged User accounts,To address,1.72 / 6,6%,Identity,Microsoft Entra ID,No,Yes,Tailspin Education,AATP_Okta_SensitiveAccountWithOldPassword,"Education-style sprawl: guests, old devices, and collaboration policies all over the place."
65,Assign multi-factor authentication for Okta privileged user accounts,To address,0.09 / 5,5%,Identity,Microsoft Entra ID,Yes,No,Tailspin Education,AATP_Okta_SensitiveAccountWithoutFactorsAssigned,"Education-style sprawl: guests, old devices, and collaboration policies all over the place."
65,Highly Privileged Okta Api Token,To address,1.57 / 5,5%,Identity,Microsoft Entra ID,No,Yes,Tailspin Education,AATP_Okta_SensitiveApiToken,"Education-style sprawl: guests, old devices, and collaboration policies all over the place."
67,Reduce lateral movement path risk to sensitive entities,Planned,2.76 / 5,5%,Identity,Microsoft Entra ID,Yes,No,Tailspin Education,AATP_PathRisk,"Education-style sprawl: guests, old devices, and collaboration policies all over the place."
65,Remove stale PingOne privileged accounts,Planned,3.82 / 5,5%,Identity,Microsoft Entra ID,Yes,Yes,Tailspin Education,AATP_Ping_Dormant,"Education-style sprawl: guests, old devices, and collaboration policies all over the place."
65,High number of PingOne accounts with a privileged role assigned,Planned,2.44 / 5,5%,Identity,Microsoft Entra ID,No,No,Tailspin Education,AATP_Ping_HighNumberOfNonSuperAdminPrivilegedUserAccounts,"Education-style sprawl: guests, old devices, and collaboration policies all over the place."
65,Limit the number of PingOne accounts with organization admin role,Completed,5 / 5,5%,Identity,Microsoft Entra ID,Yes,No,Tailspin Education,AATP_Ping_HighNumberOfSuperAdmins,"Education-style sprawl: guests, old devices, and collaboration policies all over the place."
65,Change password for PingOne privileged User accounts,Planned,3.84 / 6,6%,Identity,Microsoft Entra ID,Yes,No,Tailspin Education,AATP_Ping_SensitiveAccountWithOldPassword,"Education-style sprawl: guests, old devices, and collaboration policies all over the place."
65,Assign multi-factor authentication for PingOne privileged user accounts,To address,0.1 / 5,5%,Identity,Microsoft Entra ID,No,No,Tailspin Education,AATP_Ping_SensitiveAccountWithoutFactorsAssigned,"Education-style sprawl: guests, old devices, and collaboration policies all over the place."
67,Disable Print spooler service on domain controllers,To address,0 / 5,5%,Identity,Microsoft Entra ID,Yes,No,Tailspin Education,AATP_PrintSpooler,"Education-style sprawl: guests, old devices, and collaboration policies all over the place."
65,Ensure privileged accounts are not delegated,To address,1.6 / 5,5%,Identity,Microsoft Entra ID,Yes,No,Tailspin Education,AATP_PrivilegedAccountsWithDelegationAllowed,"Education-style sprawl: guests, old devices, and collaboration policies all over the place."
65,Identify Entra ID privileged accounts that are also privileged in Active Directory,Planned,4.04 / 9,9%,Identity,Microsoft Entra ID,Yes,No,Tailspin Education,AATP_PrivilegedEntraIdAndActiveDirectoryAccounts,"Education-style sprawl: guests, old devices, and collaboration policies all over the place."
67,Protect and manage local admin passwords with Microsoft LAPS,To address,0.26 / 5,5%,Identity,Microsoft Entra ID,No,No,Tailspin Education,AATP_PwdLAPS,"Education-style sprawl: guests, old devices, and collaboration policies all over the place."
65,Remove stale SailPoint privileged accounts,Planned,1.91 / 5,5%,Identity,Microsoft Entra ID,No,No,Tailspin Education,AATP_SailPoint_DormantPriviledgedAccounts,"Education-style sprawl: guests, old devices, and collaboration policies all over the place."
65,High number of SailPoint accounts with a privileged role assigned,Planned,1.86 / 5,5%,Identity,Microsoft Entra ID,Yes,No,Tailspin Education,AATP_SailPoint_HighNumberOfPriviledgedIdentityAccounts,"Education-style sprawl: guests, old devices, and collaboration policies all over the place."
65,Limit the number of SailPoint accounts with system admin role,Planned,4.07 / 5,5%,Identity,Microsoft Entra ID,Yes,No,Tailspin Education,AATP_SailPoint_HighNumberOfSystemAdmins,"Education-style sprawl: guests, old devices, and collaboration policies all over the place."
65,Assign multi-factor authentication for SailPoint privileged user accounts,Planned,2.42 / 5,5%,Identity,Microsoft Entra ID,Yes,Yes,Tailspin Education,AATP_SailPoint_MFAforPriviledgedUserAccounts,"Education-style sprawl: guests, old devices, and collaboration policies all over the place."
65,Change password for SailPoint privileged User accounts,To address,0.52 / 5,5%,Identity,Microsoft Entra ID,Yes,No,Tailspin Education,AATP_SailPoint_PriviledgedUserAccountsWithOldPasswords,"Education-style sprawl: guests, old devices, and collaboration policies all over the place."
60,Install Defender for Identity Sensor on all Domain Controllers,To address,0.81 / 4,4%,Identity,Microsoft Entra ID,No,No,Tailspin Education,AATP_Sensor,"Education-style sprawl: guests, old devices, and collaboration policies all over the place."
65,Identify service accounts in privileged groups,To address,0.46 / 7,7%,Identity,Microsoft Entra ID,Yes,No,Tailspin Education,AATP_ServiceAccountsInPrivilegedGroup,"Education-style sprawl: guests, old devices, and collaboration policies all over the place."
67,Remove unsecure SID history attributes from entities,To address,0.02 / 5,5%,Identity,Microsoft Entra ID,No,No,Tailspin Education,AATP_SIDHistory,"Education-style sprawl: guests, old devices, and collaboration policies all over the place."
65,Rotate old password for sMSA and set up valid rotation interval in the GPO,To address,0.28 / 6,6%,Identity,Microsoft Entra ID,Yes,No,Tailspin Education,AATP_SingleManagedServiceAccountsWithOldPassword,"Education-style sprawl: guests, old devices, and collaboration policies all over the place."
65,Remove stale Active Directory accounts,Planned,3.7 / 5,5%,Identity,Microsoft Entra ID,Yes,No,Tailspin Education,AATP_StaleAccounts,"Education-style sprawl: guests, old devices, and collaboration policies all over the place."
67,Resolve unsecure account attributes,Completed,4.13 / 5,5%,Identity,Microsoft Entra ID,Yes,No,Tailspin Education,AATP_UnsecureAccount,"Education-style sprawl: guests, old devices, and collaboration policies all over the place."
60,Resolve unsecure domain configurations,Planned,2.15 / 5,5%,Identity,Microsoft Entra ID,Yes,No,Tailspin Education,AATP_UnsecureDomain,"Education-style sprawl: guests, old devices, and collaboration policies all over the place."
63,Configure VPN integration,To address,0.19 / 1,1%,Identity,Microsoft Entra ID,No,No,Tailspin Education,AATP_Vpn,"Education-style sprawl: guests, old devices, and collaboration policies all over the place."
67,Stop weak cipher usage,To address,0.69 / 5,5%,Identity,Microsoft Entra ID,No,No,Tailspin Education,AATP_WeakCipher,"Education-style sprawl: guests, old devices, and collaboration policies all over the place."
10,Ensure 'User owned apps and services' is restricted,To address,0.17 / 3,3%,Identity,Microsoft Entra ID,Yes,No,Tailspin Education,admincenter_owned_apps_and_services,"Education-style sprawl: guests, old devices, and collaboration policies all over the place."
1,Ensure multifactor authentication is enabled for all users in administrative roles,To address,1.35 / 10,10%,Identity,Microsoft Entra ID,Yes,No,Tailspin Education,AdminMFAV2,"Education-style sprawl: guests, old devices, and collaboration policies all over the place."
9,Regulate cloud app access to sensitive data,Planned,2.88 / 7,7%,Apps,AppG,Yes,No,Tailspin Education,AppG_regulate_access_to_sensitive_data,"Education-style sprawl: guests, old devices, and collaboration policies all over the place."
10,Regulate apps with priority account consent,Planned,4.25 / 7,7%,Apps,AppG,Yes,Yes,Tailspin Education,AppG_unusual_activity_with_priority_account,"Education-style sprawl: guests, old devices, and collaboration policies all over the place."
68,Enable Conditional Access policies to block legacy authentication,Planned,4.32 / 8,8%,Identity,Microsoft Entra ID,Yes,No,Tailspin Education,BlockLegacyAuthentication,"Education-style sprawl: guests, old devices, and collaboration policies all over the place."
127,Ensure the customer lockbox feature is enabled,Planned,0.78 / 1,1%,Apps,Exchange Online,Yes,No,Tailspin Education,CustomerLockBoxEnabled,"Education-style sprawl: guests, old devices, and collaboration policies all over the place."
128,Ensure DLP policies are enabled,Planned,3.02 / 5,5%,Data,MIP,No,No,Tailspin Education,dlp_datalossprevention,"Education-style sprawl: guests, old devices, and collaboration policies all over the place."
128,Ensure 'External sharing' of calendars is not available,Planned,2.58 / 5,5%,Apps,Exchange Online,Yes,No,Tailspin Education,exo_individualsharing,"Education-style sprawl: guests, old devices, and collaboration policies all over the place."
10,Ensure mailbox auditing for all users is Enabled,Planned,1.22 / 3,3%,Apps,Exchange Online,Yes,No,Tailspin Education,exo_mailboxaudit,"Education-style sprawl: guests, old devices, and collaboration policies all over the place."
10,Ensure MailTips are enabled for end users,Planned,1.27 / 3,3%,Apps,Exchange Online,Yes,No,Tailspin Education,exo_mailtipsenabled,"Education-style sprawl: guests, old devices, and collaboration policies all over the place."
10,Ensure modern authentication for Exchange Online is enabled,To address,0.18 / 3,3%,Identity,Exchange Online,Yes,No,Tailspin Education,exo_oauth2clientprofileenabled,"Education-style sprawl: guests, old devices, and collaboration policies all over the place."
10,Ensure users installing Outlook add-ins is not allowed,Planned,1.32 / 3,3%,Apps,Exchange Online,Yes,No,Tailspin Education,exo_outlookaddins,"Education-style sprawl: guests, old devices, and collaboration policies all over the place."
10,Ensure that SPF records are published for all Exchange Domains,Planned,3.54 / 5,5%,Apps,Exchange Online,Yes,Yes,Tailspin Education,exo_SPF_records_for_all_domains,"Education-style sprawl: guests, old devices, and collaboration policies all over the place."
10,Ensure additional storage providers are restricted in Outlook on the web,To address,0.14 / 5,5%,Apps,Exchange Online,Yes,No,Tailspin Education,exo_storageproviderrestricted,"Education-style sprawl: guests, old devices, and collaboration policies all over the place."
128,Ensure Spam confidence level (SCL) is configured in mail transport rules with specific domains,Planned,2.27 / 3,3%,Apps,Exchange Online,Yes,No,Tailspin Education,exo_transportrulesallowlistdomains,"Education-style sprawl: guests, old devices, and collaboration policies all over the place."
10,Ensure internal phishing protection for Forms is enabled,Planned,3.92 / 6,6%,Apps,FORMS,No,No,Tailspin Education,forms_phishing_protection,"Education-style sprawl: guests, old devices, and collaboration policies all over the place."
35,Ensure user consent to apps accessing company data on their behalf is not allowed,Planned,2.12 / 4,4%,Identity,Microsoft Entra ID,Yes,No,Tailspin Education,IntegratedApps,"Education-style sprawl: guests, old devices, and collaboration policies all over the place."
10,Ensure Microsoft Defender for Cloud Apps is enabled and configured,Planned,2.06 / 5,5%,Apps,Microsoft Defender,Yes,No,Tailspin Education,mcas_mda_enabled,"Education-style sprawl: guests, old devices, and collaboration policies all over the place."
82,Deploy a log collector to discover shadow IT activity,Planned,0.36 / 1,1%,Apps,MCAS,No,No,Tailspin Education,McasFirewallLogUpload,"Education-style sprawl: guests, old devices, and collaboration policies all over the place."
10,Enable multi-factor authentication (MFA),To address,0.9 / 7,7%,Identity,Microsoft Entra ID,Yes,No,Tailspin Education,MDA_Atlassian_EnableTwoFactorAuth,"Education-style sprawl: guests, old devices, and collaboration policies all over the place."
10,Enable Single Sing On (SSO),Planned,3.71 / 7,7%,Identity,Microsoft Entra ID,Yes,No,Tailspin Education,MDA_Atlassian_ForceSSO,"Education-style sprawl: guests, old devices, and collaboration policies all over the place."
10,Enable session timeout for web users,Planned,2.44 / 6,6%,Identity,Microsoft Entra ID,Yes,No,Tailspin Education,MDA_Atlassian_InactiveTimeoutMins,"Education-style sprawl: guests, old devices, and collaboration policies all over the place."
10,Atlassian mobile app security - App access requirement,Planned,4.85 / 6,6%,Identity,Microsoft Entra ID,Yes,No,Tailspin Education,MDA_Atlassian_mobile_access,"Education-style sprawl: guests, old devices, and collaboration policies all over the place."
10,Atlassian mobile app security - App data protection,Planned,2.44 / 6,6%,Apps,MDA_Atlassian,No,No,Tailspin Education,MDA_Atlassian_mobile_dataprotection,"Education-style sprawl: guests, old devices, and collaboration policies all over the place."
10,Atlassian mobile app security - Users that are affected by policies,Planned,2.14 / 3,3%,Identity,Microsoft Entra ID,Yes,Yes,Tailspin Education,MDA_Atlassian_mobile_UsersAffected,"Education-style sprawl: guests, old devices, and collaboration policies all over the place."
10,Enable Password expiration policies,To address,0.35 / 6,6%,Identity,Microsoft Entra ID,Yes,Yes,Tailspin Education,MDA_Atlassian_passwordExpiry,"Education-style sprawl: guests, old devices, and collaboration policies all over the place."
10,Enable multi-factor authentication (MFA),Planned,2.68 / 7,7%,Identity,Microsoft Entra ID,Yes,No,Tailspin Education,MDA_CitrixSF_EnableTwoFactorAuth,"Education-style sprawl: guests, old devices, and collaboration policies all over the place."
10,Enable Single Sign on (SSO),To address,0 / 7,7%,Identity,Microsoft Entra ID,Yes,No,Tailspin Education,MDA_CitrixSF_ForceSSO,"Education-style sprawl: guests, old devices, and collaboration policies all over the place."
10,Enable session timeout for web users,To address,1.44 / 6,6%,Identity,Microsoft Entra ID,Yes,No,Tailspin Education,MDA_CitrixSF_InactiveTimeoutMins,"Education-style sprawl: guests, old devices, and collaboration policies all over the place."
10,Enhance 'login maximum attempts' - Lockout timer,Planned,3.01 / 6,6%,Identity,Microsoft Entra ID,Yes,No,Tailspin Education,MDA_CitrixSF_LoginFailLockoutSecs,"Education-style sprawl: guests, old devices, and collaboration policies all over the place."
10,Enhance 'login maximum attempts' - Number of attempts,Planned,3.92 / 6,6%,Identity,Microsoft Entra ID,Yes,No,Tailspin Education,MDA_CitrixSF_LoginFailMaxAttempts,"Education-style sprawl: guests, old devices, and collaboration policies all over the place."
10,Enable password minimum length,To address,0.96 / 4,4%,Identity,Microsoft Entra ID,Yes,No,Tailspin Education,MDA_CitrixSF_MinimumLength,"Education-style sprawl: guests, old devices, and collaboration policies all over the place."
10,Enable password minimum numeric characters,Planned,3.12 / 4,4%,Identity,Microsoft Entra ID,Yes,No,Tailspin Education,MDA_CitrixSF_MinimumNumeric,"Education-style sprawl: guests, old devices, and collaboration policies all over the place."
10,Enable password minimum special characters,To address,1.02 / 4,4%,Identity,Microsoft Entra ID,Yes,No,Tailspin Education,MDA_CitrixSF_MinimumSpecialCharacters,"Education-style sprawl: guests, old devices, and collaboration policies all over the place."
10,Enable password expiration policies,To address,0.78 / 4,4%,Identity,Microsoft Entra ID,Yes,No,Tailspin Education,MDA_CitrixSF_PasswordMaxAgeDays,"Education-style sprawl: guests, old devices, and collaboration policies all over the place."
10,Enhance password requirements,To address,0.08 / 4,4%,Identity,Microsoft Entra ID,Yes,No,Tailspin Education,MDA_DocuSign_EnhancedPassword,"Education-style sprawl: guests, old devices, and collaboration policies all over the place."
10,Password expiry requirements,To address,0.02 / 4,4%,Identity,Microsoft Entra ID,Yes,No,Tailspin Education,MDA_DocuSign_PasswordExpires,"Education-style sprawl: guests, old devices, and collaboration policies all over the place."
10,Enable session timeout for web users,To address,0.21 / 6,6%,Identity,Microsoft Entra ID,Yes,No,Tailspin Education,MDA_DocuSign_SessionTimeout,"Education-style sprawl: guests, old devices, and collaboration policies all over the place."
10,Enable web session timeout for web users,To address,1.59 / 6,6%,Identity,Microsoft Entra ID,Yes,Yes,Tailspin Education,MDA_Dropbox_InactiveTimeoutMins,"Education-style sprawl: guests, old devices, and collaboration policies all over the place."
10,Disable 'Allow members to view dependency insights',Planned,2.13 / 4,4%,Identity,Microsoft Entra ID,Yes,No,Tailspin Education,MDA_GitHub_DependencyInsights,"Education-style sprawl: guests, old devices, and collaboration policies all over the place."
10,Enabled 'email notification delivery for this enterprise is restricted to verified or approved domains',Planned,1.3 / 3,3%,Apps,Exchange Online,Yes,No,Tailspin Education,MDA_GitHub_EmailNotificationRestrictedToVerifiedOrApprovedDomains,"Education-style sprawl: guests, old devices, and collaboration policies all over the place."
10,Enforce IP allow list configuration for org resources,Planned,2.23 / 4,4%,Identity,Microsoft Entra ID,Yes,No,Tailspin Education,MDA_GitHub_IPallowListConfigurationForOrgResources,"Education-style sprawl: guests, old devices, and collaboration policies all over the place."
10,Disable 'Allow repository administrators to invite outside collaborators to repositories for this organization,Planned,1.81 / 4,4%,Identity,Microsoft Entra ID,No,No,Tailspin Education,MDA_GitHub_OutsideCollabInvitation,"Education-style sprawl: guests, old devices, and collaboration policies all over the place."
10,Disable private repository forking,To address,2.05 / 7,7%,Apps,MDA_GitHub,Yes,No,Tailspin Education,MDA_GitHub_PrivateRepositoryForkingSetting,"Education-style sprawl: guests, old devices, and collaboration policies all over the place."
10,"Disable 'Members will be able to create public repositories, visible to anyone'",To address,1.13 / 4,4%,Identity,Microsoft Entra ID,Yes,No,Tailspin Education,MDA_GitHub_PublicRepoCreation,"Education-style sprawl: guests, old devices, and collaboration policies all over the place."
10,Disable 'members with admin permissions for repositories can delete or transfer repositories',To address,1.43 / 6,6%,Identity,Microsoft Entra ID,Yes,No,Tailspin Education,MDA_GitHub_RepoTransferOrDeletion,"Education-style sprawl: guests, old devices, and collaboration policies all over the place."
10,Disable 'Allow members to change repository visibilities for this organization',Planned,2.85 / 6,6%,Apps,MDA_GitHub,No,No,Tailspin Education,MDA_GitHub_RepoVisibility_change,"Education-style sprawl: guests, old devices, and collaboration policies all over the place."
10,Enable single sign on (SSO),To address,0.24 / 3,3%,Identity,Microsoft Entra ID,Yes,No,Tailspin Education,MDA_GitHub_SAML,"Education-style sprawl: guests, old devices, and collaboration policies all over the place."
10,Enable multi-factor authentication (MFA),Planned,2.46 / 7,7%,Identity,Microsoft Entra ID,Yes,No,Tailspin Education,MDA_Google_EnableTwoFactorAuth,"Education-style sprawl: guests, old devices, and collaboration policies all over the place."
10,Adopt SSO (Single sign on) in netDocuments,Planned,3.93 / 7,7%,Identity,Microsoft Entra ID,Yes,Yes,Tailspin Education,MDA_NetDocuments_SSO,"Education-style sprawl: guests, old devices, and collaboration policies all over the place."
10,Enhance password requirements,Planned,2.96 / 4,4%,Identity,Microsoft Entra ID,Yes,No,Tailspin Education,MDA_Okta_EnhancedPassword,"Education-style sprawl: guests, old devices, and collaboration policies all over the place."
10,Enable multi-factor authentication,Planned,4.15 / 7,7%,Identity,Microsoft Entra ID,Yes,No,Tailspin Education,MDA_Okta_MFA,"Education-style sprawl: guests, old devices, and collaboration policies all over the place."
10,Password expiry requirements,Planned,1.88 / 4,4%,Identity,Microsoft Entra ID,Yes,No,Tailspin Education,MDA_Okta_PasswordExpires,"Education-style sprawl: guests, old devices, and collaboration policies all over the place."
10,Enable session timeout for web users,To address,0.16 / 6,6%,Identity,Microsoft Entra ID,Yes,No,Tailspin Education,MDA_Okta_SessionTimeout,"Education-style sprawl: guests, old devices, and collaboration policies all over the place."
10,Remote Site,To address,0 / 5,5%,Apps,MDA_SF,Yes,No,Tailspin Education,MDA_SF_disableProtocolSecurity,"Education-style sprawl: guests, old devices, and collaboration policies all over the place."
10,Disable Administrators Can Log In As Any User,To address,0.6 / 3,3%,Identity,Microsoft Entra ID,Yes,No,Tailspin Education,MDA_SF_enableAdminLoginAsAnyUser,"Education-style sprawl: guests, old devices, and collaboration policies all over the place."
10,Disable Caching and Autocomplete on Login Page via Session settings,Planned,2.36 / 4,4%,Identity,Microsoft Entra ID,Yes,No,Tailspin Education,MDA_SF_enableCacheAndAutocomplete,"Education-style sprawl: guests, old devices, and collaboration policies all over the place."
10,Enable clickjack protection for non-Setup for Salesforce pages,Planned,2.12 / 3,3%,Apps,MDA_SF,Yes,No,Tailspin Education,MDA_SF_enableClickjackNonsetupSFDC,"Education-style sprawl: guests, old devices, and collaboration policies all over the place."
10,Enable clickjack protection for customer VisualForce pages with standard headers,Completed,2.49 / 3,3%,Apps,MDA_SF,Yes,No,Tailspin Education,MDA_SF_enableClickjackNonsetupUser,"Education-style sprawl: guests, old devices, and collaboration policies all over the place."
10,Enable clickjack protection for customer VisualForce pages with headers disabled,Planned,1.72 / 3,3%,Apps,MDA_SF,Yes,No,Tailspin Education,MDA_SF_enableClickjackNonsetupUserHeaderless,"Education-style sprawl: guests, old devices, and collaboration policies all over the place."
10,Enable clickjack protection for Setup pages,Planned,1.68 / 3,3%,Apps,MDA_SF,Yes,No,Tailspin Education,MDA_SF_enableClickjackSetup,"Education-style sprawl: guests, old devices, and collaboration policies all over the place."
10,Enable Content Sniffing protection,Planned,1.24 / 3,3%,Apps,MDA_SF,No,No,Tailspin Education,MDA_SF_enableContentSniffingProtection,"Education-style sprawl: guests, old devices, and collaboration policies all over the place."
10,Enable Content Security Policy protection for email templates,To address,0.59 / 3,3%,Apps,Exchange Online,Yes,No,Tailspin Education,MDA_SF_enableCSPOnEmail,"Education-style sprawl: guests, old devices, and collaboration policies all over the place."
10,Enable CSRF protection on GET requests on non-setup pages,To address,0.74 / 3,3%,Apps,MDA_SF,Yes,No,Tailspin Education,MDA_SF_enableCSRFOnGet,"Education-style sprawl: guests, old devices, and collaboration policies all over the place."
10,Enable CSRF protection on POST requests on non-setup pages,To address,0.41 / 3,3%,Apps,MDA_SF,Yes,Yes,Tailspin Education,MDA_SF_enableCSRFOnPost,"Education-style sprawl: guests, old devices, and collaboration policies all over the place."
33,Require identity verification during multi-factor authentication (MFA) registration,Planned,4.7 / 7,7%,Identity,Microsoft Entra ID,Yes,Yes,Tailspin Education,MDA_SF_enableMultipleSamlConfigs,"Education-style sprawl: guests, old devices, and collaboration policies all over the place."
10,Let users verify their identity by text (SMS),Completed,7 / 7,7%,Identity,Microsoft Entra ID,Yes,No,Tailspin Education,MDA_SF_enableSMSIdentity,"Education-style sprawl: guests, old devices, and collaboration policies all over the place."
10,Enforce login IP ranges on every request,Planned,3.39 / 5,5%,Identity,Microsoft Entra ID,Yes,No,Tailspin Education,MDA_SF_enforceIpRangesEveryRequest,"Education-style sprawl: guests, old devices, and collaboration policies all over the place."
10,Force logout on session timeout,To address,2.12 / 7,7%,Identity,Microsoft Entra ID,Yes,No,Tailspin Education,MDA_SF_forceLogoutOnSessionTimeout,"Education-style sprawl: guests, old devices, and collaboration policies all over the place."
10,Force (admin) relogin after Login-As-User,To address,0.39 / 3,3%,Identity,Microsoft Entra ID,Yes,Yes,Tailspin Education,MDA_SF_forceRelogin,"Education-style sprawl: guests, old devices, and collaboration policies all over the place."
10,Require identity verification for change of email address,To address,0 / 5,5%,Identity,Exchange Online,Yes,No,Tailspin Education,MDA_SF_identityConfirmationOnEmailChange,"Education-style sprawl: guests, old devices, and collaboration policies all over the place."
10,Lock sessions to the domain in which they were first used,To address,0 / 7,7%,Identity,Microsoft Entra ID,No,No,Tailspin Education,MDA_SF_lockSessionsToDomain,"Education-style sprawl: guests, old devices, and collaboration policies all over the place."
10,Maximum invalid login attempts,To address,0.01 / 5,5%,Identity,Microsoft Entra ID,Yes,No,Tailspin Education,MDA_SF_maxLoginAttempts,"Education-style sprawl: guests, old devices, and collaboration policies all over the place."
10,Require a minimum 1 day password lifetime,To address,1.36 / 5,5%,Identity,Microsoft Entra ID,Yes,No,Tailspin Education,MDA_SF_minimumPasswordLifetime,"Education-style sprawl: guests, old devices, and collaboration policies all over the place."
10,Password complexity requirement,Planned,2.77 / 4,4%,Identity,Microsoft Entra ID,Yes,No,Tailspin Education,MDA_SF_password_complexity,"Education-style sprawl: guests, old devices, and collaboration policies all over the place."
10,User passwords expire in 90 days or less,Planned,2.53 / 5,5%,Identity,Microsoft Entra ID,Yes,No,Tailspin Education,MDA_SF_password_expiration,"Education-style sprawl: guests, old devices, and collaboration policies all over the place."
10,Enforce password history,Planned,2.06 / 4,4%,Identity,Microsoft Entra ID,Yes,No,Tailspin Education,MDA_SF_password_historyRestriction,"Education-style sprawl: guests, old devices, and collaboration policies all over the place."
10,Lockout effective period,Planned,3.37 / 7,7%,Identity,Microsoft Entra ID,Yes,No,Tailspin Education,MDA_SF_password_lockoutInterval,"Education-style sprawl: guests, old devices, and collaboration policies all over the place."
10,Minimum password length,To address,0.73 / 4,4%,Identity,Microsoft Entra ID,Yes,No,Tailspin Education,MDA_SF_password_minimumPasswordLength,"Education-style sprawl: guests, old devices, and collaboration policies all over the place."
10,Obscure secret answer for password resets,To address,0.31 / 3,3%,Identity,Microsoft Entra ID,No,No,Tailspin Education,MDA_SF_password_obscureSecretAnswer,"Education-style sprawl: guests, old devices, and collaboration policies all over the place."
10,Password question requirement,To address,0.63 / 3,3%,Identity,Microsoft Entra ID,Yes,No,Tailspin Education,MDA_SF_password_questionRestriction,"Education-style sprawl: guests, old devices, and collaboration policies all over the place."
10,Session timeout,To address,0.59 / 7,7%,Identity,Microsoft Entra ID,Yes,No,Tailspin Education,MDA_SF_password_sessionTimeout,"Education-style sprawl: guests, old devices, and collaboration policies all over the place."
10,Require HttpOnly attribute,To address,0.55 / 3,3%,Apps,MDA_SF,Yes,No,Tailspin Education,MDA_SF_requireHttpOnly,"Education-style sprawl: guests, old devices, and collaboration policies all over the place."
10,Enable multi-factor authentication,Planned,4.88 / 6,6%,Identity,Microsoft Entra ID,Yes,No,Tailspin Education,MDA_SNOW_authenticateMultifactor,"Education-style sprawl: guests, old devices, and collaboration policies all over the place."
10,Enable enforcing JSONv2 requests with basic authorization,Planned,2.73 / 5,5%,Identity,Microsoft Entra ID,Yes,No,Tailspin Education,MDA_SNOW_authRequiredJson2,"Education-style sprawl: guests, old devices, and collaboration policies all over the place."
10,Enable enforcing SOAP requests with basic authorization,Planned,2.73 / 5,5%,Identity,Microsoft Entra ID,Yes,No,Tailspin Education,MDA_SNOW_authRequiredSOAP,"Education-style sprawl: guests, old devices, and collaboration policies all over the place."
10,Enable unload request authorization,Planned,2.07 / 6,6%,Identity,Microsoft Entra ID,Yes,No,Tailspin Education,MDA_SNOW_authRequiredUnl,"Education-style sprawl: guests, old devices, and collaboration policies all over the place."
10,Enable script request authorization,Planned,2.02 / 4,4%,Identity,Microsoft Entra ID,Yes,No,Tailspin Education,MDA_SNOW_cauthRequiredScriptedProcessor,"Education-style sprawl: guests, old devices, and collaboration policies all over the place."
10,Enable URL allow list for cross-origin iframe communication,To address,1.33 / 6,6%,Apps,MDA_SNOW,Yes,No,Tailspin Education,MDA_SNOW_concourseOnmessageEnforceSameOrigin,"Education-style sprawl: guests, old devices, and collaboration policies all over the place."
10,Enable Password Reset Policy Checks,To address,0.18 / 4,4%,Identity,Microsoft Entra ID,Yes,No,Tailspin Education,MDA_SNOW_enablePasswordPolicy,"Education-style sprawl: guests, old devices, and collaboration policies all over the place."
10,Enable high security plugin,To address,0 / 7,7%,Apps,MDA_SNOW,Yes,No,Tailspin Education,MDA_SNOW_highSecurity,"Education-style sprawl: guests, old devices, and collaboration policies all over the place."
10,Set default cache-control HTTP header value to private,Planned,2.69 / 6,6%,Apps,MDA_SNOW,Yes,No,Tailspin Education,MDA_SNOW_httpCacheControl,"Education-style sprawl: guests, old devices, and collaboration policies all over the place."
10,Disable password-less authentication,Planned,2.99 / 6,6%,Identity,Microsoft Entra ID,Yes,No,Tailspin Education,MDA_SNOW_loginNoBlankPassword,"Education-style sprawl: guests, old devices, and collaboration policies all over the place."
10,Enable Contextual Security: Role Management plugin,Planned,3.52 / 6,6%,Identity,Microsoft Entra ID,Yes,No,Tailspin Education,MDA_SNOW_roleManagement,"Education-style sprawl: guests, old devices, and collaboration policies all over the place."
10,Set client-callable script includes to private,Planned,2.04 / 4,4%,Apps,MDA_SNOW,Yes,No,Tailspin Education,MDA_SNOW_scriptCcsiIsPublic,"Education-style sprawl: guests, old devices, and collaboration policies all over the place."
10,Apply access control rule (ACL) validation when server-side records are accessed using GlideAjax APIs within a client script,Planned,2.56 / 4,4%,Apps,MDA_SNOW,Yes,No,Tailspin Education,MDA_SNOW_scriptSecureAjaxgliderecord,"Education-style sprawl: guests, old devices, and collaboration policies all over the place."
10,Enable client generated scripts sandbox,To address,1.47 / 6,6%,Apps,MDA_SNOW,Yes,No,Tailspin Education,MDA_SNOW_scriptUseSandbox,"Education-style sprawl: guests, old devices, and collaboration policies all over the place."
10,Enable default deny with new ACL rules,To address,0.26 / 5,5%,Apps,MDA_SNOW,Yes,No,Tailspin Education,MDA_SNOW_smDefaultMode,"Education-style sprawl: guests, old devices, and collaboration policies all over the place."
10,Enable managing failed login attempts,To address,0.95 / 4,4%,Identity,Microsoft Entra ID,Yes,No,Tailspin Education,MDA_SNOW_sncUserLockoutCheck,"Education-style sprawl: guests, old devices, and collaboration policies all over the place."
10,Enable SOAP content type checking,To address,1.43 / 6,6%,Apps,MDA_SNOW,No,No,Tailspin Education,MDA_SNOW_soapRequireContentTypeXml,"Education-style sprawl: guests, old devices, and collaboration policies all over the place."
10,Enable SOAP request strict security,To address,1.21 / 6,6%,Apps,MDA_SNOW,Yes,No,Tailspin Education,MDA_SNOW_soapStrictSecurity,"Education-style sprawl: guests, old devices, and collaboration policies all over the place."
10,Activate security jump start (ACL rules) plugin,Planned,2.5 / 4,4%,Identity,Microsoft Entra ID,Yes,No,Tailspin Education,MDA_SNOW_systemSecurity,"Education-style sprawl: guests, old devices, and collaboration policies all over the place."
10,Enable session activity timeout,Planned,1.82 / 4,4%,Identity,Microsoft Entra ID,Yes,No,Tailspin Education,MDA_SNOW_uiSessionTimeout,"Education-style sprawl: guests, old devices, and collaboration policies all over the place."
10,Enable anti-CSRF token,Planned,4.65 / 6,6%,Identity,Microsoft Entra ID,Yes,No,Tailspin Education,MDA_SNOW_useCsrfToken,"Education-style sprawl: guests, old devices, and collaboration policies all over the place."
10,Enable absolute session timeout,To address,0.64 / 4,4%,Identity,Microsoft Entra ID,Yes,No,Tailspin Education,MDA_SNOW_userCookieMaxLifeSpanInDays,"Education-style sprawl: guests, old devices, and collaboration policies all over the place."
10,Adopt SSO (Single sign on) in Workplace by Meta,To address,0 / 7,7%,Identity,Microsoft Entra ID,Yes,Yes,Tailspin Education,MDA_Workplace_SSO,"Education-style sprawl: guests, old devices, and collaboration policies all over the place."
10,Block admins to set passwords,To address,0.72 / 3,3%,Identity,Microsoft Entra ID,Yes,Yes,Tailspin Education,MDA_Zendesk_AdminPassChange,"Education-style sprawl: guests, old devices, and collaboration policies all over the place."
10,Block account assumption,To address,0.87 / 4,4%,Identity,Microsoft Entra ID,Yes,Yes,Tailspin Education,MDA_Zendesk_BlockAccountAssumption,"Education-style sprawl: guests, old devices, and collaboration policies all over the place."
10,Block customers to bypass IP restrictions,To address,0.89 / 3,3%,Identity,Microsoft Entra ID,Yes,No,Tailspin Education,MDA_Zendesk_bypassIPrestrictions,"Education-style sprawl: guests, old devices, and collaboration policies all over the place."
10,"Send a notification on password change for admins, agents, and end users",Planned,1.75 / 3,3%,Identity,Microsoft Entra ID,Yes,No,Tailspin Education,MDA_Zendesk_EmailNotificationsforPassChange,"Education-style sprawl: guests, old devices, and collaboration policies all over the place."
10,Admins and agents can use the Zendesk Support mobile app,Planned,2.07 / 3,3%,Apps,MDA_Zendesk,Yes,No,Tailspin Education,MDA_Zendesk_enableapp,"Education-style sprawl: guests, old devices, and collaboration policies all over the place."
10,Enable IP restrictions,Completed,2.75 / 3,3%,Identity,Microsoft Entra ID,Yes,No,Tailspin Education,MDA_Zendesk_IPrestrictions,"Education-style sprawl: guests, old devices, and collaboration policies all over the place."
10,Enable and adopt two-factor authentication (2FA),Planned,4.16 / 7,7%,Identity,Microsoft Entra ID,Yes,No,Tailspin Education,MDA_Zendesk_MFA,"Education-style sprawl: guests, old devices, and collaboration policies all over the place."
10,Enable session timeout for users,Planned,2.74 / 6,6%,Identity,Microsoft Entra ID,Yes,No,Tailspin Education,MDA_Zendesk_sessionexpiry,"Education-style sprawl: guests, old devices, and collaboration policies all over the place."
10,Enable external Authentication (google or microsoft or SSO),To address,0.83 / 7,7%,Identity,Microsoft Entra ID,Yes,No,Tailspin Education,MDA_Zendesk_SSO,"Education-style sprawl: guests, old devices, and collaboration policies all over the place."
10,Enable Zendesk authentication,To address,0.09 / 7,7%,Identity,Microsoft Entra ID,Yes,No,Tailspin Education,MDA_Zendesk_ZanAuth,"Education-style sprawl: guests, old devices, and collaboration policies all over the place."
10,Block users in specific domains from joining meetings and webinars,To address,0 / 3,3%,Apps,MDA_Zoom,Yes,No,Tailspin Education,MDA_Zoom_BlockDomains,"Education-style sprawl: guests, old devices, and collaboration policies all over the place."
10,Enforce end to end encryption in all Zoom meetings,To address,0.05 / 3,3%,Apps,MDA_Zoom,Yes,No,Tailspin Education,MDA_Zoom_MeetingE2eEncryption,"Education-style sprawl: guests, old devices, and collaboration policies all over the place."
10,Enable multi-factor authentication,Planned,4.91 / 7,7%,Apps,MDA_Zoom,Yes,No,Tailspin Education,MDA_Zoom_MFA,"Education-style sprawl: guests, old devices, and collaboration policies all over the place."
10,Enhance password requirements,Completed,3.29 / 4,4%,Apps,MDA_Zoom,Yes,No,Tailspin Education,MDA_Zoom_PasswordReq,"Education-style sprawl: guests, old devices, and collaboration policies all over the place."
10,Enable session timeout for client users,Planned,2.4 / 6,6%,Apps,MDA_Zoom,Yes,Yes,Tailspin Education,MDA_Zoom_SessionTimeoutClient,"Education-style sprawl: guests, old devices, and collaboration policies all over the place."
10,Enable session timeout for web users,Planned,2.77 / 6,6%,Apps,MDA_Zoom,Yes,No,Tailspin Education,MDA_Zoom_SessionTimeoutWeb,"Education-style sprawl: guests, old devices, and collaboration policies all over the place."
128,Ensure that no sender domains are allowed for anti-spam policies,Planned,1.14 / 2,2%,Apps,MDO,Yes,No,Tailspin Education,mdo_allowedsenderscombined,"Education-style sprawl: guests, old devices, and collaboration policies all over the place."
10,Ensure that an anti-phishing policy has been created,Planned,1.17 / 3,3%,Apps,MDO,Yes,Yes,Tailspin Education,mdo_antiphishingpolicies,"Education-style sprawl: guests, old devices, and collaboration policies all over the place."
128,"Turn on Microsoft Defender for Office 365 in SharePoint, OneDrive, and Microsoft Teams",To address,1.35 / 5,5%,Apps,Microsoft Teams,Yes,No,Tailspin Education,mdo_atpprotection,"Education-style sprawl: guests, old devices, and collaboration policies all over the place."
128,Set automatic email forwarding rules to be system controlled,To address,0 / 1,1%,Apps,Exchange Online,Yes,Yes,Tailspin Education,mdo_autoforwardingmode,"Education-style sprawl: guests, old devices, and collaboration policies all over the place."
10,Ensure all forms of mail forwarding are blocked and/or disabled,To address,0.59 / 5,5%,Apps,Exchange Online,Yes,No,Tailspin Education,mdo_blockmailforward,"Education-style sprawl: guests, old devices, and collaboration policies all over the place."
128,Set action to take on bulk spam detection,To address,0.75 / 3,3%,Apps,MDO,No,Yes,Tailspin Education,mdo_bulkspamaction,"Education-style sprawl: guests, old devices, and collaboration policies all over the place."
128,Set the email bulk complaint level (BCL) threshold to be 6 or lower,Planned,0.67 / 1,1%,Apps,Exchange Online,Yes,No,Tailspin Education,mdo_bulkthreshold,"Education-style sprawl: guests, old devices, and collaboration policies all over the place."
128,Ensure the Common Attachment Types Filter is enabled,Planned,3.11 / 5,5%,Apps,MDO,Yes,No,Tailspin Education,mdo_commonattachmentsfilter,"Education-style sprawl: guests, old devices, and collaboration policies all over the place."
128,Don't add allowed IP addresses in the connection filter policy,To address,0.28 / 1,1%,Apps,MDO,Yes,No,Tailspin Education,mdo_connectionfilter,"Education-style sprawl: guests, old devices, and collaboration policies all over the place."
128,Enable impersonated domain protection,To address,0.89 / 8,8%,Apps,MDO,Yes,No,Tailspin Education,mdo_enabledomainstoprotect,"Education-style sprawl: guests, old devices, and collaboration policies all over the place."
128,Ensure that mailbox intelligence is enabled,To address,0 / 8,8%,Apps,Exchange Online,Yes,Yes,Tailspin Education,mdo_enablemailboxintelligence,"Education-style sprawl: guests, old devices, and collaboration policies all over the place."
128,Set action to take on high confidence phishing detection,Planned,2.41 / 5,5%,Apps,MDO,Yes,No,Tailspin Education,mdo_highconfidencephishaction,"Education-style sprawl: guests, old devices, and collaboration policies all over the place."
128,Set action to take on high confidence spam detection,To address,0.08 / 5,5%,Apps,MDO,Yes,No,Tailspin Education,mdo_highconfidencespamaction,"Education-style sprawl: guests, old devices, and collaboration policies all over the place."
128,Ensure that intelligence for impersonation protection is enabled,To address,1.88 / 8,8%,Apps,MDO,Yes,No,Tailspin Education,mdo_mailboxintelligenceprotection,"Education-style sprawl: guests, old devices, and collaboration policies all over the place."
128,Move messages that are detected as impersonated users by mailbox intelligence,Planned,5.37 / 8,8%,Apps,Exchange Online,Yes,No,Tailspin Education,mdo_mailboxintelligenceprotectionaction,"Education-style sprawl: guests, old devices, and collaboration policies all over the place."
128,Set the phishing email level threshold at 2 or higher,Completed,7.77 / 8,8%,Apps,Exchange Online,Yes,No,Tailspin Education,mdo_phishthresholdlevel,"Education-style sprawl: guests, old devices, and collaboration policies all over the place."
128,Set action to take on phishing detection,Planned,4.07 / 5,5%,Apps,MDO,Yes,No,Tailspin Education,mdo_phisspamacation,"Education-style sprawl: guests, old devices, and collaboration policies all over the place."
128,Retain spam in quarantine for 30 days,Planned,0.7 / 1,1%,Apps,MDO,Yes,Yes,Tailspin Education,mdo_quarantineretentionperiod,"Education-style sprawl: guests, old devices, and collaboration policies all over the place."
128,Set maximum number of external recipients that a user can email per hour,Planned,0.36 / 1,1%,Apps,Exchange Online,Yes,Yes,Tailspin Education,mdo_recipientexternallimitperhour,"Education-style sprawl: guests, old devices, and collaboration policies all over the place."
128,Set maximum number of internal recipients that a user can send to within an hour,To address,0.19 / 1,1%,Apps,MDO,Yes,No,Tailspin Education,mdo_recipientinternallimitperhour,"Education-style sprawl: guests, old devices, and collaboration policies all over the place."
128,Set a daily message limit,To address,0.05 / 1,1%,Apps,MDO,No,No,Tailspin Education,mdo_recipientlimitperday,"Education-style sprawl: guests, old devices, and collaboration policies all over the place."
10,Ensure Safe Attachments policy is enabled,To address,0 / 5,5%,Apps,MDO,Yes,No,Tailspin Education,mdo_safeattachmentpolicy,"Education-style sprawl: guests, old devices, and collaboration policies all over the place."
128,Turn on Safe Attachments in block mode,To address,1.57 / 8,8%,Apps,MDO,Yes,No,Tailspin Education,mdo_safeattachments,"Education-style sprawl: guests, old devices, and collaboration policies all over the place."
128,Turn on Safe Documents for Office Clients,To address,1.45 / 5,5%,Apps,MDO,Yes,No,Tailspin Education,mdo_safedocuments,"Education-style sprawl: guests, old devices, and collaboration policies all over the place."
128,Create Safe Links policies for email messages,Planned,3.42 / 9,9%,Apps,Exchange Online,Yes,No,Tailspin Education,mdo_safelinksforemail,"Education-style sprawl: guests, old devices, and collaboration policies all over the place."
10,Ensure Safe Links for Office Applications is Enabled,Planned,2.29 / 3,3%,Apps,MDO,Yes,No,Tailspin Education,mdo_safelinksforOfficeApps,"Education-style sprawl: guests, old devices, and collaboration policies all over the place."
128,Enable the domain impersonation safety tip,Planned,1.73 / 3,3%,Apps,MDO,Yes,No,Tailspin Education,mdo_similardomainssafetytips,"Education-style sprawl: guests, old devices, and collaboration policies all over the place."
128,Enable the user impersonation safety tip,Planned,1.15 / 3,3%,Apps,MDO,No,No,Tailspin Education,mdo_similaruserssafetytips,"Education-style sprawl: guests, old devices, and collaboration policies all over the place."
10,Ensure Exchange Online Spam Policies are set to notify administrators,To address,0.4 / 3,3%,Apps,Exchange Online,No,No,Tailspin Education,mdo_spam_notifications_only_for_admins,"Education-style sprawl: guests, old devices, and collaboration policies all over the place."
128,Set action to take on spam detection,To address,0.16 / 5,5%,Apps,MDO,Yes,No,Tailspin Education,mdo_spamaction,"Education-style sprawl: guests, old devices, and collaboration policies all over the place."
128,Quarantine messages that are detected from impersonated domains,To address,1.53 / 6,6%,Apps,MDO,Yes,No,Tailspin Education,mdo_targeteddomainprotectionaction,"Education-style sprawl: guests, old devices, and collaboration policies all over the place."
128,Quarantine messages that are detected from impersonated users,Planned,2.65 / 6,6%,Apps,MDO,Yes,No,Tailspin Education,mdo_targeteduserprotectionaction,"Education-style sprawl: guests, old devices, and collaboration policies all over the place."
128,Enable impersonated user protection,Planned,4.94 / 8,8%,Apps,MDO,No,Yes,Tailspin Education,mdo_targetedusersprotection,"Education-style sprawl: guests, old devices, and collaboration policies all over the place."
128,Block users who reached the message limit,Planned,0.57 / 1,1%,Apps,MDO,Yes,No,Tailspin Education,mdo_thresholdreachedaction,"Education-style sprawl: guests, old devices, and collaboration policies all over the place."
128,Enable the user impersonation unusual characters safety tip,Planned,1.2 / 3,3%,Apps,MDO,Yes,No,Tailspin Education,mdo_unusualcharacterssafetytips,"Education-style sprawl: guests, old devices, and collaboration policies all over the place."
128,Create zero-hour auto purge policies for malware,Planned,2.67 / 6,6%,Apps,MDO,Yes,No,Tailspin Education,mdo_zapmalware,"Education-style sprawl: guests, old devices, and collaboration policies all over the place."
128,Create zero-hour auto purge policies for phishing messages,Planned,1.04 / 3,3%,Apps,MDO,Yes,No,Tailspin Education,mdo_zapphish,"Education-style sprawl: guests, old devices, and collaboration policies all over the place."
128,Create zero-hour auto purge policies for spam messages,To address,0.22 / 1,1%,Apps,MDO,Yes,Yes,Tailspin Education,mdo_zapspam,"Education-style sprawl: guests, old devices, and collaboration policies all over the place."
246,Restrict anonymous users from starting Teams meetings,To address,0 / 1,1%,Apps,Microsoft Teams,Yes,Yes,Tailspin Education,meeting_anonymousstartmeeting_v1,"Education-style sprawl: guests, old devices, and collaboration policies all over the place."
247,Only invited users should be automatically admitted to Teams meetings,To address,0.35 / 2,2%,Apps,Microsoft Teams,Yes,Yes,Tailspin Education,meeting_autoadmitusers_v1,"Education-style sprawl: guests, old devices, and collaboration policies all over the place."
248,Configure which users are allowed to present in Teams meetings,Planned,0.9 / 2,2%,Apps,Microsoft Teams,Yes,No,Tailspin Education,meeting_designatedpresenter_v1,"Education-style sprawl: guests, old devices, and collaboration policies all over the place."
249,Limit external participants from having control in a Teams meeting,Planned,0.7 / 1,1%,Apps,Microsoft Teams,Yes,No,Tailspin Education,meeting_externalrequestcontrol_v1,"Education-style sprawl: guests, old devices, and collaboration policies all over the place."
250,Restrict dial-in users from bypassing a meeting lobby,To address,0.13 / 1,1%,Apps,Microsoft Teams,Yes,Yes,Tailspin Education,meeting_pstnusersbypasslobby_v1,"Education-style sprawl: guests, old devices, and collaboration policies all over the place."
251,Restrict anonymous users from joining meetings,Planned,0.59 / 1,1%,Apps,Microsoft Teams,Yes,No,Tailspin Education,meeting_restrictanonymousjoin_v1,"Education-style sprawl: guests, old devices, and collaboration policies all over the place."
12,Ensure multifactor authentication is enabled for all users,Planned,5.27 / 9,9%,Identity,Microsoft Entra ID,Yes,No,Tailspin Education,MFARegistrationV2,"Education-style sprawl: guests, old devices, and collaboration policies all over the place."
129,Ensure that Auto-labeling data classification policies are set up and used,To address,0.01 / 1,1%,Data,MIP,Yes,No,Tailspin Education,mip_autosensitivitylabelspolicies,"Education-style sprawl: guests, old devices, and collaboration policies all over the place."
10,Ensure DLP policies are enabled for Microsoft Teams,To address,0.19 / 3,3%,Apps,Microsoft Teams,Yes,No,Tailspin Education,mip_DLP_policies_Teams,"Education-style sprawl: guests, old devices, and collaboration policies all over the place."
10,Ensure Office 365 Management Activity API is Enabled for some workloads (see description),To address,0.75 / 3,3%,Apps,MIP,Yes,Yes,Tailspin Education,mip_management_API_enabled_four_workloads,"Education-style sprawl: guests, old devices, and collaboration policies all over the place."
129,Extend M365 sensitivity labeling to assets in Microsoft Purview data map,To address,0.25 / 1,1%,Data,MIP,Yes,No,Tailspin Education,mip_purviewlabelconsent,"Education-style sprawl: guests, old devices, and collaboration policies all over the place."
10,Ensure Microsoft 365 audit log search is Enabled,To address,0.65 / 3,3%,Apps,MIP,Yes,Yes,Tailspin Education,mip_search_auditlog,"Education-style sprawl: guests, old devices, and collaboration policies all over the place."
129,Publish M365 sensitivity label data classification policies,To address,0.21 / 2,2%,Data,MIP,Yes,Yes,Tailspin Education,mip_sensitivitylabelspolicies,"Education-style sprawl: guests, old devices, and collaboration policies all over the place."
27,Designate more than one global admin,Planned,0.79 / 1,1%,Identity,Microsoft Entra ID,Yes,No,Tailspin Education,OneAdmin,"Education-style sprawl: guests, old devices, and collaboration policies all over the place."
9,Ensure that password hash sync is enabled for hybrid deployments,Planned,2.95 / 5,5%,Identity,Microsoft Entra ID,No,Yes,Tailspin Education,PasswordHashSync,"Education-style sprawl: guests, old devices, and collaboration policies all over the place."
33,Ensure the 'Password expiration policy' is set to 'Set passwords to never expire (recommended)',Planned,4.47 / 8,8%,Identity,Microsoft Entra ID,Yes,No,Tailspin Education,PWAgePolicyNew,"Education-style sprawl: guests, old devices, and collaboration policies all over the place."
50,Use least privileged administrative roles,To address,0.14 / 1,1%,Identity,Microsoft Entra ID,Yes,No,Tailspin Education,RoleOverlap,"Education-style sprawl: guests, old devices, and collaboration policies all over the place."
162,Disable JavaScript on Adobe Reader 2015,To address,1.09 / 5,5%,Device,Microsoft Intune,Yes,No,Tailspin Education,scid_100,"Education-style sprawl: guests, old devices, and collaboration policies all over the place."
163,Disable JavaScript on Adobe 2015,To address,1.03 / 5,5%,Device,Microsoft Intune,Yes,No,Tailspin Education,scid_101,"Education-style sprawl: guests, old devices, and collaboration policies all over the place."
208,Enable 'Local Security Authority (LSA) protection' on Windows 11 22h2 and higher,To address,1.78 / 8,8%,Device,Microsoft Intune,Yes,No,Tailspin Education,scid_102,"Education-style sprawl: guests, old devices, and collaboration policies all over the place."
209,Require LDAP client signing to prevent tampering and protect directory authentication,Planned,2.4 / 7,7%,Device,Microsoft Intune,Yes,No,Tailspin Education,scid_103,"Education-style sprawl: guests, old devices, and collaboration policies all over the place."
210,Encrypt LDAP client traffic to protect sensitive data in transit,Planned,3.05 / 7,7%,Device,Microsoft Intune,No,No,Tailspin Education,scid_104,"Education-style sprawl: guests, old devices, and collaboration policies all over the place."
211,Enforce LDAP channel binding to protect authentication sessions from interception,Planned,4.2 / 7,7%,Device,Microsoft Intune,Yes,No,Tailspin Education,scid_105,"Education-style sprawl: guests, old devices, and collaboration policies all over the place."
212,Require LDAP server signing to ensure integrity of directory traffic,To address,2 / 8,8%,Device,Microsoft Intune,Yes,Yes,Tailspin Education,scid_106,"Education-style sprawl: guests, old devices, and collaboration policies all over the place."
213,Disable Remote Registry Service on Windows,Planned,2.8 / 8,8%,Device,Microsoft Intune,Yes,Yes,Tailspin Education,scid_108,"Education-style sprawl: guests, old devices, and collaboration policies all over the place."
214,Disable NTLM authentication for Windows,Planned,2.84 / 8,8%,Device,Microsoft Intune,No,No,Tailspin Education,scid_109,"Education-style sprawl: guests, old devices, and collaboration policies all over the place."
228,Ensure devices are updated to Secure Boot 2023 certificates and boot manager,To address,0.8 / 7,7%,Device,Microsoft Intune,Yes,No,Tailspin Education,scid_112,"Education-style sprawl: guests, old devices, and collaboration policies all over the place."
33,Enable Automatic Updates,To address,0.34 / 5,5%,Device,Microsoft Intune,Yes,No,Tailspin Education,scid_15,"Education-style sprawl: guests, old devices, and collaboration policies all over the place."
34,Enable 'Hide Option to Enable or Disable Updates',Planned,1.91 / 5,5%,Device,Microsoft Intune,Yes,No,Tailspin Education,scid_16,"Education-style sprawl: guests, old devices, and collaboration policies all over the place."
35,Disable 'Allow running plugins that are outdated',Planned,2.75 / 8,8%,Device,Microsoft Intune,Yes,No,Tailspin Education,scid_17,"Education-style sprawl: guests, old devices, and collaboration policies all over the place."
37,Disable 'Continue running background apps when Google Chrome is closed',Planned,2.2 / 5,5%,Device,Microsoft Intune,No,No,Tailspin Education,scid_19,"Education-style sprawl: guests, old devices, and collaboration policies all over the place."
38,Disable 'AutoFill',Planned,3.14 / 5,5%,Device,Microsoft Intune,Yes,Yes,Tailspin Education,scid_20,"Education-style sprawl: guests, old devices, and collaboration policies all over the place."
99,Turn on Microsoft Defender for Endpoint sensor,Planned,6.02 / 10,10%,Device,Microsoft Intune,No,No,Tailspin Education,scid_2000,"Education-style sprawl: guests, old devices, and collaboration policies all over the place."
100,Fix Microsoft Defender for Endpoint sensor data collection,To address,1.34 / 10,10%,Device,Microsoft Intune,Yes,Yes,Tailspin Education,scid_2001,"Education-style sprawl: guests, old devices, and collaboration policies all over the place."
101,Fix Microsoft Defender for Endpoint impaired communications,To address,0 / 10,10%,Device,Microsoft Intune,Yes,No,Tailspin Education,scid_2002,"Education-style sprawl: guests, old devices, and collaboration policies all over the place."
281,Turn on Tamper Protection,To address,0 / 8,8%,Device,Microsoft Intune,Yes,No,Tailspin Education,scid_2003,"Education-style sprawl: guests, old devices, and collaboration policies all over the place."
167,Enable EDR in block mode,To address,2.03 / 8,8%,Device,Microsoft Intune,No,No,Tailspin Education,scid_2004,"Education-style sprawl: guests, old devices, and collaboration policies all over the place."
102,Turn on Microsoft Defender Antivirus,To address,3.36 / 10,10%,Device,Microsoft Intune,Yes,No,Tailspin Education,scid_2010,"Education-style sprawl: guests, old devices, and collaboration policies all over the place."
103,Update Microsoft Defender Antivirus definitions,To address,2.35 / 9,9%,Device,Microsoft Intune,Yes,No,Tailspin Education,scid_2011,"Education-style sprawl: guests, old devices, and collaboration policies all over the place."
104,Turn on real-time protection,Planned,6.58 / 10,10%,Device,Microsoft Intune,Yes,Yes,Tailspin Education,scid_2012,"Education-style sprawl: guests, old devices, and collaboration policies all over the place."
105,Turn on PUA protection in block mode,Planned,7.35 / 9,9%,Device,Microsoft Intune,Yes,No,Tailspin Education,scid_2013,"Education-style sprawl: guests, old devices, and collaboration policies all over the place."
106,Fix Windows Defender Antivirus cloud service connectivity,Planned,3.32 / 8,8%,Device,Microsoft Intune,Yes,No,Tailspin Education,scid_2014,"Education-style sprawl: guests, old devices, and collaboration policies all over the place."
288,Enable cloud-delivered protection,To address,0.48 / 8,8%,Device,Microsoft Intune,Yes,No,Tailspin Education,scid_2016,"Education-style sprawl: guests, old devices, and collaboration policies all over the place."
108,Turn on all system-level Exploit protection settings,To address,0 / 8,8%,Device,Microsoft Intune,Yes,No,Tailspin Education,scid_2020,"Education-style sprawl: guests, old devices, and collaboration policies all over the place."
109,Set controlled folder access to enabled or audit mode,To address,2.53 / 8,8%,Device,Microsoft Intune,Yes,No,Tailspin Education,scid_2021,"Education-style sprawl: guests, old devices, and collaboration policies all over the place."
207,Update Microsoft Defender for Endpoint core components,To address,0 / 10,10%,Device,Microsoft Intune,No,No,Tailspin Education,scid_2030,"Education-style sprawl: guests, old devices, and collaboration policies all over the place."
114,Set Microsoft Defender SmartScreen app and file checking to block or warn,Planned,4.55 / 9,9%,Device,Microsoft Intune,Yes,No,Tailspin Education,scid_2060,"Education-style sprawl: guests, old devices, and collaboration policies all over the place."
115,Set Microsoft Defender SmartScreen Microsoft Edge site and download checking to block or warn,Planned,5.33 / 9,9%,Device,Microsoft Intune,No,No,Tailspin Education,scid_2061,"Education-style sprawl: guests, old devices, and collaboration policies all over the place."
117,Turn on Microsoft Defender Firewall,Planned,3.8 / 10,10%,Device,Microsoft Intune,Yes,No,Tailspin Education,scid_2070,"Education-style sprawl: guests, old devices, and collaboration policies all over the place."
118,Secure Microsoft Defender Firewall domain profile,Completed,9 / 9,9%,Device,Microsoft Intune,Yes,No,Tailspin Education,scid_2071,"Education-style sprawl: guests, old devices, and collaboration policies all over the place."
119,Secure Microsoft Defender firewall private profile,To address,2.63 / 9,9%,Device,Microsoft Intune,Yes,Yes,Tailspin Education,scid_2072,"Education-style sprawl: guests, old devices, and collaboration policies all over the place."
120,Secure Microsoft Defender Firewall public profile,To address,0.69 / 9,9%,Device,Microsoft Intune,Yes,No,Tailspin Education,scid_2073,"Education-style sprawl: guests, old devices, and collaboration policies all over the place."
122,Turn on Microsoft Defender Credential Guard,To address,0 / 8,8%,Device,Microsoft Intune,Yes,Yes,Tailspin Education,scid_2080,"Education-style sprawl: guests, old devices, and collaboration policies all over the place."
124,Encrypt all BitLocker-supported drives,To address,0 / 9,9%,Device,Microsoft Intune,Yes,No,Tailspin Education,scid_2090,"Education-style sprawl: guests, old devices, and collaboration policies all over the place."
125,Resume BitLocker protection on all drives,To address,2.75 / 9,9%,Device,Microsoft Intune,No,No,Tailspin Education,scid_2091,"Education-style sprawl: guests, old devices, and collaboration policies all over the place."
126,Ensure BitLocker drive compatibility,Planned,2.97 / 8,8%,Device,Microsoft Intune,Yes,No,Tailspin Education,scid_2093,"Education-style sprawl: guests, old devices, and collaboration policies all over the place."
39,Block webpages from automatically running Flash plugins,Planned,3.92 / 5,5%,Device,Microsoft Intune,Yes,No,Tailspin Education,scid_21,"Education-style sprawl: guests, old devices, and collaboration policies all over the place."
215,Enable UEFI Secure Boot mode,Planned,4.88 / 9,9%,Device,Microsoft Intune,No,No,Tailspin Education,scid_2100,"Education-style sprawl: guests, old devices, and collaboration policies all over the place."
40,Disable 'Password Manager',Planned,3.5 / 5,5%,Device,Microsoft Intune,Yes,No,Tailspin Education,scid_22,"Education-style sprawl: guests, old devices, and collaboration policies all over the place."
41,Enable 'Block third party cookies',Planned,0.99 / 2,2%,Device,Microsoft Intune,Yes,Yes,Tailspin Education,scid_23,"Education-style sprawl: guests, old devices, and collaboration policies all over the place."
42,Set 'Remote Desktop security level' to 'TLS',To address,0.53 / 8,8%,Device,Microsoft Intune,Yes,No,Tailspin Education,scid_24,"Education-style sprawl: guests, old devices, and collaboration policies all over the place."
43,Enable 'Local Security Authority (LSA) protection',To address,0.4 / 8,8%,Device,Microsoft Intune,No,Yes,Tailspin Education,scid_25,"Education-style sprawl: guests, old devices, and collaboration policies all over the place."
308,Block executable content from email client and webmail,To address,1.64 / 9,9%,Device,Exchange Online,Yes,No,Tailspin Education,scid_2500,"Education-style sprawl: guests, old devices, and collaboration policies all over the place."
309,Block all Office applications from creating child processes,To address,1.94 / 9,9%,Device,Microsoft Intune,Yes,No,Tailspin Education,scid_2501,"Education-style sprawl: guests, old devices, and collaboration policies all over the place."
310,Block Office applications from creating executable content,To address,2.5 / 9,9%,Device,Microsoft Intune,Yes,No,Tailspin Education,scid_2502,"Education-style sprawl: guests, old devices, and collaboration policies all over the place."
311,Block Office applications from injecting code into other processes,Planned,6.35 / 9,9%,Device,Microsoft Intune,Yes,No,Tailspin Education,scid_2503,"Education-style sprawl: guests, old devices, and collaboration policies all over the place."
312,Block JavaScript or VBScript from launching downloaded executable content,Planned,6.32 / 9,9%,Device,Microsoft Intune,Yes,No,Tailspin Education,scid_2504,"Education-style sprawl: guests, old devices, and collaboration policies all over the place."
313,Block execution of potentially obfuscated scripts,Planned,3.44 / 9,9%,Device,Microsoft Intune,Yes,Yes,Tailspin Education,scid_2505,"Education-style sprawl: guests, old devices, and collaboration policies all over the place."
314,Block Win32 API calls from Office macros,Planned,3.52 / 9,9%,Device,Microsoft Intune,Yes,No,Tailspin Education,scid_2506,"Education-style sprawl: guests, old devices, and collaboration policies all over the place."
315,"Block executable files from running unless they meet a prevalence, age, or trusted list criterion",To address,1.34 / 9,9%,Device,Microsoft Intune,Yes,No,Tailspin Education,scid_2507,"Education-style sprawl: guests, old devices, and collaboration policies all over the place."
316,Use advanced protection against ransomware,Planned,5.31 / 9,9%,Device,Microsoft Intune,Yes,No,Tailspin Education,scid_2508,"Education-style sprawl: guests, old devices, and collaboration policies all over the place."
126,Block credential stealing from the Windows local security authority subsystem (lsass.exe),To address,0.38 / 9,9%,Device,Microsoft Intune,Yes,No,Tailspin Education,scid_2509,"Education-style sprawl: guests, old devices, and collaboration policies all over the place."
318,Block process creations originating from PSExec and WMI commands,To address,0.09 / 9,9%,Device,Microsoft Intune,Yes,No,Tailspin Education,scid_2510,"Education-style sprawl: guests, old devices, and collaboration policies all over the place."
319,Block untrusted and unsigned processes that run from USB,To address,2.59 / 9,9%,Device,Microsoft Intune,Yes,No,Tailspin Education,scid_2511,"Education-style sprawl: guests, old devices, and collaboration policies all over the place."
320,Block Office communication application from creating child processes,Planned,6.21 / 9,9%,Device,Microsoft Intune,Yes,No,Tailspin Education,scid_2512,"Education-style sprawl: guests, old devices, and collaboration policies all over the place."
321,Block Adobe Reader from creating child processes,Planned,4.32 / 9,9%,Device,Microsoft Intune,Yes,No,Tailspin Education,scid_2513,"Education-style sprawl: guests, old devices, and collaboration policies all over the place."
322,Block persistence through WMI event subscription,Planned,6.01 / 9,9%,Device,Microsoft Intune,Yes,No,Tailspin Education,scid_2514,"Education-style sprawl: guests, old devices, and collaboration policies all over the place."
323,Block abuse of exploited vulnerable signed drivers,To address,1.39 / 9,9%,Device,Microsoft Intune,Yes,No,Tailspin Education,scid_2515,"Education-style sprawl: guests, old devices, and collaboration policies all over the place."
216,Block Webshell creation for Servers,To address,0.19 / 9,9%,Device,Microsoft Intune,Yes,No,Tailspin Education,scid_2516,"Education-style sprawl: guests, old devices, and collaboration policies all over the place."
217,Block use of copied or impersonated system tools,To address,0.18 / 9,9%,Device,Microsoft Intune,Yes,No,Tailspin Education,scid_2517,"Education-style sprawl: guests, old devices, and collaboration policies all over the place."
218,Block rebooting machine in Safe Mode,To address,0.7 / 9,9%,Device,Microsoft Intune,Yes,No,Tailspin Education,scid_2518,"Education-style sprawl: guests, old devices, and collaboration policies all over the place."
44,Enable 'Safe DLL Search Mode',To address,0.45 / 8,8%,Device,Microsoft Intune,No,Yes,Tailspin Education,scid_26,"Education-style sprawl: guests, old devices, and collaboration policies all over the place."
45,Set User Account Control (UAC) to automatically deny elevation requests,Planned,3.41 / 8,8%,Device,Microsoft Intune,No,No,Tailspin Education,scid_27,"Education-style sprawl: guests, old devices, and collaboration policies all over the place."
177,Set 'Interactive logon: Machine inactivity limit' to '1-900 seconds',Planned,2.77 / 5,5%,Device,Microsoft Intune,Yes,No,Tailspin Education,scid_28,"Education-style sprawl: guests, old devices, and collaboration policies all over the place."
46,Disable 'Enumerate administrator accounts on elevation',Planned,6.31 / 8,8%,Device,Microsoft Intune,Yes,Yes,Tailspin Education,scid_29,"Education-style sprawl: guests, old devices, and collaboration policies all over the place."
47,Disable 'Insecure guest logons' in SMB,Planned,5.12 / 8,8%,Device,Microsoft Intune,Yes,No,Tailspin Education,scid_30,"Education-style sprawl: guests, old devices, and collaboration policies all over the place."
164,Fix unquoted service path for Windows services,Planned,4.49 / 8,8%,Device,Microsoft Intune,Yes,No,Tailspin Education,scid_3001,"Education-style sprawl: guests, old devices, and collaboration policies all over the place."
165,Change service executable path to a common protected location,To address,1.15 / 8,8%,Device,Microsoft Intune,Yes,No,Tailspin Education,scid_3002,"Education-style sprawl: guests, old devices, and collaboration policies all over the place."
166,Change service account to avoid cached password in windows registry,To address,0 / 8,8%,Device,Microsoft Intune,Yes,Yes,Tailspin Education,scid_3003,"Education-style sprawl: guests, old devices, and collaboration policies all over the place."
168,Disable the built-in Administrator account,To address,0 / 8,8%,Device,Microsoft Intune,Yes,No,Tailspin Education,scid_3010,"Education-style sprawl: guests, old devices, and collaboration policies all over the place."
169,Disable the built-in Guest account,To address,1.54 / 8,8%,Device,Microsoft Intune,Yes,No,Tailspin Education,scid_3011,"Education-style sprawl: guests, old devices, and collaboration policies all over the place."
170,Set 'Minimum password length' to '14 or more characters',Planned,2.3 / 5,5%,Device,Microsoft Intune,Yes,No,Tailspin Education,scid_32,"Education-style sprawl: guests, old devices, and collaboration policies all over the place."
171,Set 'Enforce password history' to '24 or more password(s)',Planned,2.76 / 5,5%,Device,Microsoft Intune,Yes,Yes,Tailspin Education,scid_33,"Education-style sprawl: guests, old devices, and collaboration policies all over the place."
172,"Set 'Maximum password age' to '60 or fewer days, but not 0'",Planned,3.42 / 5,5%,Device,Microsoft Intune,Yes,No,Tailspin Education,scid_34,"Education-style sprawl: guests, old devices, and collaboration policies all over the place."
173,Set 'Minimum password age' to '1 or more day(s)',Planned,2.68 / 5,5%,Device,Microsoft Intune,Yes,No,Tailspin Education,scid_35,"Education-style sprawl: guests, old devices, and collaboration policies all over the place."
49,Enable 'Domain member: Require strong (Windows 2000 or later) session key',Planned,1.74 / 5,5%,Device,Microsoft Intune,Yes,No,Tailspin Education,scid_36,"Education-style sprawl: guests, old devices, and collaboration policies all over the place."
50,Enable 'Domain member: Digitally encrypt or sign secure channel data (always)',To address,1.07 / 5,5%,Device,Microsoft Intune,Yes,No,Tailspin Education,scid_37,"Education-style sprawl: guests, old devices, and collaboration policies all over the place."
51,Enable Set 'Domain member: Digitally encrypt secure channel data (when possible)',To address,0.74 / 5,5%,Device,Microsoft Intune,Yes,Yes,Tailspin Education,scid_38,"Education-style sprawl: guests, old devices, and collaboration policies all over the place."
52,Enable 'Domain member: Digitally sign secure channel data (when possible)',Planned,1.98 / 5,5%,Device,Microsoft Intune,Yes,No,Tailspin Education,scid_39,"Education-style sprawl: guests, old devices, and collaboration policies all over the place."
53,Disable 'Domain member: Disable machine account password changes',To address,0.37 / 2,2%,Device,Microsoft Intune,Yes,No,Tailspin Education,scid_40,"Education-style sprawl: guests, old devices, and collaboration policies all over the place."
203,Disallow offline access to shares,To address,2.2 / 8,8%,Device,Microsoft Intune,Yes,No,Tailspin Education,scid_4000,"Education-style sprawl: guests, old devices, and collaboration policies all over the place."
204,Remove share write permission set to ‘Everyone’,Planned,4.43 / 8,8%,Device,Microsoft Intune,No,No,Tailspin Education,scid_4001,"Education-style sprawl: guests, old devices, and collaboration policies all over the place."
205,Remove shares from the root folder,Planned,4.76 / 8,8%,Device,Microsoft Intune,Yes,Yes,Tailspin Education,scid_4002,"Education-style sprawl: guests, old devices, and collaboration policies all over the place."
206,Set folder access-based enumeration for shares,Planned,4.73 / 8,8%,Device,Microsoft Intune,Yes,No,Tailspin Education,scid_4003,"Education-style sprawl: guests, old devices, and collaboration policies all over the place."
175,Set 'Account lockout duration' to 15 minutes or more,To address,1.08 / 6,6%,Device,Microsoft Intune,Yes,Yes,Tailspin Education,scid_41,"Education-style sprawl: guests, old devices, and collaboration policies all over the place."
178,Set 'Reset account lockout counter after' to 15 minutes or more,To address,1.67 / 6,6%,Device,Microsoft Intune,Yes,No,Tailspin Education,scid_42,"Education-style sprawl: guests, old devices, and collaboration policies all over the place."
54,Disable Microsoft Defender Firewall notifications when programs are blocked for Domain profile,To address,0 / 2,2%,Device,Microsoft Intune,Yes,No,Tailspin Education,scid_43,"Education-style sprawl: guests, old devices, and collaboration policies all over the place."
176,Set 'Account lockout threshold' to 1-10 invalid login attempts,To address,1.29 / 6,6%,Device,Microsoft Intune,Yes,Yes,Tailspin Education,scid_44,"Education-style sprawl: guests, old devices, and collaboration policies all over the place."
202,Set user authentication for remote connections by using Network Level Authentication to 'Enabled',Planned,3.07 / 5,5%,Device,Microsoft Intune,Yes,No,Tailspin Education,scid_45,"Education-style sprawl: guests, old devices, and collaboration policies all over the place."
55,Disable Microsoft Defender Firewall notifications when programs are blocked for Private profile,Planned,1.38 / 2,2%,Device,Microsoft Intune,Yes,No,Tailspin Education,scid_46,"Education-style sprawl: guests, old devices, and collaboration policies all over the place."
56,Disable Microsoft Defender Firewall notifications when programs are blocked for Public profile,Planned,1.19 / 2,2%,Device,Microsoft Intune,Yes,No,Tailspin Education,scid_49,"Education-style sprawl: guests, old devices, and collaboration policies all over the place."
57,Disable merging of local Microsoft Defender Firewall rules with group policy firewall rules for the Public profile,To address,0.27 / 5,5%,Device,Microsoft Intune,Yes,No,Tailspin Education,scid_50,"Education-style sprawl: guests, old devices, and collaboration policies all over the place."
179,Fix Microsoft Defender for Endpoint sensor data collection in macOS,Planned,6.45 / 10,10%,Device,Microsoft Intune,No,No,Tailspin Education,scid_5001,"Education-style sprawl: guests, old devices, and collaboration policies all over the place."
180,Fix Microsoft Defender for Endpoint impaired communications in macOS,To address,1.42 / 10,10%,Device,Microsoft Intune,Yes,No,Tailspin Education,scid_5002,"Education-style sprawl: guests, old devices, and collaboration policies all over the place."
181,Set minimum password length to 15 or more characters in macOS,To address,0.95 / 6,6%,Device,Microsoft Intune,Yes,No,Tailspin Education,scid_5003,"Education-style sprawl: guests, old devices, and collaboration policies all over the place."
182,Set 'Enforce password history' to '24 or more password(s)' in macOS,To address,0.33 / 5,5%,Device,Microsoft Intune,Yes,No,Tailspin Education,scid_5004,"Education-style sprawl: guests, old devices, and collaboration policies all over the place."
183,"Set 'Maximum password age' to '90 or fewer days, but not 0' in macOS",To address,1.13 / 5,5%,Device,Microsoft Intune,Yes,Yes,Tailspin Education,scid_5005,"Education-style sprawl: guests, old devices, and collaboration policies all over the place."
184,Set account lockout threshold to 5 or lower in macOS,To address,2.07 / 7,7%,Device,Microsoft Intune,Yes,Yes,Tailspin Education,scid_5006,"Education-style sprawl: guests, old devices, and collaboration policies all over the place."
185,Turn on Firewall in macOS,To address,3.24 / 10,10%,Device,Microsoft Intune,Yes,No,Tailspin Education,scid_5007,"Education-style sprawl: guests, old devices, and collaboration policies all over the place."
186,Enable Gatekeeper in macOS,To address,1.53 / 8,8%,Device,Microsoft Intune,Yes,Yes,Tailspin Education,scid_5009,"Education-style sprawl: guests, old devices, and collaboration policies all over the place."
187,Enable System Integrity Protection (SIP) in macOS,Planned,3.08 / 7,7%,Device,Microsoft Intune,No,Yes,Tailspin Education,scid_5010,"Education-style sprawl: guests, old devices, and collaboration policies all over the place."
187,Enable FileVault Disk Encryption in macOS,To address,2.02 / 7,7%,Device,Microsoft Intune,Yes,No,Tailspin Education,scid_5011,"Education-style sprawl: guests, old devices, and collaboration policies all over the place."
189,Ensure screensaver is set to start in 20 minutes or less in macOS,To address,0.26 / 5,5%,Device,Microsoft Intune,Yes,No,Tailspin Education,scid_5013,"Education-style sprawl: guests, old devices, and collaboration policies all over the place."
190,Secure Home Folders in macOS,To address,0.08 / 6,6%,Device,Microsoft Intune,Yes,No,Tailspin Education,scid_5014,"Education-style sprawl: guests, old devices, and collaboration policies all over the place."
191,Turn on Microsoft Defender Antivirus real-time protection in macOS,Planned,3.77 / 10,10%,Device,Microsoft Intune,Yes,No,Tailspin Education,scid_5090,"Education-style sprawl: guests, old devices, and collaboration policies all over the place."
192,Turn on Microsoft Defender Antivirus PUA protection in block mode in macOS,To address,1.78 / 9,9%,Device,Microsoft Intune,Yes,No,Tailspin Education,scid_5091,"Education-style sprawl: guests, old devices, and collaboration policies all over the place."
219,Turn on Tamper Protection for MacOS,Planned,3.95 / 8,8%,Device,Microsoft Intune,Yes,Yes,Tailspin Education,scid_5092,"Education-style sprawl: guests, old devices, and collaboration policies all over the place."
220,Enable Microsoft Defender Antivirus real-time behavior monitoring in macOS,Planned,2.44 / 5,5%,Device,Microsoft Intune,Yes,No,Tailspin Education,scid_5093,"Education-style sprawl: guests, old devices, and collaboration policies all over the place."
193,Enable Microsoft Defender Antivirus cloud-delivered protection in macOS,Planned,3.65 / 8,8%,Device,Microsoft Intune,Yes,No,Tailspin Education,scid_5094,"Education-style sprawl: guests, old devices, and collaboration policies all over the place."
194,Update Microsoft Defender Antivirus definitions in macOS,Planned,6.41 / 9,9%,Device,Microsoft Intune,Yes,No,Tailspin Education,scid_5095,"Education-style sprawl: guests, old devices, and collaboration policies all over the place."
58,Disable merging of local Microsoft Defender Firewall connection rules with group policy firewall rules for the Public profile,Planned,2.58 / 5,5%,Device,Microsoft Intune,Yes,No,Tailspin Education,scid_51,"Education-style sprawl: guests, old devices, and collaboration policies all over the place."
59,Enable 'Apply UAC restrictions to local accounts on network logons',To address,0.25 / 5,5%,Device,Microsoft Intune,Yes,No,Tailspin Education,scid_52,"Education-style sprawl: guests, old devices, and collaboration policies all over the place."
60,Disable SMBv1 client driver,To address,2.54 / 8,8%,Device,Microsoft Intune,Yes,No,Tailspin Education,scid_53,"Education-style sprawl: guests, old devices, and collaboration policies all over the place."
61,Disable SMBv1 server,To address,0.99 / 8,8%,Device,Microsoft Intune,Yes,No,Tailspin Education,scid_54,"Education-style sprawl: guests, old devices, and collaboration policies all over the place."
174,Disable 'Network access: Let Everyone permissions apply to anonymous users',Planned,2.34 / 5,5%,Device,Microsoft Intune,Yes,No,Tailspin Education,scid_55,"Education-style sprawl: guests, old devices, and collaboration policies all over the place."
62,Disable 'WDigest Authentication',Planned,2.77 / 5,5%,Device,Microsoft Intune,Yes,No,Tailspin Education,scid_57,"Education-style sprawl: guests, old devices, and collaboration policies all over the place."
63,Disable 'Installation and configuration of Network Bridge on your DNS domain network',Planned,3.68 / 5,5%,Device,Microsoft Intune,Yes,No,Tailspin Education,scid_58,"Education-style sprawl: guests, old devices, and collaboration policies all over the place."
64,Enable 'Require domain users to elevate when setting a network's location',Planned,1.48 / 2,2%,Device,Microsoft Intune,Yes,No,Tailspin Education,scid_59,"Education-style sprawl: guests, old devices, and collaboration policies all over the place."
65,Prohibit use of Internet Connection Sharing on your DNS domain network,Planned,3.11 / 5,5%,Device,Microsoft Intune,Yes,No,Tailspin Education,scid_60,"Education-style sprawl: guests, old devices, and collaboration policies all over the place."
195,Fix Microsoft Defender for Endpoint sensor data collection for Linux,Planned,3.43 / 10,10%,Device,Microsoft Intune,Yes,No,Tailspin Education,scid_6001,"Education-style sprawl: guests, old devices, and collaboration policies all over the place."
196,Fix Microsoft Defender for Endpoint impaired communications for Linux,To address,3.3 / 10,10%,Device,Microsoft Intune,No,No,Tailspin Education,scid_6002,"Education-style sprawl: guests, old devices, and collaboration policies all over the place."
197,Unrestricted Access Accounts for Linux,Planned,2.07 / 6,6%,Device,Microsoft Intune,No,Yes,Tailspin Education,scid_6014,"Education-style sprawl: guests, old devices, and collaboration policies all over the place."
198,Turn on Microsoft Defender Antivirus real-time protection for Linux,To address,0 / 10,10%,Device,Microsoft Intune,No,Yes,Tailspin Education,scid_6090,"Education-style sprawl: guests, old devices, and collaboration policies all over the place."
199,Turn on Microsoft Defender Antivirus PUA protection in block mode for Linux,To address,2.42 / 9,9%,Device,Microsoft Intune,Yes,No,Tailspin Education,scid_6091,"Education-style sprawl: guests, old devices, and collaboration policies all over the place."
221,Turn on Microsoft Defender Antivirus Tamper Protection for Linux,To address,2.13 / 8,8%,Device,Microsoft Intune,Yes,No,Tailspin Education,scid_6092,"Education-style sprawl: guests, old devices, and collaboration policies all over the place."
222,Enable Microsoft Defender Antivirus real-time behavior monitoring for Linux,To address,0.47 / 5,5%,Device,Microsoft Intune,Yes,No,Tailspin Education,scid_6093,"Education-style sprawl: guests, old devices, and collaboration policies all over the place."
200,Enable Microsoft Defender Antivirus cloud-delivered protection for Linux,Planned,3.61 / 8,8%,Device,Microsoft Intune,Yes,No,Tailspin Education,scid_6094,"Education-style sprawl: guests, old devices, and collaboration policies all over the place."
201,Update Microsoft Defender Antivirus definitions for Linux,Planned,6.09 / 9,9%,Device,Microsoft Intune,Yes,Yes,Tailspin Education,scid_6095,"Education-style sprawl: guests, old devices, and collaboration policies all over the place."
66,Set 'Minimum PIN length for startup' to '6 or more characters',Planned,2.85 / 5,5%,Device,Microsoft Intune,Yes,No,Tailspin Education,scid_61,"Education-style sprawl: guests, old devices, and collaboration policies all over the place."
223,Enable 'Microsoft Defender for Endpoint Plug-in for WSL',Planned,2.92 / 5,5%,Device,Microsoft Intune,Yes,No,Tailspin Education,scid_6100,"Education-style sprawl: guests, old devices, and collaboration policies all over the place."
67,Enable 'Require additional authentication at startup',To address,0 / 8,8%,Device,Microsoft Intune,Yes,No,Tailspin Education,scid_62,"Education-style sprawl: guests, old devices, and collaboration policies all over the place."
68,Disable 'Configure Offer Remote Assistance',To address,1.66 / 5,5%,Device,Microsoft Intune,Yes,No,Tailspin Education,scid_63,"Education-style sprawl: guests, old devices, and collaboration policies all over the place."
69,Restrict anonymous access to named pipes and Shares,To address,0.66 / 8,8%,Device,Microsoft Intune,Yes,No,Tailspin Education,scid_64,"Education-style sprawl: guests, old devices, and collaboration policies all over the place."
70,Disable 'Store LAN Manager hash value on next password change',Planned,4.3 / 8,8%,Device,Microsoft Intune,Yes,Yes,Tailspin Education,scid_65,"Education-style sprawl: guests, old devices, and collaboration policies all over the place."
71,Disable 'Always install with elevated privileges',To address,0.7 / 8,8%,Device,Microsoft Intune,No,No,Tailspin Education,scid_66,"Education-style sprawl: guests, old devices, and collaboration policies all over the place."
72,Disable 'Autoplay for non-volume devices',Planned,2.39 / 5,5%,Device,Microsoft Intune,No,No,Tailspin Education,scid_67,"Education-style sprawl: guests, old devices, and collaboration policies all over the place."
73,Disable 'Anonymous enumeration of SAM accounts',Planned,4.96 / 8,8%,Device,Microsoft Intune,Yes,No,Tailspin Education,scid_68,"Education-style sprawl: guests, old devices, and collaboration policies all over the place."
74,Disable 'Autoplay' for all drives,Planned,3.12 / 8,8%,Device,Microsoft Intune,Yes,Yes,Tailspin Education,scid_69,"Education-style sprawl: guests, old devices, and collaboration policies all over the place."
75,Set default behavior for 'AutoRun' to 'Enabled: Do not execute any autorun commands',Planned,3.13 / 8,8%,Device,Microsoft Intune,Yes,No,Tailspin Education,scid_70,"Education-style sprawl: guests, old devices, and collaboration policies all over the place."
76,Enable 'Limit local account use of blank passwords to console logon only',To address,0.31 / 5,5%,Device,Microsoft Intune,No,Yes,Tailspin Education,scid_71,"Education-style sprawl: guests, old devices, and collaboration policies all over the place."
77,Set LAN Manager authentication level to 'Send NTLMv2 response only. Refuse LM & NTLM',Planned,2.9 / 8,8%,Device,Microsoft Intune,Yes,No,Tailspin Education,scid_72,"Education-style sprawl: guests, old devices, and collaboration policies all over the place."
78,Disable 'Allow Basic authentication' for WinRM Client,Planned,3.14 / 8,8%,Device,Microsoft Intune,No,No,Tailspin Education,scid_73,"Education-style sprawl: guests, old devices, and collaboration policies all over the place."
79,Disable 'Allow Basic authentication' for WinRM Service,Planned,3.82 / 8,8%,Device,Microsoft Intune,Yes,No,Tailspin Education,scid_74,"Education-style sprawl: guests, old devices, and collaboration policies all over the place."
80,Disable Flash on Adobe Reader DC,Completed,5 / 5,5%,Device,Microsoft Intune,Yes,No,Tailspin Education,scid_75,"Education-style sprawl: guests, old devices, and collaboration policies all over the place."
81,Disable JavaScript on Adobe Reader DC,Planned,4.04 / 5,5%,Device,Microsoft Intune,Yes,No,Tailspin Education,scid_76,"Education-style sprawl: guests, old devices, and collaboration policies all over the place."
82,Disable Flash on Adobe Acrobat Pro XI,Planned,3.52 / 5,5%,Device,Microsoft Intune,Yes,No,Tailspin Education,scid_77,"Education-style sprawl: guests, old devices, and collaboration policies all over the place."
83,Disable JavaScript on Adobe Acrobat Pro XI,To address,0.08 / 5,5%,Device,Microsoft Intune,Yes,No,Tailspin Education,scid_78,"Education-style sprawl: guests, old devices, and collaboration policies all over the place."
84,Disable running or installing downloaded software with invalid signature,To address,1.62 / 5,5%,Device,Microsoft Intune,Yes,No,Tailspin Education,scid_79,"Education-style sprawl: guests, old devices, and collaboration policies all over the place."
85,Block Flash activation in Office documents,To address,1.67 / 5,5%,Device,Microsoft Intune,Yes,No,Tailspin Education,scid_80,"Education-style sprawl: guests, old devices, and collaboration policies all over the place."
86,Set IPv6 source routing to highest protection,Planned,2.2 / 5,5%,Device,Microsoft Intune,Yes,No,Tailspin Education,scid_81,"Education-style sprawl: guests, old devices, and collaboration policies all over the place."
87,Disable IP source routing,To address,0.89 / 5,5%,Device,Microsoft Intune,Yes,No,Tailspin Education,scid_82,"Education-style sprawl: guests, old devices, and collaboration policies all over the place."
88,Enable Explorer Data Execution Prevention (DEP),Planned,3.38 / 5,5%,Device,Microsoft Intune,Yes,No,Tailspin Education,scid_83,"Education-style sprawl: guests, old devices, and collaboration policies all over the place."
90,Block outdated ActiveX controls for Internet Explorer,Planned,3.18 / 5,5%,Device,Microsoft Intune,Yes,No,Tailspin Education,scid_85,"Education-style sprawl: guests, old devices, and collaboration policies all over the place."
91,Disable Solicited Remote Assistance,Planned,5.17 / 8,8%,Device,Microsoft Intune,Yes,No,Tailspin Education,scid_87,"Education-style sprawl: guests, old devices, and collaboration policies all over the place."
92,Disable Anonymous enumeration of shares,Planned,5.33 / 8,8%,Device,Microsoft Intune,Yes,No,Tailspin Education,scid_88,"Education-style sprawl: guests, old devices, and collaboration policies all over the place."
92,Enable scanning of removable drives during a full scan,Planned,3.64 / 8,8%,Device,Microsoft Intune,Yes,Yes,Tailspin Education,scid_89,"Education-style sprawl: guests, old devices, and collaboration policies all over the place."
422,Enable 'Local Machine Zone Lockdown Security',To address,0 / 5,5%,Device,Microsoft Intune,Yes,No,Tailspin Education,scid_9,"Education-style sprawl: guests, old devices, and collaboration policies all over the place."
93,Enable Microsoft Defender Antivirus email scanning,To address,0.21 / 9,9%,Device,Exchange Online,Yes,No,Tailspin Education,scid_90,"Education-style sprawl: guests, old devices, and collaboration policies all over the place."
94,Enable Microsoft Defender Antivirus real-time behavior monitoring,To address,0 / 5,5%,Device,Microsoft Intune,Yes,No,Tailspin Education,scid_91,"Education-style sprawl: guests, old devices, and collaboration policies all over the place."
95,Enable Microsoft Defender Antivirus scanning of downloaded files and attachments,To address,1.76 / 10,10%,Device,Microsoft Intune,Yes,No,Tailspin Education,scid_92,"Education-style sprawl: guests, old devices, and collaboration policies all over the place."
96,Disable the local storage of passwords and credentials,To address,1.59 / 5,5%,Device,Microsoft Intune,Yes,No,Tailspin Education,scid_93,"Education-style sprawl: guests, old devices, and collaboration policies all over the place."
97,Disable sending unencrypted password to third-party SMB servers,Planned,2.71 / 5,5%,Device,Microsoft Intune,Yes,No,Tailspin Education,scid_94,"Education-style sprawl: guests, old devices, and collaboration policies all over the place."
98,Enable 'Microsoft network client: Digitally sign communications (always)',Planned,3.9 / 5,5%,Device,Microsoft Intune,Yes,No,Tailspin Education,scid_95,"Education-style sprawl: guests, old devices, and collaboration policies all over the place."
429,Enable 'Network Protection',Planned,4.93 / 8,8%,Device,Microsoft Intune,No,No,Tailspin Education,scid_96,"Education-style sprawl: guests, old devices, and collaboration policies all over the place."
159,Disable JavaScript on Adobe DC,To address,1 / 5,5%,Device,Microsoft Intune,Yes,Yes,Tailspin Education,scid_97,"Education-style sprawl: guests, old devices, and collaboration policies all over the place."
160,Disable JavaScript on Adobe Reader 2017,To address,0 / 5,5%,Device,Microsoft Intune,Yes,No,Tailspin Education,scid_98,"Education-style sprawl: guests, old devices, and collaboration policies all over the place."
161,Disable JavaScript on Adobe Acrobat 2017,To address,0 / 5,5%,Device,Microsoft Intune,Yes,No,Tailspin Education,scid_99,"Education-style sprawl: guests, old devices, and collaboration policies all over the place."
20,Ensure 'Self service password reset enabled' is set to 'All',To address,0.23 / 1,1%,Identity,Microsoft Entra ID,Yes,No,Tailspin Education,SelfServicePasswordReset,"Education-style sprawl: guests, old devices, and collaboration policies all over the place."
58,Enable Microsoft Entra ID Identity Protection sign-in risk policies,Planned,3.85 / 7,7%,Identity,Microsoft Entra ID,Yes,No,Tailspin Education,SigninRiskPolicy,"Education-style sprawl: guests, old devices, and collaboration policies all over the place."
10,Block OneDrive for Business sync from unmanaged devices,Planned,1.18 / 3,3%,Apps,SharePoint Online,Yes,No,Tailspin Education,spo_block_onedrive_sync_unmanaged_devices,"Education-style sprawl: guests, old devices, and collaboration policies all over the place."
10,Ensure SharePoint external sharing is managed through domain whitelist/blacklists,Completed,3 / 3,3%,Apps,SharePoint Online,Yes,No,Tailspin Education,spo_external_sharing_managed,"Education-style sprawl: guests, old devices, and collaboration policies all over the place."
10,Ensure that SharePoint guest users cannot share items they don't own,Planned,2.01 / 3,3%,Identity,SharePoint Online,Yes,Yes,Tailspin Education,spo_external_users_sharing,"Education-style sprawl: guests, old devices, and collaboration policies all over the place."
128,Sign out inactive users in SharePoint Online,Planned,0.58 / 1,1%,Identity,SharePoint Online,Yes,No,Tailspin Education,spo_idle_session_timeout,"Education-style sprawl: guests, old devices, and collaboration policies all over the place."
128,Ensure modern authentication for SharePoint applications is required,Planned,0.44 / 1,1%,Identity,SharePoint Online,Yes,No,Tailspin Education,spo_legacy_auth,"Education-style sprawl: guests, old devices, and collaboration policies all over the place."
10,Ensure that Sways cannot be shared with people outside of your organization,To address,0.19 / 3,3%,Apps,SWAY,Yes,No,Tailspin Education,sway_block_sharing_with_outside_users,"Education-style sprawl: guests, old devices, and collaboration policies all over the place."
59,Enable Microsoft Entra ID Identity Protection user risk policies,Planned,2.57 / 7,7%,Identity,Microsoft Entra ID,Yes,No,Tailspin Education,UserRiskPolicy,"Education-style sprawl: guests, old devices, and collaboration policies all over the place."
