Rank,Recommended action,Status,Points achieved,Score impact,Category,Product,Have license?,Regressed,Tenant,Control ID,Notes
10,Ensure Administrative accounts are separate and cloud-only,Planned,2.08 / 3,3%,Identity,Microsoft Entra ID,Yes,No,Wide World Manufacturing,aad_admin_accounts_separate_unassigned_cloud_only,Manufacturing/OT adjacency with legacy auth scars and low endpoint enforcement.
10,Ensure the admin consent workflow is enabled,To address,0.36 / 5,5%,Identity,Microsoft Entra ID,Yes,No,Wide World Manufacturing,aad_admin_consent_workflow,Manufacturing/OT adjacency with legacy auth scars and low endpoint enforcement.
10,Ensure custom banned passwords lists are used,Planned,3.47 / 5,5%,Identity,Microsoft Entra ID,Yes,No,Wide World Manufacturing,aad_custom_banned_passwords,Manufacturing/OT adjacency with legacy auth scars and low endpoint enforcement.
10,Ensure 'Microsoft Azure Management' is limited to administrative roles,To address,0.94 / 3,3%,Identity,Microsoft Entra ID,Yes,No,Wide World Manufacturing,aad_limited_administrative_roles,Manufacturing/OT adjacency with legacy auth scars and low endpoint enforcement.
10,Ensure 'LinkedIn account connections' is disabled,Planned,1.03 / 3,3%,Identity,Microsoft Entra ID,No,No,Wide World Manufacturing,aad_linkedin_connection_disables,Manufacturing/OT adjacency with legacy auth scars and low endpoint enforcement.
10,Ensure that only organizationally managed/approved public groups exist,To address,0.27 / 3,3%,Identity,Microsoft Entra ID,No,No,Wide World Manufacturing,aad_managed_approved_public_groups_only,Manufacturing/OT adjacency with legacy auth scars and low endpoint enforcement.
10,Ensure password protection is enabled for on-prem Active Directory,To address,0.15 / 6,6%,Identity,Microsoft Entra ID,Yes,No,Wide World Manufacturing,aad_password_protection,Manufacturing/OT adjacency with legacy auth scars and low endpoint enforcement.
10,Ensure 'Phishing-resistant MFA strength' is required for Administrators,Planned,2.95 / 7,7%,Identity,Microsoft Entra ID,Yes,No,Wide World Manufacturing,aad_phishing_MFA_strength,Manufacturing/OT adjacency with legacy auth scars and low endpoint enforcement.
10,Ensure Sign-in frequency is enabled and browser sessions are not persistent for Administrative users,Planned,2.96 / 5,5%,Identity,Microsoft Entra ID,Yes,No,Wide World Manufacturing,aad_sign_in_freq_session_timeout,Manufacturing/OT adjacency with legacy auth scars and low endpoint enforcement.
10,Ensure third party integrated applications are not allowed,To address,0.16 / 5,5%,Identity,Microsoft Entra ID,Yes,No,Wide World Manufacturing,aad_third_party_apps,Manufacturing/OT adjacency with legacy auth scars and low endpoint enforcement.
65,Locate accounts in built-in Operator Groups,To address,2.25 / 8,8%,Identity,Microsoft Entra ID,Yes,Yes,Wide World Manufacturing,AATP_AccountsInOperatorGroups,Manufacturing/OT adjacency with legacy auth scars and low endpoint enforcement.
65,Accounts with non-default Primary Group ID,To address,1.3 / 5,5%,Identity,Microsoft Entra ID,Yes,No,Wide World Manufacturing,AATP_AccountsWithNonDefaultPrimaryGroup,Manufacturing/OT adjacency with legacy auth scars and low endpoint enforcement.
65,Change password for accounts with leaked credentials,Planned,2.7 / 5,5%,Identity,Microsoft Entra ID,Yes,No,Wide World Manufacturing,AATP_AccountWithLeakedCredentials,Manufacturing/OT adjacency with legacy auth scars and low endpoint enforcement.
65,Change password for on-prem account with potentially leaked credentials,To address,1.53 / 5,5%,Identity,Microsoft Entra ID,Yes,No,Wide World Manufacturing,AATP_AdAccountWithPotentiallyLeakedCredentials,Manufacturing/OT adjacency with legacy auth scars and low endpoint enforcement.
65,Prevent Certificate Enrollment with arbitrary Application Policies (ESC15),To address,0 / 5,5%,Identity,Microsoft Entra ID,Yes,No,Wide World Manufacturing,AATP_ADCSCertificateTemplateArbitraryAppPolicies,Manufacturing/OT adjacency with legacy auth scars and low endpoint enforcement.
65,Prevent users to request a certificate valid for arbitrary users based on the certificate template (ESC1),To address,0.04 / 5,5%,Identity,Microsoft Entra ID,Yes,No,Wide World Manufacturing,AATP_ADCSCertificateTemplateEnrolementSuppliesSubject,Manufacturing/OT adjacency with legacy auth scars and low endpoint enforcement.
65,Install Defender for Identity Sensor on ADCS servers,Planned,1.68 / 4,4%,Identity,Microsoft Entra ID,Yes,No,Wide World Manufacturing,AATP_AdcsComputersWithNoMdiSensorInstalled,Manufacturing/OT adjacency with legacy auth scars and low endpoint enforcement.
65,Edit insecure certificate enrollment IIS endpoints (ESC8),Planned,3.11 / 5,5%,Identity,Microsoft Intune,Yes,No,Wide World Manufacturing,AATP_ADCSInsecureCertificateEnrollmentIisEndpoints,Manufacturing/OT adjacency with legacy auth scars and low endpoint enforcement.
65,Edit misconfigured Certificate Authority ACL (ESC7),To address,0.67 / 5,5%,Identity,Microsoft Entra ID,Yes,No,Wide World Manufacturing,AATP_ADCSMisconfiguredCertificateAuthorityAcl,Manufacturing/OT adjacency with legacy auth scars and low endpoint enforcement.
65,Edit misconfigured certificate templates ACL (ESC4),Planned,2.4 / 5,5%,Identity,Microsoft Entra ID,Yes,Yes,Wide World Manufacturing,AATP_ADCSMisconfiguredCertificateTemplateAcl,Manufacturing/OT adjacency with legacy auth scars and low endpoint enforcement.
60,Edit overly permissive Certificate Template with privileged EKU (Any purpose EKU or No EKU) (ESC2),To address,0.03 / 5,5%,Identity,Microsoft Entra ID,No,Yes,Wide World Manufacturing,AATP_ADCSMisconfiguredCertificateTemplateEku,Manufacturing/OT adjacency with legacy auth scars and low endpoint enforcement.
65,Edit misconfigured enrollment agent certificate template (ESC3),Planned,2.9 / 5,5%,Identity,Microsoft Entra ID,Yes,No,Wide World Manufacturing,AATP_ADCSMisconfiguredCertificateTemplateEnrollmentAgent,Manufacturing/OT adjacency with legacy auth scars and low endpoint enforcement.
65,Edit misconfigured certificate templates owner (ESC4),Planned,1.79 / 5,5%,Identity,Microsoft Entra ID,Yes,No,Wide World Manufacturing,AATP_ADCSMisconfiguredCertificateTemplateOwner,Manufacturing/OT adjacency with legacy auth scars and low endpoint enforcement.
65,Enforce encryption for RPC certificate enrollment interface (ESC8),To address,0.06 / 5,5%,Identity,Microsoft Entra ID,Yes,No,Wide World Manufacturing,AATP_ADCSMisconfiguredRpcEnrollmentSigning,Manufacturing/OT adjacency with legacy auth scars and low endpoint enforcement.
65,Edit vulnerable Certificate Authority setting (ESC6),To address,0.24 / 5,5%,Identity,Microsoft Entra ID,Yes,No,Wide World Manufacturing,AATP_ADCSSanSpecifiedByUserEnabled,Manufacturing/OT adjacency with legacy auth scars and low endpoint enforcement.
65,Install Defender for Identity Sensor on ADFS servers,To address,0.1 / 4,4%,Identity,Microsoft Entra ID,No,Yes,Wide World Manufacturing,AATP_AdfsComputersWithNoMdiSensorInstalled,Manufacturing/OT adjacency with legacy auth scars and low endpoint enforcement.
67,Remove access rights on suspicious accounts with the Admin SDHolder permission,To address,1.52 / 5,5%,Identity,Microsoft Entra ID,Yes,Yes,Wide World Manufacturing,AATP_AdminSDHolder,Manufacturing/OT adjacency with legacy auth scars and low endpoint enforcement.
65,Change password for Entra seamless SSO account,To address,1.43 / 5,5%,Identity,Microsoft Entra ID,Yes,No,Wide World Manufacturing,AATP_AzureSsoAccountOldPasswords,Manufacturing/OT adjacency with legacy auth scars and low endpoint enforcement.
65,Change password of built-in domain Administrator account,Planned,1.98 / 5,5%,Identity,Microsoft Entra ID,Yes,No,Wide World Manufacturing,AATP_BuiltinAdministratorAccountWithOldPassword,Manufacturing/OT adjacency with legacy auth scars and low endpoint enforcement.
65,Built-in Active Directory Guest account is enabled,Planned,2.1 / 5,5%,Identity,Microsoft Entra ID,Yes,No,Wide World Manufacturing,AATP_BuiltinGuestAccountIsEnabled,Manufacturing/OT adjacency with legacy auth scars and low endpoint enforcement.
65,Change password for krbtgt account,To address,0.46 / 5,5%,Identity,Microsoft Entra ID,Yes,No,Wide World Manufacturing,AATP_BuiltinKrbtgtAccountWithOldPassword,Manufacturing/OT adjacency with legacy auth scars and low endpoint enforcement.
67,Stop clear text credentials exposure,To address,0 / 5,5%,Identity,Microsoft Entra ID,Yes,Yes,Wide World Manufacturing,AATP_ClearText,Manufacturing/OT adjacency with legacy auth scars and low endpoint enforcement.
65,Remove stale CyberArk Identity privileged accounts,To address,0.66 / 5,5%,Identity,Microsoft Entra ID,Yes,No,Wide World Manufacturing,AATP_CyberArk_DormantPriviledgedAccounts,Manufacturing/OT adjacency with legacy auth scars and low endpoint enforcement.
65,High number of CyberArk Identity accounts with a privileged role assigned,To address,1.27 / 5,5%,Identity,Microsoft Entra ID,Yes,No,Wide World Manufacturing,AATP_CyberArk_HighNumberOfPriviledgedIdentityAccounts,Manufacturing/OT adjacency with legacy auth scars and low endpoint enforcement.
65,Limit the number of CyberArk Identity accounts with system admin role,To address,0.91 / 5,5%,Identity,Microsoft Entra ID,Yes,Yes,Wide World Manufacturing,AATP_CyberArk_HighNumberOfSystemAdmins,Manufacturing/OT adjacency with legacy auth scars and low endpoint enforcement.
65,Change password for CyberArk Identity privileged User accounts,To address,0.32 / 6,6%,Identity,Microsoft Entra ID,Yes,Yes,Wide World Manufacturing,AATP_CyberArk_PriviledgedUserAccountsWithOldPasswords,Manufacturing/OT adjacency with legacy auth scars and low endpoint enforcement.
59,"Start your Defender for Identity deployment, installing Sensors on Domain Controllers and other eligible servers.",Planned,2.25 / 5,5%,Identity,Microsoft Entra ID,Yes,Yes,Wide World Manufacturing,AATP_DefenderForIdentityIsNotInstalled,Manufacturing/OT adjacency with legacy auth scars and low endpoint enforcement.
65,Unsafe permissions on the DnsAdmins group,Completed,6.86 / 8,8%,Identity,Microsoft Entra ID,Yes,No,Wide World Manufacturing,AATP_DnsAdminsGroupWithUnsafePermissions,Manufacturing/OT adjacency with legacy auth scars and low endpoint enforcement.
65,Remove local admins on identity assets,Planned,1.95 / 5,5%,Identity,Microsoft Entra ID,Yes,No,Wide World Manufacturing,AATP_DomainControllerLocalUsers,Manufacturing/OT adjacency with legacy auth scars and low endpoint enforcement.
65,Change Domain Controller computer account old password,Planned,2.97 / 5,5%,Identity,Microsoft Entra ID,Yes,No,Wide World Manufacturing,AATP_DomainControllersWithOldPassword,Manufacturing/OT adjacency with legacy auth scars and low endpoint enforcement.
67,Remove dormant accounts from sensitive groups,To address,0.92 / 5,5%,Identity,Microsoft Entra ID,No,No,Wide World Manufacturing,AATP_DormantAccounts,Manufacturing/OT adjacency with legacy auth scars and low endpoint enforcement.
65,Rotate password for Entra Connect AD DS Connector account,To address,0.09 / 3,3%,Identity,Microsoft Entra ID,Yes,No,Wide World Manufacturing,AATP_EntraConnectAccountsOldPasswords,Manufacturing/OT adjacency with legacy auth scars and low endpoint enforcement.
65,Replace Enterprise or Domain Admin account for Entra Connect AD DS Connector account,To address,0 / 3,3%,Identity,Microsoft Entra ID,Yes,No,Wide World Manufacturing,AATP_EntraConnectAccountsWithConnectorAccountAsDefaultAdmin,Manufacturing/OT adjacency with legacy auth scars and low endpoint enforcement.
65,Remove unnecessary replication permissions for Entra Connect AD DS Connector Account,Planned,3.58 / 8,8%,Identity,Microsoft Entra ID,Yes,No,Wide World Manufacturing,AATP_EntraConnectAccountUnnecessaryReplicationPermission,Manufacturing/OT adjacency with legacy auth scars and low endpoint enforcement.
65,Install Defender for Identity Sensor on Entra Connect servers,To address,0.04 / 4,4%,Identity,Microsoft Entra ID,Yes,No,Wide World Manufacturing,AATP_EntraConnectComputersWithNoMdiSensorInstalled,Manufacturing/OT adjacency with legacy auth scars and low endpoint enforcement.
65,Remove unsafe permissions on sensitive Entra Connect accounts,Planned,6.98 / 9,9%,Identity,Microsoft Entra ID,No,Yes,Wide World Manufacturing,AATP_EntraConnectSensitiveAccountsWithUnsafePermissions,Manufacturing/OT adjacency with legacy auth scars and low endpoint enforcement.
65,Remove discoverable passwords in Active Directory account attributes,Planned,5.38 / 8,8%,Identity,Microsoft Entra ID,Yes,No,Wide World Manufacturing,AATP_ExposedPasswordsInADAttributes,Manufacturing/OT adjacency with legacy auth scars and low endpoint enforcement.
65,Set a valid password rotation interval for gMSA,Planned,3.22 / 6,6%,Identity,Microsoft Entra ID,Yes,No,Wide World Manufacturing,AATP_GroupManagedServiceAccountWithUnrecommendedPasswordChangeInterval,Manufacturing/OT adjacency with legacy auth scars and low endpoint enforcement.
65,GPO can be modified by unprivileged accounts,To address,0.62 / 5,5%,Identity,Microsoft Entra ID,Yes,No,Wide World Manufacturing,AATP_GroupPolicyAbnormalModificationAssignment,Manufacturing/OT adjacency with legacy auth scars and low endpoint enforcement.
65,GPO assigns unprivileged identities to local groups with elevated privileges,To address,1.15 / 7,7%,Identity,Microsoft Entra ID,No,No,Wide World Manufacturing,AATP_GroupPolicyAssignsUnprivilegedIdentitiesToElevatedLocalGroups,Manufacturing/OT adjacency with legacy auth scars and low endpoint enforcement.
65,Reversible passwords found in GPOs,To address,1.14 / 8,8%,Identity,Microsoft Entra ID,Yes,Yes,Wide World Manufacturing,AATP_GroupPolicyPasswordInPreferences,Manufacturing/OT adjacency with legacy auth scars and low endpoint enforcement.
61,Set a honeytoken account,To address,0 / 1,1%,Identity,Microsoft Entra ID,Yes,No,Wide World Manufacturing,AATP_HoneyToken,Manufacturing/OT adjacency with legacy auth scars and low endpoint enforcement.
65,Remove stale service accounts,Planned,2.27 / 5,5%,Identity,Microsoft Entra ID,No,No,Wide World Manufacturing,AATP_InactiveServiceAccounts,Manufacturing/OT adjacency with legacy auth scars and low endpoint enforcement.
67,Modify unsecure Kerberos delegations to prevent impersonation,Planned,3.05 / 5,5%,Identity,Microsoft Entra ID,Yes,No,Wide World Manufacturing,AATP_KerberosDelegations,Manufacturing/OT adjacency with legacy auth scars and low endpoint enforcement.
66,Remove non-admin accounts with DCSync permissions,Planned,3.53 / 5,5%,Identity,Microsoft Entra ID,Yes,No,Wide World Manufacturing,AATP_NonAdminDCSyncAccounts,Manufacturing/OT adjacency with legacy auth scars and low endpoint enforcement.
65,Remove dormant Okta privileged accounts,Planned,2.79 / 5,5%,Identity,Microsoft Entra ID,Yes,No,Wide World Manufacturing,AATP_Okta_Dormant,Manufacturing/OT adjacency with legacy auth scars and low endpoint enforcement.
65,High number of Okta accounts with privileged role assigned,Planned,2.06 / 5,5%,Identity,Microsoft Entra ID,Yes,Yes,Wide World Manufacturing,AATP_Okta_HighNumberOfNonSuperAdminPrivilegedUserAccounts,Manufacturing/OT adjacency with legacy auth scars and low endpoint enforcement.
65,Limit the Number of Okta Super Admins Accounts,Planned,1.96 / 5,5%,Identity,Microsoft Entra ID,No,No,Wide World Manufacturing,AATP_Okta_HighNumberOfSuperAdmins,Manufacturing/OT adjacency with legacy auth scars and low endpoint enforcement.
65,Change password for Okta privileged User accounts,To address,0.43 / 6,6%,Identity,Microsoft Entra ID,Yes,No,Wide World Manufacturing,AATP_Okta_SensitiveAccountWithOldPassword,Manufacturing/OT adjacency with legacy auth scars and low endpoint enforcement.
65,Assign multi-factor authentication for Okta privileged user accounts,To address,0 / 5,5%,Identity,Microsoft Entra ID,Yes,No,Wide World Manufacturing,AATP_Okta_SensitiveAccountWithoutFactorsAssigned,Manufacturing/OT adjacency with legacy auth scars and low endpoint enforcement.
65,Highly Privileged Okta Api Token,To address,1.52 / 5,5%,Identity,Microsoft Entra ID,Yes,No,Wide World Manufacturing,AATP_Okta_SensitiveApiToken,Manufacturing/OT adjacency with legacy auth scars and low endpoint enforcement.
67,Reduce lateral movement path risk to sensitive entities,Planned,2.66 / 5,5%,Identity,Microsoft Entra ID,Yes,No,Wide World Manufacturing,AATP_PathRisk,Manufacturing/OT adjacency with legacy auth scars and low endpoint enforcement.
65,Remove stale PingOne privileged accounts,Planned,2.29 / 5,5%,Identity,Microsoft Entra ID,Yes,No,Wide World Manufacturing,AATP_Ping_Dormant,Manufacturing/OT adjacency with legacy auth scars and low endpoint enforcement.
65,High number of PingOne accounts with a privileged role assigned,Planned,3.37 / 5,5%,Identity,Microsoft Entra ID,Yes,No,Wide World Manufacturing,AATP_Ping_HighNumberOfNonSuperAdminPrivilegedUserAccounts,Manufacturing/OT adjacency with legacy auth scars and low endpoint enforcement.
65,Limit the number of PingOne accounts with organization admin role,Planned,3.09 / 5,5%,Identity,Microsoft Entra ID,Yes,No,Wide World Manufacturing,AATP_Ping_HighNumberOfSuperAdmins,Manufacturing/OT adjacency with legacy auth scars and low endpoint enforcement.
65,Change password for PingOne privileged User accounts,To address,0.98 / 6,6%,Identity,Microsoft Entra ID,Yes,No,Wide World Manufacturing,AATP_Ping_SensitiveAccountWithOldPassword,Manufacturing/OT adjacency with legacy auth scars and low endpoint enforcement.
65,Assign multi-factor authentication for PingOne privileged user accounts,To address,0.25 / 5,5%,Identity,Microsoft Entra ID,No,No,Wide World Manufacturing,AATP_Ping_SensitiveAccountWithoutFactorsAssigned,Manufacturing/OT adjacency with legacy auth scars and low endpoint enforcement.
67,Disable Print spooler service on domain controllers,To address,0 / 5,5%,Identity,Microsoft Entra ID,Yes,No,Wide World Manufacturing,AATP_PrintSpooler,Manufacturing/OT adjacency with legacy auth scars and low endpoint enforcement.
65,Ensure privileged accounts are not delegated,To address,0.78 / 5,5%,Identity,Microsoft Entra ID,Yes,No,Wide World Manufacturing,AATP_PrivilegedAccountsWithDelegationAllowed,Manufacturing/OT adjacency with legacy auth scars and low endpoint enforcement.
65,Identify Entra ID privileged accounts that are also privileged in Active Directory,To address,0.3 / 9,9%,Identity,Microsoft Entra ID,Yes,No,Wide World Manufacturing,AATP_PrivilegedEntraIdAndActiveDirectoryAccounts,Manufacturing/OT adjacency with legacy auth scars and low endpoint enforcement.
67,Protect and manage local admin passwords with Microsoft LAPS,Planned,2.95 / 5,5%,Identity,Microsoft Entra ID,No,No,Wide World Manufacturing,AATP_PwdLAPS,Manufacturing/OT adjacency with legacy auth scars and low endpoint enforcement.
65,Remove stale SailPoint privileged accounts,Planned,3.04 / 5,5%,Identity,Microsoft Entra ID,No,No,Wide World Manufacturing,AATP_SailPoint_DormantPriviledgedAccounts,Manufacturing/OT adjacency with legacy auth scars and low endpoint enforcement.
65,High number of SailPoint accounts with a privileged role assigned,Planned,2.59 / 5,5%,Identity,Microsoft Entra ID,Yes,Yes,Wide World Manufacturing,AATP_SailPoint_HighNumberOfPriviledgedIdentityAccounts,Manufacturing/OT adjacency with legacy auth scars and low endpoint enforcement.
65,Limit the number of SailPoint accounts with system admin role,Planned,2.83 / 5,5%,Identity,Microsoft Entra ID,Yes,No,Wide World Manufacturing,AATP_SailPoint_HighNumberOfSystemAdmins,Manufacturing/OT adjacency with legacy auth scars and low endpoint enforcement.
65,Assign multi-factor authentication for SailPoint privileged user accounts,To address,0.93 / 5,5%,Identity,Microsoft Entra ID,No,Yes,Wide World Manufacturing,AATP_SailPoint_MFAforPriviledgedUserAccounts,Manufacturing/OT adjacency with legacy auth scars and low endpoint enforcement.
65,Change password for SailPoint privileged User accounts,To address,0.52 / 5,5%,Identity,Microsoft Entra ID,Yes,No,Wide World Manufacturing,AATP_SailPoint_PriviledgedUserAccountsWithOldPasswords,Manufacturing/OT adjacency with legacy auth scars and low endpoint enforcement.
60,Install Defender for Identity Sensor on all Domain Controllers,To address,0.16 / 4,4%,Identity,Microsoft Entra ID,Yes,No,Wide World Manufacturing,AATP_Sensor,Manufacturing/OT adjacency with legacy auth scars and low endpoint enforcement.
65,Identify service accounts in privileged groups,To address,1.99 / 7,7%,Identity,Microsoft Entra ID,No,Yes,Wide World Manufacturing,AATP_ServiceAccountsInPrivilegedGroup,Manufacturing/OT adjacency with legacy auth scars and low endpoint enforcement.
67,Remove unsecure SID history attributes from entities,To address,0 / 5,5%,Identity,Microsoft Entra ID,Yes,No,Wide World Manufacturing,AATP_SIDHistory,Manufacturing/OT adjacency with legacy auth scars and low endpoint enforcement.
65,Rotate old password for sMSA and set up valid rotation interval in the GPO,To address,0.63 / 6,6%,Identity,Microsoft Entra ID,Yes,Yes,Wide World Manufacturing,AATP_SingleManagedServiceAccountsWithOldPassword,Manufacturing/OT adjacency with legacy auth scars and low endpoint enforcement.
65,Remove stale Active Directory accounts,To address,1.24 / 5,5%,Identity,Microsoft Entra ID,No,No,Wide World Manufacturing,AATP_StaleAccounts,Manufacturing/OT adjacency with legacy auth scars and low endpoint enforcement.
67,Resolve unsecure account attributes,Planned,2.29 / 5,5%,Identity,Microsoft Entra ID,No,No,Wide World Manufacturing,AATP_UnsecureAccount,Manufacturing/OT adjacency with legacy auth scars and low endpoint enforcement.
60,Resolve unsecure domain configurations,Planned,2.6 / 5,5%,Identity,Microsoft Entra ID,Yes,No,Wide World Manufacturing,AATP_UnsecureDomain,Manufacturing/OT adjacency with legacy auth scars and low endpoint enforcement.
63,Configure VPN integration,To address,0.21 / 1,1%,Identity,Microsoft Entra ID,Yes,Yes,Wide World Manufacturing,AATP_Vpn,Manufacturing/OT adjacency with legacy auth scars and low endpoint enforcement.
67,Stop weak cipher usage,To address,0 / 5,5%,Identity,Microsoft Entra ID,Yes,No,Wide World Manufacturing,AATP_WeakCipher,Manufacturing/OT adjacency with legacy auth scars and low endpoint enforcement.
10,Ensure 'User owned apps and services' is restricted,To address,0 / 3,3%,Identity,Microsoft Entra ID,Yes,No,Wide World Manufacturing,admincenter_owned_apps_and_services,Manufacturing/OT adjacency with legacy auth scars and low endpoint enforcement.
1,Ensure multifactor authentication is enabled for all users in administrative roles,To address,2.78 / 10,10%,Identity,Microsoft Entra ID,Yes,No,Wide World Manufacturing,AdminMFAV2,Manufacturing/OT adjacency with legacy auth scars and low endpoint enforcement.
9,Regulate cloud app access to sensitive data,To address,2.15 / 7,7%,Apps,AppG,Yes,No,Wide World Manufacturing,AppG_regulate_access_to_sensitive_data,Manufacturing/OT adjacency with legacy auth scars and low endpoint enforcement.
10,Regulate apps with priority account consent,Planned,4.06 / 7,7%,Apps,AppG,No,No,Wide World Manufacturing,AppG_unusual_activity_with_priority_account,Manufacturing/OT adjacency with legacy auth scars and low endpoint enforcement.
68,Enable Conditional Access policies to block legacy authentication,Planned,4.73 / 8,8%,Identity,Microsoft Entra ID,Yes,No,Wide World Manufacturing,BlockLegacyAuthentication,Manufacturing/OT adjacency with legacy auth scars and low endpoint enforcement.
127,Ensure the customer lockbox feature is enabled,Planned,0.57 / 1,1%,Apps,Exchange Online,Yes,Yes,Wide World Manufacturing,CustomerLockBoxEnabled,Manufacturing/OT adjacency with legacy auth scars and low endpoint enforcement.
128,Ensure DLP policies are enabled,Planned,2.95 / 5,5%,Data,MIP,Yes,No,Wide World Manufacturing,dlp_datalossprevention,Manufacturing/OT adjacency with legacy auth scars and low endpoint enforcement.
128,Ensure 'External sharing' of calendars is not available,To address,0.57 / 5,5%,Apps,Exchange Online,Yes,No,Wide World Manufacturing,exo_individualsharing,Manufacturing/OT adjacency with legacy auth scars and low endpoint enforcement.
10,Ensure mailbox auditing for all users is Enabled,To address,0 / 3,3%,Apps,Exchange Online,Yes,No,Wide World Manufacturing,exo_mailboxaudit,Manufacturing/OT adjacency with legacy auth scars and low endpoint enforcement.
10,Ensure MailTips are enabled for end users,To address,0.02 / 3,3%,Apps,Exchange Online,No,No,Wide World Manufacturing,exo_mailtipsenabled,Manufacturing/OT adjacency with legacy auth scars and low endpoint enforcement.
10,Ensure modern authentication for Exchange Online is enabled,Planned,1.37 / 3,3%,Identity,Exchange Online,No,Yes,Wide World Manufacturing,exo_oauth2clientprofileenabled,Manufacturing/OT adjacency with legacy auth scars and low endpoint enforcement.
10,Ensure users installing Outlook add-ins is not allowed,Planned,1.49 / 3,3%,Apps,Exchange Online,Yes,No,Wide World Manufacturing,exo_outlookaddins,Manufacturing/OT adjacency with legacy auth scars and low endpoint enforcement.
10,Ensure that SPF records are published for all Exchange Domains,Planned,2.43 / 5,5%,Apps,Exchange Online,Yes,No,Wide World Manufacturing,exo_SPF_records_for_all_domains,Manufacturing/OT adjacency with legacy auth scars and low endpoint enforcement.
10,Ensure additional storage providers are restricted in Outlook on the web,To address,1.46 / 5,5%,Apps,Exchange Online,Yes,Yes,Wide World Manufacturing,exo_storageproviderrestricted,Manufacturing/OT adjacency with legacy auth scars and low endpoint enforcement.
128,Ensure Spam confidence level (SCL) is configured in mail transport rules with specific domains,Planned,2.24 / 3,3%,Apps,Exchange Online,Yes,No,Wide World Manufacturing,exo_transportrulesallowlistdomains,Manufacturing/OT adjacency with legacy auth scars and low endpoint enforcement.
10,Ensure internal phishing protection for Forms is enabled,Planned,3.59 / 6,6%,Apps,FORMS,Yes,No,Wide World Manufacturing,forms_phishing_protection,Manufacturing/OT adjacency with legacy auth scars and low endpoint enforcement.
35,Ensure user consent to apps accessing company data on their behalf is not allowed,Planned,2.01 / 4,4%,Identity,Microsoft Entra ID,Yes,Yes,Wide World Manufacturing,IntegratedApps,Manufacturing/OT adjacency with legacy auth scars and low endpoint enforcement.
10,Ensure Microsoft Defender for Cloud Apps is enabled and configured,To address,0 / 5,5%,Apps,Microsoft Defender,Yes,No,Wide World Manufacturing,mcas_mda_enabled,Manufacturing/OT adjacency with legacy auth scars and low endpoint enforcement.
82,Deploy a log collector to discover shadow IT activity,To address,0.26 / 1,1%,Apps,MCAS,Yes,No,Wide World Manufacturing,McasFirewallLogUpload,Manufacturing/OT adjacency with legacy auth scars and low endpoint enforcement.
10,Enable multi-factor authentication (MFA),To address,0 / 7,7%,Identity,Microsoft Entra ID,Yes,Yes,Wide World Manufacturing,MDA_Atlassian_EnableTwoFactorAuth,Manufacturing/OT adjacency with legacy auth scars and low endpoint enforcement.
10,Enable Single Sing On (SSO),To address,2.33 / 7,7%,Identity,Microsoft Entra ID,No,No,Wide World Manufacturing,MDA_Atlassian_ForceSSO,Manufacturing/OT adjacency with legacy auth scars and low endpoint enforcement.
10,Enable session timeout for web users,Planned,2.15 / 6,6%,Identity,Microsoft Entra ID,Yes,No,Wide World Manufacturing,MDA_Atlassian_InactiveTimeoutMins,Manufacturing/OT adjacency with legacy auth scars and low endpoint enforcement.
10,Atlassian mobile app security - App access requirement,Planned,4.1 / 6,6%,Identity,Microsoft Entra ID,Yes,No,Wide World Manufacturing,MDA_Atlassian_mobile_access,Manufacturing/OT adjacency with legacy auth scars and low endpoint enforcement.
10,Atlassian mobile app security - App data protection,Planned,4.47 / 6,6%,Apps,MDA_Atlassian,Yes,Yes,Wide World Manufacturing,MDA_Atlassian_mobile_dataprotection,Manufacturing/OT adjacency with legacy auth scars and low endpoint enforcement.
10,Atlassian mobile app security - Users that are affected by policies,To address,0.95 / 3,3%,Identity,Microsoft Entra ID,No,No,Wide World Manufacturing,MDA_Atlassian_mobile_UsersAffected,Manufacturing/OT adjacency with legacy auth scars and low endpoint enforcement.
10,Enable Password expiration policies,Planned,2.82 / 6,6%,Identity,Microsoft Entra ID,Yes,No,Wide World Manufacturing,MDA_Atlassian_passwordExpiry,Manufacturing/OT adjacency with legacy auth scars and low endpoint enforcement.
10,Enable multi-factor authentication (MFA),To address,1.58 / 7,7%,Identity,Microsoft Entra ID,Yes,No,Wide World Manufacturing,MDA_CitrixSF_EnableTwoFactorAuth,Manufacturing/OT adjacency with legacy auth scars and low endpoint enforcement.
10,Enable Single Sign on (SSO),To address,1.73 / 7,7%,Identity,Microsoft Entra ID,Yes,No,Wide World Manufacturing,MDA_CitrixSF_ForceSSO,Manufacturing/OT adjacency with legacy auth scars and low endpoint enforcement.
10,Enable session timeout for web users,Planned,2.12 / 6,6%,Identity,Microsoft Entra ID,Yes,No,Wide World Manufacturing,MDA_CitrixSF_InactiveTimeoutMins,Manufacturing/OT adjacency with legacy auth scars and low endpoint enforcement.
10,Enhance 'login maximum attempts' - Lockout timer,Planned,3.13 / 6,6%,Identity,Microsoft Entra ID,No,No,Wide World Manufacturing,MDA_CitrixSF_LoginFailLockoutSecs,Manufacturing/OT adjacency with legacy auth scars and low endpoint enforcement.
10,Enhance 'login maximum attempts' - Number of attempts,Planned,2.91 / 6,6%,Identity,Microsoft Entra ID,Yes,No,Wide World Manufacturing,MDA_CitrixSF_LoginFailMaxAttempts,Manufacturing/OT adjacency with legacy auth scars and low endpoint enforcement.
10,Enable password minimum length,Planned,3.08 / 4,4%,Identity,Microsoft Entra ID,Yes,No,Wide World Manufacturing,MDA_CitrixSF_MinimumLength,Manufacturing/OT adjacency with legacy auth scars and low endpoint enforcement.
10,Enable password minimum numeric characters,To address,1.13 / 4,4%,Identity,Microsoft Entra ID,Yes,Yes,Wide World Manufacturing,MDA_CitrixSF_MinimumNumeric,Manufacturing/OT adjacency with legacy auth scars and low endpoint enforcement.
10,Enable password minimum special characters,Planned,1.64 / 4,4%,Identity,Microsoft Entra ID,Yes,No,Wide World Manufacturing,MDA_CitrixSF_MinimumSpecialCharacters,Manufacturing/OT adjacency with legacy auth scars and low endpoint enforcement.
10,Enable password expiration policies,To address,1.12 / 4,4%,Identity,Microsoft Entra ID,Yes,No,Wide World Manufacturing,MDA_CitrixSF_PasswordMaxAgeDays,Manufacturing/OT adjacency with legacy auth scars and low endpoint enforcement.
10,Enhance password requirements,To address,0.1 / 4,4%,Identity,Microsoft Entra ID,Yes,No,Wide World Manufacturing,MDA_DocuSign_EnhancedPassword,Manufacturing/OT adjacency with legacy auth scars and low endpoint enforcement.
10,Password expiry requirements,To address,0 / 4,4%,Identity,Microsoft Entra ID,Yes,No,Wide World Manufacturing,MDA_DocuSign_PasswordExpires,Manufacturing/OT adjacency with legacy auth scars and low endpoint enforcement.
10,Enable session timeout for web users,To address,0 / 6,6%,Identity,Microsoft Entra ID,Yes,No,Wide World Manufacturing,MDA_DocuSign_SessionTimeout,Manufacturing/OT adjacency with legacy auth scars and low endpoint enforcement.
10,Enable web session timeout for web users,Planned,2.49 / 6,6%,Identity,Microsoft Entra ID,Yes,No,Wide World Manufacturing,MDA_Dropbox_InactiveTimeoutMins,Manufacturing/OT adjacency with legacy auth scars and low endpoint enforcement.
10,Disable 'Allow members to view dependency insights',Planned,2.95 / 4,4%,Identity,Microsoft Entra ID,Yes,No,Wide World Manufacturing,MDA_GitHub_DependencyInsights,Manufacturing/OT adjacency with legacy auth scars and low endpoint enforcement.
10,Enabled 'email notification delivery for this enterprise is restricted to verified or approved domains',Completed,2.59 / 3,3%,Apps,Exchange Online,Yes,No,Wide World Manufacturing,MDA_GitHub_EmailNotificationRestrictedToVerifiedOrApprovedDomains,Manufacturing/OT adjacency with legacy auth scars and low endpoint enforcement.
10,Enforce IP allow list configuration for org resources,Planned,1.81 / 4,4%,Identity,Microsoft Entra ID,No,No,Wide World Manufacturing,MDA_GitHub_IPallowListConfigurationForOrgResources,Manufacturing/OT adjacency with legacy auth scars and low endpoint enforcement.
10,Disable 'Allow repository administrators to invite outside collaborators to repositories for this organization,Planned,1.94 / 4,4%,Identity,Microsoft Entra ID,Yes,No,Wide World Manufacturing,MDA_GitHub_OutsideCollabInvitation,Manufacturing/OT adjacency with legacy auth scars and low endpoint enforcement.
10,Disable private repository forking,To address,0.71 / 7,7%,Apps,MDA_GitHub,Yes,No,Wide World Manufacturing,MDA_GitHub_PrivateRepositoryForkingSetting,Manufacturing/OT adjacency with legacy auth scars and low endpoint enforcement.
10,"Disable 'Members will be able to create public repositories, visible to anyone'",To address,0 / 4,4%,Identity,Microsoft Entra ID,Yes,No,Wide World Manufacturing,MDA_GitHub_PublicRepoCreation,Manufacturing/OT adjacency with legacy auth scars and low endpoint enforcement.
10,Disable 'members with admin permissions for repositories can delete or transfer repositories',To address,0 / 6,6%,Identity,Microsoft Entra ID,Yes,Yes,Wide World Manufacturing,MDA_GitHub_RepoTransferOrDeletion,Manufacturing/OT adjacency with legacy auth scars and low endpoint enforcement.
10,Disable 'Allow members to change repository visibilities for this organization',To address,1.65 / 6,6%,Apps,MDA_GitHub,No,Yes,Wide World Manufacturing,MDA_GitHub_RepoVisibility_change,Manufacturing/OT adjacency with legacy auth scars and low endpoint enforcement.
10,Enable single sign on (SSO),To address,0.48 / 3,3%,Identity,Microsoft Entra ID,Yes,No,Wide World Manufacturing,MDA_GitHub_SAML,Manufacturing/OT adjacency with legacy auth scars and low endpoint enforcement.
10,Enable multi-factor authentication (MFA),Planned,3.77 / 7,7%,Identity,Microsoft Entra ID,Yes,No,Wide World Manufacturing,MDA_Google_EnableTwoFactorAuth,Manufacturing/OT adjacency with legacy auth scars and low endpoint enforcement.
10,Adopt SSO (Single sign on) in netDocuments,Planned,2.51 / 7,7%,Identity,Microsoft Entra ID,Yes,No,Wide World Manufacturing,MDA_NetDocuments_SSO,Manufacturing/OT adjacency with legacy auth scars and low endpoint enforcement.
10,Enhance password requirements,To address,0.53 / 4,4%,Identity,Microsoft Entra ID,Yes,No,Wide World Manufacturing,MDA_Okta_EnhancedPassword,Manufacturing/OT adjacency with legacy auth scars and low endpoint enforcement.
10,Enable multi-factor authentication,Planned,2.57 / 7,7%,Identity,Microsoft Entra ID,Yes,No,Wide World Manufacturing,MDA_Okta_MFA,Manufacturing/OT adjacency with legacy auth scars and low endpoint enforcement.
10,Password expiry requirements,Planned,2.66 / 4,4%,Identity,Microsoft Entra ID,Yes,No,Wide World Manufacturing,MDA_Okta_PasswordExpires,Manufacturing/OT adjacency with legacy auth scars and low endpoint enforcement.
10,Enable session timeout for web users,To address,0.22 / 6,6%,Identity,Microsoft Entra ID,No,No,Wide World Manufacturing,MDA_Okta_SessionTimeout,Manufacturing/OT adjacency with legacy auth scars and low endpoint enforcement.
10,Remote Site,To address,0 / 5,5%,Apps,MDA_SF,Yes,Yes,Wide World Manufacturing,MDA_SF_disableProtocolSecurity,Manufacturing/OT adjacency with legacy auth scars and low endpoint enforcement.
10,Disable Administrators Can Log In As Any User,Planned,1.25 / 3,3%,Identity,Microsoft Entra ID,Yes,No,Wide World Manufacturing,MDA_SF_enableAdminLoginAsAnyUser,Manufacturing/OT adjacency with legacy auth scars and low endpoint enforcement.
10,Disable Caching and Autocomplete on Login Page via Session settings,To address,0.8 / 4,4%,Identity,Microsoft Entra ID,No,No,Wide World Manufacturing,MDA_SF_enableCacheAndAutocomplete,Manufacturing/OT adjacency with legacy auth scars and low endpoint enforcement.
10,Enable clickjack protection for non-Setup for Salesforce pages,To address,0.17 / 3,3%,Apps,MDA_SF,Yes,Yes,Wide World Manufacturing,MDA_SF_enableClickjackNonsetupSFDC,Manufacturing/OT adjacency with legacy auth scars and low endpoint enforcement.
10,Enable clickjack protection for customer VisualForce pages with standard headers,Planned,1.15 / 3,3%,Apps,MDA_SF,No,No,Wide World Manufacturing,MDA_SF_enableClickjackNonsetupUser,Manufacturing/OT adjacency with legacy auth scars and low endpoint enforcement.
10,Enable clickjack protection for customer VisualForce pages with headers disabled,Planned,1.96 / 3,3%,Apps,MDA_SF,Yes,No,Wide World Manufacturing,MDA_SF_enableClickjackNonsetupUserHeaderless,Manufacturing/OT adjacency with legacy auth scars and low endpoint enforcement.
10,Enable clickjack protection for Setup pages,Planned,1.38 / 3,3%,Apps,MDA_SF,Yes,Yes,Wide World Manufacturing,MDA_SF_enableClickjackSetup,Manufacturing/OT adjacency with legacy auth scars and low endpoint enforcement.
10,Enable Content Sniffing protection,To address,0 / 3,3%,Apps,MDA_SF,Yes,No,Wide World Manufacturing,MDA_SF_enableContentSniffingProtection,Manufacturing/OT adjacency with legacy auth scars and low endpoint enforcement.
10,Enable Content Security Policy protection for email templates,To address,0.08 / 3,3%,Apps,Exchange Online,No,Yes,Wide World Manufacturing,MDA_SF_enableCSPOnEmail,Manufacturing/OT adjacency with legacy auth scars and low endpoint enforcement.
10,Enable CSRF protection on GET requests on non-setup pages,To address,0.25 / 3,3%,Apps,MDA_SF,Yes,Yes,Wide World Manufacturing,MDA_SF_enableCSRFOnGet,Manufacturing/OT adjacency with legacy auth scars and low endpoint enforcement.
10,Enable CSRF protection on POST requests on non-setup pages,To address,0.37 / 3,3%,Apps,MDA_SF,Yes,No,Wide World Manufacturing,MDA_SF_enableCSRFOnPost,Manufacturing/OT adjacency with legacy auth scars and low endpoint enforcement.
33,Require identity verification during multi-factor authentication (MFA) registration,Planned,2.65 / 7,7%,Identity,Microsoft Entra ID,Yes,No,Wide World Manufacturing,MDA_SF_enableMultipleSamlConfigs,Manufacturing/OT adjacency with legacy auth scars and low endpoint enforcement.
10,Let users verify their identity by text (SMS),Planned,4.61 / 7,7%,Identity,Microsoft Entra ID,Yes,No,Wide World Manufacturing,MDA_SF_enableSMSIdentity,Manufacturing/OT adjacency with legacy auth scars and low endpoint enforcement.
10,Enforce login IP ranges on every request,Planned,1.83 / 5,5%,Identity,Microsoft Entra ID,Yes,No,Wide World Manufacturing,MDA_SF_enforceIpRangesEveryRequest,Manufacturing/OT adjacency with legacy auth scars and low endpoint enforcement.
10,Force logout on session timeout,To address,2.36 / 7,7%,Identity,Microsoft Entra ID,Yes,No,Wide World Manufacturing,MDA_SF_forceLogoutOnSessionTimeout,Manufacturing/OT adjacency with legacy auth scars and low endpoint enforcement.
10,Force (admin) relogin after Login-As-User,Planned,1.28 / 3,3%,Identity,Microsoft Entra ID,Yes,No,Wide World Manufacturing,MDA_SF_forceRelogin,Manufacturing/OT adjacency with legacy auth scars and low endpoint enforcement.
10,Require identity verification for change of email address,To address,1.33 / 5,5%,Identity,Exchange Online,Yes,No,Wide World Manufacturing,MDA_SF_identityConfirmationOnEmailChange,Manufacturing/OT adjacency with legacy auth scars and low endpoint enforcement.
10,Lock sessions to the domain in which they were first used,To address,0 / 7,7%,Identity,Microsoft Entra ID,Yes,No,Wide World Manufacturing,MDA_SF_lockSessionsToDomain,Manufacturing/OT adjacency with legacy auth scars and low endpoint enforcement.
10,Maximum invalid login attempts,To address,0.07 / 5,5%,Identity,Microsoft Entra ID,Yes,No,Wide World Manufacturing,MDA_SF_maxLoginAttempts,Manufacturing/OT adjacency with legacy auth scars and low endpoint enforcement.
10,Require a minimum 1 day password lifetime,To address,0 / 5,5%,Identity,Microsoft Entra ID,Yes,No,Wide World Manufacturing,MDA_SF_minimumPasswordLifetime,Manufacturing/OT adjacency with legacy auth scars and low endpoint enforcement.
10,Password complexity requirement,To address,0.86 / 4,4%,Identity,Microsoft Entra ID,No,No,Wide World Manufacturing,MDA_SF_password_complexity,Manufacturing/OT adjacency with legacy auth scars and low endpoint enforcement.
10,User passwords expire in 90 days or less,To address,1.58 / 5,5%,Identity,Microsoft Entra ID,No,No,Wide World Manufacturing,MDA_SF_password_expiration,Manufacturing/OT adjacency with legacy auth scars and low endpoint enforcement.
10,Enforce password history,Planned,1.52 / 4,4%,Identity,Microsoft Entra ID,Yes,Yes,Wide World Manufacturing,MDA_SF_password_historyRestriction,Manufacturing/OT adjacency with legacy auth scars and low endpoint enforcement.
10,Lockout effective period,To address,1.1 / 7,7%,Identity,Microsoft Entra ID,Yes,No,Wide World Manufacturing,MDA_SF_password_lockoutInterval,Manufacturing/OT adjacency with legacy auth scars and low endpoint enforcement.
10,Minimum password length,Planned,1.54 / 4,4%,Identity,Microsoft Entra ID,Yes,Yes,Wide World Manufacturing,MDA_SF_password_minimumPasswordLength,Manufacturing/OT adjacency with legacy auth scars and low endpoint enforcement.
10,Obscure secret answer for password resets,To address,0.1 / 3,3%,Identity,Microsoft Entra ID,Yes,Yes,Wide World Manufacturing,MDA_SF_password_obscureSecretAnswer,Manufacturing/OT adjacency with legacy auth scars and low endpoint enforcement.
10,Password question requirement,To address,0.27 / 3,3%,Identity,Microsoft Entra ID,Yes,No,Wide World Manufacturing,MDA_SF_password_questionRestriction,Manufacturing/OT adjacency with legacy auth scars and low endpoint enforcement.
10,Session timeout,To address,0 / 7,7%,Identity,Microsoft Entra ID,Yes,No,Wide World Manufacturing,MDA_SF_password_sessionTimeout,Manufacturing/OT adjacency with legacy auth scars and low endpoint enforcement.
10,Require HttpOnly attribute,Planned,1.06 / 3,3%,Apps,MDA_SF,Yes,No,Wide World Manufacturing,MDA_SF_requireHttpOnly,Manufacturing/OT adjacency with legacy auth scars and low endpoint enforcement.
10,Enable multi-factor authentication,To address,1.6 / 6,6%,Identity,Microsoft Entra ID,Yes,No,Wide World Manufacturing,MDA_SNOW_authenticateMultifactor,Manufacturing/OT adjacency with legacy auth scars and low endpoint enforcement.
10,Enable enforcing JSONv2 requests with basic authorization,Planned,3.17 / 5,5%,Identity,Microsoft Entra ID,Yes,No,Wide World Manufacturing,MDA_SNOW_authRequiredJson2,Manufacturing/OT adjacency with legacy auth scars and low endpoint enforcement.
10,Enable enforcing SOAP requests with basic authorization,To address,1.33 / 5,5%,Identity,Microsoft Entra ID,Yes,No,Wide World Manufacturing,MDA_SNOW_authRequiredSOAP,Manufacturing/OT adjacency with legacy auth scars and low endpoint enforcement.
10,Enable unload request authorization,To address,1 / 6,6%,Identity,Microsoft Entra ID,Yes,No,Wide World Manufacturing,MDA_SNOW_authRequiredUnl,Manufacturing/OT adjacency with legacy auth scars and low endpoint enforcement.
10,Enable script request authorization,To address,0.45 / 4,4%,Identity,Microsoft Entra ID,Yes,No,Wide World Manufacturing,MDA_SNOW_cauthRequiredScriptedProcessor,Manufacturing/OT adjacency with legacy auth scars and low endpoint enforcement.
10,Enable URL allow list for cross-origin iframe communication,To address,0 / 6,6%,Apps,MDA_SNOW,Yes,No,Wide World Manufacturing,MDA_SNOW_concourseOnmessageEnforceSameOrigin,Manufacturing/OT adjacency with legacy auth scars and low endpoint enforcement.
10,Enable Password Reset Policy Checks,To address,0 / 4,4%,Identity,Microsoft Entra ID,Yes,No,Wide World Manufacturing,MDA_SNOW_enablePasswordPolicy,Manufacturing/OT adjacency with legacy auth scars and low endpoint enforcement.
10,Enable high security plugin,To address,2.36 / 7,7%,Apps,MDA_SNOW,Yes,No,Wide World Manufacturing,MDA_SNOW_highSecurity,Manufacturing/OT adjacency with legacy auth scars and low endpoint enforcement.
10,Set default cache-control HTTP header value to private,To address,0.31 / 6,6%,Apps,MDA_SNOW,Yes,No,Wide World Manufacturing,MDA_SNOW_httpCacheControl,Manufacturing/OT adjacency with legacy auth scars and low endpoint enforcement.
10,Disable password-less authentication,To address,1.25 / 6,6%,Identity,Microsoft Entra ID,Yes,No,Wide World Manufacturing,MDA_SNOW_loginNoBlankPassword,Manufacturing/OT adjacency with legacy auth scars and low endpoint enforcement.
10,Enable Contextual Security: Role Management plugin,To address,0.61 / 6,6%,Identity,Microsoft Entra ID,No,No,Wide World Manufacturing,MDA_SNOW_roleManagement,Manufacturing/OT adjacency with legacy auth scars and low endpoint enforcement.
10,Set client-callable script includes to private,Completed,4 / 4,4%,Apps,MDA_SNOW,Yes,No,Wide World Manufacturing,MDA_SNOW_scriptCcsiIsPublic,Manufacturing/OT adjacency with legacy auth scars and low endpoint enforcement.
10,Apply access control rule (ACL) validation when server-side records are accessed using GlideAjax APIs within a client script,To address,0.68 / 4,4%,Apps,MDA_SNOW,Yes,Yes,Wide World Manufacturing,MDA_SNOW_scriptSecureAjaxgliderecord,Manufacturing/OT adjacency with legacy auth scars and low endpoint enforcement.
10,Enable client generated scripts sandbox,To address,1.43 / 6,6%,Apps,MDA_SNOW,Yes,No,Wide World Manufacturing,MDA_SNOW_scriptUseSandbox,Manufacturing/OT adjacency with legacy auth scars and low endpoint enforcement.
10,Enable default deny with new ACL rules,To address,1.54 / 5,5%,Apps,MDA_SNOW,Yes,No,Wide World Manufacturing,MDA_SNOW_smDefaultMode,Manufacturing/OT adjacency with legacy auth scars and low endpoint enforcement.
10,Enable managing failed login attempts,To address,1.19 / 4,4%,Identity,Microsoft Entra ID,Yes,No,Wide World Manufacturing,MDA_SNOW_sncUserLockoutCheck,Manufacturing/OT adjacency with legacy auth scars and low endpoint enforcement.
10,Enable SOAP content type checking,To address,0.18 / 6,6%,Apps,MDA_SNOW,Yes,No,Wide World Manufacturing,MDA_SNOW_soapRequireContentTypeXml,Manufacturing/OT adjacency with legacy auth scars and low endpoint enforcement.
10,Enable SOAP request strict security,Planned,2.53 / 6,6%,Apps,MDA_SNOW,No,No,Wide World Manufacturing,MDA_SNOW_soapStrictSecurity,Manufacturing/OT adjacency with legacy auth scars and low endpoint enforcement.
10,Activate security jump start (ACL rules) plugin,To address,1.3 / 4,4%,Identity,Microsoft Entra ID,Yes,Yes,Wide World Manufacturing,MDA_SNOW_systemSecurity,Manufacturing/OT adjacency with legacy auth scars and low endpoint enforcement.
10,Enable session activity timeout,Completed,3.39 / 4,4%,Identity,Microsoft Entra ID,No,No,Wide World Manufacturing,MDA_SNOW_uiSessionTimeout,Manufacturing/OT adjacency with legacy auth scars and low endpoint enforcement.
10,Enable anti-CSRF token,To address,1.67 / 6,6%,Identity,Microsoft Entra ID,Yes,No,Wide World Manufacturing,MDA_SNOW_useCsrfToken,Manufacturing/OT adjacency with legacy auth scars and low endpoint enforcement.
10,Enable absolute session timeout,To address,0.37 / 4,4%,Identity,Microsoft Entra ID,No,No,Wide World Manufacturing,MDA_SNOW_userCookieMaxLifeSpanInDays,Manufacturing/OT adjacency with legacy auth scars and low endpoint enforcement.
10,Adopt SSO (Single sign on) in Workplace by Meta,To address,1.19 / 7,7%,Identity,Microsoft Entra ID,Yes,Yes,Wide World Manufacturing,MDA_Workplace_SSO,Manufacturing/OT adjacency with legacy auth scars and low endpoint enforcement.
10,Block admins to set passwords,To address,0.05 / 3,3%,Identity,Microsoft Entra ID,Yes,No,Wide World Manufacturing,MDA_Zendesk_AdminPassChange,Manufacturing/OT adjacency with legacy auth scars and low endpoint enforcement.
10,Block account assumption,To address,0.14 / 4,4%,Identity,Microsoft Entra ID,Yes,No,Wide World Manufacturing,MDA_Zendesk_BlockAccountAssumption,Manufacturing/OT adjacency with legacy auth scars and low endpoint enforcement.
10,Block customers to bypass IP restrictions,To address,0.4 / 3,3%,Identity,Microsoft Entra ID,Yes,No,Wide World Manufacturing,MDA_Zendesk_bypassIPrestrictions,Manufacturing/OT adjacency with legacy auth scars and low endpoint enforcement.
10,"Send a notification on password change for admins, agents, and end users",Planned,1.57 / 3,3%,Identity,Microsoft Entra ID,No,No,Wide World Manufacturing,MDA_Zendesk_EmailNotificationsforPassChange,Manufacturing/OT adjacency with legacy auth scars and low endpoint enforcement.
10,Admins and agents can use the Zendesk Support mobile app,To address,0.2 / 3,3%,Apps,MDA_Zendesk,Yes,No,Wide World Manufacturing,MDA_Zendesk_enableapp,Manufacturing/OT adjacency with legacy auth scars and low endpoint enforcement.
10,Enable IP restrictions,Planned,2.37 / 3,3%,Identity,Microsoft Entra ID,Yes,No,Wide World Manufacturing,MDA_Zendesk_IPrestrictions,Manufacturing/OT adjacency with legacy auth scars and low endpoint enforcement.
10,Enable and adopt two-factor authentication (2FA),Planned,3.33 / 7,7%,Identity,Microsoft Entra ID,Yes,No,Wide World Manufacturing,MDA_Zendesk_MFA,Manufacturing/OT adjacency with legacy auth scars and low endpoint enforcement.
10,Enable session timeout for users,To address,0.37 / 6,6%,Identity,Microsoft Entra ID,Yes,No,Wide World Manufacturing,MDA_Zendesk_sessionexpiry,Manufacturing/OT adjacency with legacy auth scars and low endpoint enforcement.
10,Enable external Authentication (google or microsoft or SSO),To address,1.65 / 7,7%,Identity,Microsoft Entra ID,No,Yes,Wide World Manufacturing,MDA_Zendesk_SSO,Manufacturing/OT adjacency with legacy auth scars and low endpoint enforcement.
10,Enable Zendesk authentication,To address,1.37 / 7,7%,Identity,Microsoft Entra ID,Yes,No,Wide World Manufacturing,MDA_Zendesk_ZanAuth,Manufacturing/OT adjacency with legacy auth scars and low endpoint enforcement.
10,Block users in specific domains from joining meetings and webinars,To address,0 / 3,3%,Apps,MDA_Zoom,Yes,No,Wide World Manufacturing,MDA_Zoom_BlockDomains,Manufacturing/OT adjacency with legacy auth scars and low endpoint enforcement.
10,Enforce end to end encryption in all Zoom meetings,To address,0.59 / 3,3%,Apps,MDA_Zoom,Yes,No,Wide World Manufacturing,MDA_Zoom_MeetingE2eEncryption,Manufacturing/OT adjacency with legacy auth scars and low endpoint enforcement.
10,Enable multi-factor authentication,Planned,2.81 / 7,7%,Apps,MDA_Zoom,No,No,Wide World Manufacturing,MDA_Zoom_MFA,Manufacturing/OT adjacency with legacy auth scars and low endpoint enforcement.
10,Enhance password requirements,Planned,3.1 / 4,4%,Apps,MDA_Zoom,Yes,No,Wide World Manufacturing,MDA_Zoom_PasswordReq,Manufacturing/OT adjacency with legacy auth scars and low endpoint enforcement.
10,Enable session timeout for client users,Planned,3.61 / 6,6%,Apps,MDA_Zoom,Yes,No,Wide World Manufacturing,MDA_Zoom_SessionTimeoutClient,Manufacturing/OT adjacency with legacy auth scars and low endpoint enforcement.
10,Enable session timeout for web users,Planned,4.07 / 6,6%,Apps,MDA_Zoom,Yes,No,Wide World Manufacturing,MDA_Zoom_SessionTimeoutWeb,Manufacturing/OT adjacency with legacy auth scars and low endpoint enforcement.
128,Ensure that no sender domains are allowed for anti-spam policies,Planned,0.89 / 2,2%,Apps,MDO,Yes,Yes,Wide World Manufacturing,mdo_allowedsenderscombined,Manufacturing/OT adjacency with legacy auth scars and low endpoint enforcement.
10,Ensure that an anti-phishing policy has been created,To address,0.34 / 3,3%,Apps,MDO,No,No,Wide World Manufacturing,mdo_antiphishingpolicies,Manufacturing/OT adjacency with legacy auth scars and low endpoint enforcement.
128,"Turn on Microsoft Defender for Office 365 in SharePoint, OneDrive, and Microsoft Teams",To address,0 / 5,5%,Apps,Microsoft Teams,Yes,No,Wide World Manufacturing,mdo_atpprotection,Manufacturing/OT adjacency with legacy auth scars and low endpoint enforcement.
128,Set automatic email forwarding rules to be system controlled,To address,0.04 / 1,1%,Apps,Exchange Online,Yes,No,Wide World Manufacturing,mdo_autoforwardingmode,Manufacturing/OT adjacency with legacy auth scars and low endpoint enforcement.
10,Ensure all forms of mail forwarding are blocked and/or disabled,Planned,2.07 / 5,5%,Apps,Exchange Online,Yes,No,Wide World Manufacturing,mdo_blockmailforward,Manufacturing/OT adjacency with legacy auth scars and low endpoint enforcement.
128,Set action to take on bulk spam detection,Planned,1.28 / 3,3%,Apps,MDO,Yes,Yes,Wide World Manufacturing,mdo_bulkspamaction,Manufacturing/OT adjacency with legacy auth scars and low endpoint enforcement.
128,Set the email bulk complaint level (BCL) threshold to be 6 or lower,Planned,0.61 / 1,1%,Apps,Exchange Online,Yes,Yes,Wide World Manufacturing,mdo_bulkthreshold,Manufacturing/OT adjacency with legacy auth scars and low endpoint enforcement.
128,Ensure the Common Attachment Types Filter is enabled,Completed,4.48 / 5,5%,Apps,MDO,Yes,No,Wide World Manufacturing,mdo_commonattachmentsfilter,Manufacturing/OT adjacency with legacy auth scars and low endpoint enforcement.
128,Don't add allowed IP addresses in the connection filter policy,To address,0.19 / 1,1%,Apps,MDO,Yes,No,Wide World Manufacturing,mdo_connectionfilter,Manufacturing/OT adjacency with legacy auth scars and low endpoint enforcement.
128,Enable impersonated domain protection,To address,0.69 / 8,8%,Apps,MDO,Yes,No,Wide World Manufacturing,mdo_enabledomainstoprotect,Manufacturing/OT adjacency with legacy auth scars and low endpoint enforcement.
128,Ensure that mailbox intelligence is enabled,To address,0.5 / 8,8%,Apps,Exchange Online,Yes,No,Wide World Manufacturing,mdo_enablemailboxintelligence,Manufacturing/OT adjacency with legacy auth scars and low endpoint enforcement.
128,Set action to take on high confidence phishing detection,To address,0.01 / 5,5%,Apps,MDO,Yes,No,Wide World Manufacturing,mdo_highconfidencephishaction,Manufacturing/OT adjacency with legacy auth scars and low endpoint enforcement.
128,Set action to take on high confidence spam detection,To address,0.87 / 5,5%,Apps,MDO,Yes,No,Wide World Manufacturing,mdo_highconfidencespamaction,Manufacturing/OT adjacency with legacy auth scars and low endpoint enforcement.
128,Ensure that intelligence for impersonation protection is enabled,To address,0 / 8,8%,Apps,MDO,No,No,Wide World Manufacturing,mdo_mailboxintelligenceprotection,Manufacturing/OT adjacency with legacy auth scars and low endpoint enforcement.
128,Move messages that are detected as impersonated users by mailbox intelligence,Planned,4.6 / 8,8%,Apps,Exchange Online,Yes,No,Wide World Manufacturing,mdo_mailboxintelligenceprotectionaction,Manufacturing/OT adjacency with legacy auth scars and low endpoint enforcement.
128,Set the phishing email level threshold at 2 or higher,Planned,3.87 / 8,8%,Apps,Exchange Online,Yes,No,Wide World Manufacturing,mdo_phishthresholdlevel,Manufacturing/OT adjacency with legacy auth scars and low endpoint enforcement.
128,Set action to take on phishing detection,Planned,2.28 / 5,5%,Apps,MDO,Yes,No,Wide World Manufacturing,mdo_phisspamacation,Manufacturing/OT adjacency with legacy auth scars and low endpoint enforcement.
128,Retain spam in quarantine for 30 days,Planned,0.45 / 1,1%,Apps,MDO,Yes,No,Wide World Manufacturing,mdo_quarantineretentionperiod,Manufacturing/OT adjacency with legacy auth scars and low endpoint enforcement.
128,Set maximum number of external recipients that a user can email per hour,To address,0.02 / 1,1%,Apps,Exchange Online,Yes,No,Wide World Manufacturing,mdo_recipientexternallimitperhour,Manufacturing/OT adjacency with legacy auth scars and low endpoint enforcement.
128,Set maximum number of internal recipients that a user can send to within an hour,To address,0 / 1,1%,Apps,MDO,Yes,No,Wide World Manufacturing,mdo_recipientinternallimitperhour,Manufacturing/OT adjacency with legacy auth scars and low endpoint enforcement.
128,Set a daily message limit,To address,0.06 / 1,1%,Apps,MDO,Yes,No,Wide World Manufacturing,mdo_recipientlimitperday,Manufacturing/OT adjacency with legacy auth scars and low endpoint enforcement.
10,Ensure Safe Attachments policy is enabled,To address,0.34 / 5,5%,Apps,MDO,Yes,Yes,Wide World Manufacturing,mdo_safeattachmentpolicy,Manufacturing/OT adjacency with legacy auth scars and low endpoint enforcement.
128,Turn on Safe Attachments in block mode,To address,1.48 / 8,8%,Apps,MDO,No,No,Wide World Manufacturing,mdo_safeattachments,Manufacturing/OT adjacency with legacy auth scars and low endpoint enforcement.
128,Turn on Safe Documents for Office Clients,Planned,2.52 / 5,5%,Apps,MDO,Yes,No,Wide World Manufacturing,mdo_safedocuments,Manufacturing/OT adjacency with legacy auth scars and low endpoint enforcement.
128,Create Safe Links policies for email messages,Planned,4.54 / 9,9%,Apps,Exchange Online,Yes,No,Wide World Manufacturing,mdo_safelinksforemail,Manufacturing/OT adjacency with legacy auth scars and low endpoint enforcement.
10,Ensure Safe Links for Office Applications is Enabled,To address,0.94 / 3,3%,Apps,MDO,No,No,Wide World Manufacturing,mdo_safelinksforOfficeApps,Manufacturing/OT adjacency with legacy auth scars and low endpoint enforcement.
128,Enable the domain impersonation safety tip,To address,0.81 / 3,3%,Apps,MDO,Yes,No,Wide World Manufacturing,mdo_similardomainssafetytips,Manufacturing/OT adjacency with legacy auth scars and low endpoint enforcement.
128,Enable the user impersonation safety tip,Planned,1.83 / 3,3%,Apps,MDO,Yes,No,Wide World Manufacturing,mdo_similaruserssafetytips,Manufacturing/OT adjacency with legacy auth scars and low endpoint enforcement.
10,Ensure Exchange Online Spam Policies are set to notify administrators,To address,0.68 / 3,3%,Apps,Exchange Online,Yes,No,Wide World Manufacturing,mdo_spam_notifications_only_for_admins,Manufacturing/OT adjacency with legacy auth scars and low endpoint enforcement.
128,Set action to take on spam detection,To address,0.29 / 5,5%,Apps,MDO,Yes,Yes,Wide World Manufacturing,mdo_spamaction,Manufacturing/OT adjacency with legacy auth scars and low endpoint enforcement.
128,Quarantine messages that are detected from impersonated domains,To address,0 / 6,6%,Apps,MDO,Yes,Yes,Wide World Manufacturing,mdo_targeteddomainprotectionaction,Manufacturing/OT adjacency with legacy auth scars and low endpoint enforcement.
128,Quarantine messages that are detected from impersonated users,To address,1.7 / 6,6%,Apps,MDO,Yes,No,Wide World Manufacturing,mdo_targeteduserprotectionaction,Manufacturing/OT adjacency with legacy auth scars and low endpoint enforcement.
128,Enable impersonated user protection,Planned,3.48 / 8,8%,Apps,MDO,Yes,No,Wide World Manufacturing,mdo_targetedusersprotection,Manufacturing/OT adjacency with legacy auth scars and low endpoint enforcement.
128,Block users who reached the message limit,Planned,0.76 / 1,1%,Apps,MDO,Yes,No,Wide World Manufacturing,mdo_thresholdreachedaction,Manufacturing/OT adjacency with legacy auth scars and low endpoint enforcement.
128,Enable the user impersonation unusual characters safety tip,Planned,1.56 / 3,3%,Apps,MDO,Yes,No,Wide World Manufacturing,mdo_unusualcharacterssafetytips,Manufacturing/OT adjacency with legacy auth scars and low endpoint enforcement.
128,Create zero-hour auto purge policies for malware,To address,0.94 / 6,6%,Apps,MDO,Yes,Yes,Wide World Manufacturing,mdo_zapmalware,Manufacturing/OT adjacency with legacy auth scars and low endpoint enforcement.
128,Create zero-hour auto purge policies for phishing messages,To address,0.02 / 3,3%,Apps,MDO,Yes,Yes,Wide World Manufacturing,mdo_zapphish,Manufacturing/OT adjacency with legacy auth scars and low endpoint enforcement.
128,Create zero-hour auto purge policies for spam messages,To address,0.04 / 1,1%,Apps,MDO,Yes,No,Wide World Manufacturing,mdo_zapspam,Manufacturing/OT adjacency with legacy auth scars and low endpoint enforcement.
246,Restrict anonymous users from starting Teams meetings,To address,0.03 / 1,1%,Apps,Microsoft Teams,Yes,No,Wide World Manufacturing,meeting_anonymousstartmeeting_v1,Manufacturing/OT adjacency with legacy auth scars and low endpoint enforcement.
247,Only invited users should be automatically admitted to Teams meetings,To address,0 / 2,2%,Apps,Microsoft Teams,No,Yes,Wide World Manufacturing,meeting_autoadmitusers_v1,Manufacturing/OT adjacency with legacy auth scars and low endpoint enforcement.
248,Configure which users are allowed to present in Teams meetings,To address,0.63 / 2,2%,Apps,Microsoft Teams,Yes,No,Wide World Manufacturing,meeting_designatedpresenter_v1,Manufacturing/OT adjacency with legacy auth scars and low endpoint enforcement.
249,Limit external participants from having control in a Teams meeting,Planned,0.74 / 1,1%,Apps,Microsoft Teams,No,Yes,Wide World Manufacturing,meeting_externalrequestcontrol_v1,Manufacturing/OT adjacency with legacy auth scars and low endpoint enforcement.
250,Restrict dial-in users from bypassing a meeting lobby,Planned,0.7 / 1,1%,Apps,Microsoft Teams,Yes,No,Wide World Manufacturing,meeting_pstnusersbypasslobby_v1,Manufacturing/OT adjacency with legacy auth scars and low endpoint enforcement.
251,Restrict anonymous users from joining meetings,To address,0.27 / 1,1%,Apps,Microsoft Teams,Yes,No,Wide World Manufacturing,meeting_restrictanonymousjoin_v1,Manufacturing/OT adjacency with legacy auth scars and low endpoint enforcement.
12,Ensure multifactor authentication is enabled for all users,To address,0.29 / 9,9%,Identity,Microsoft Entra ID,Yes,No,Wide World Manufacturing,MFARegistrationV2,Manufacturing/OT adjacency with legacy auth scars and low endpoint enforcement.
129,Ensure that Auto-labeling data classification policies are set up and used,To address,0.09 / 1,1%,Data,MIP,No,No,Wide World Manufacturing,mip_autosensitivitylabelspolicies,Manufacturing/OT adjacency with legacy auth scars and low endpoint enforcement.
10,Ensure DLP policies are enabled for Microsoft Teams,To address,0.27 / 3,3%,Apps,Microsoft Teams,Yes,No,Wide World Manufacturing,mip_DLP_policies_Teams,Manufacturing/OT adjacency with legacy auth scars and low endpoint enforcement.
10,Ensure Office 365 Management Activity API is Enabled for some workloads (see description),To address,0.95 / 3,3%,Apps,MIP,Yes,No,Wide World Manufacturing,mip_management_API_enabled_four_workloads,Manufacturing/OT adjacency with legacy auth scars and low endpoint enforcement.
129,Extend M365 sensitivity labeling to assets in Microsoft Purview data map,To address,0.04 / 1,1%,Data,MIP,Yes,No,Wide World Manufacturing,mip_purviewlabelconsent,Manufacturing/OT adjacency with legacy auth scars and low endpoint enforcement.
10,Ensure Microsoft 365 audit log search is Enabled,To address,0.24 / 3,3%,Apps,MIP,Yes,No,Wide World Manufacturing,mip_search_auditlog,Manufacturing/OT adjacency with legacy auth scars and low endpoint enforcement.
129,Publish M365 sensitivity label data classification policies,Planned,1.16 / 2,2%,Data,MIP,Yes,No,Wide World Manufacturing,mip_sensitivitylabelspolicies,Manufacturing/OT adjacency with legacy auth scars and low endpoint enforcement.
27,Designate more than one global admin,Planned,0.48 / 1,1%,Identity,Microsoft Entra ID,Yes,Yes,Wide World Manufacturing,OneAdmin,Manufacturing/OT adjacency with legacy auth scars and low endpoint enforcement.
9,Ensure that password hash sync is enabled for hybrid deployments,Planned,1.89 / 5,5%,Identity,Microsoft Entra ID,Yes,Yes,Wide World Manufacturing,PasswordHashSync,Manufacturing/OT adjacency with legacy auth scars and low endpoint enforcement.
33,Ensure the 'Password expiration policy' is set to 'Set passwords to never expire (recommended)',To address,1.6 / 8,8%,Identity,Microsoft Entra ID,Yes,Yes,Wide World Manufacturing,PWAgePolicyNew,Manufacturing/OT adjacency with legacy auth scars and low endpoint enforcement.
50,Use least privileged administrative roles,To address,0.01 / 1,1%,Identity,Microsoft Entra ID,Yes,No,Wide World Manufacturing,RoleOverlap,Manufacturing/OT adjacency with legacy auth scars and low endpoint enforcement.
162,Disable JavaScript on Adobe Reader 2015,To address,0.12 / 5,5%,Device,Microsoft Intune,Yes,Yes,Wide World Manufacturing,scid_100,Manufacturing/OT adjacency with legacy auth scars and low endpoint enforcement.
163,Disable JavaScript on Adobe 2015,To address,0 / 5,5%,Device,Microsoft Intune,Yes,No,Wide World Manufacturing,scid_101,Manufacturing/OT adjacency with legacy auth scars and low endpoint enforcement.
208,Enable 'Local Security Authority (LSA) protection' on Windows 11 22h2 and higher,To address,1.59 / 8,8%,Device,Microsoft Intune,Yes,No,Wide World Manufacturing,scid_102,Manufacturing/OT adjacency with legacy auth scars and low endpoint enforcement.
209,Require LDAP client signing to prevent tampering and protect directory authentication,Planned,4.3 / 7,7%,Device,Microsoft Intune,Yes,No,Wide World Manufacturing,scid_103,Manufacturing/OT adjacency with legacy auth scars and low endpoint enforcement.
210,Encrypt LDAP client traffic to protect sensitive data in transit,Planned,5.11 / 7,7%,Device,Microsoft Intune,Yes,No,Wide World Manufacturing,scid_104,Manufacturing/OT adjacency with legacy auth scars and low endpoint enforcement.
211,Enforce LDAP channel binding to protect authentication sessions from interception,Planned,5.29 / 7,7%,Device,Microsoft Intune,Yes,No,Wide World Manufacturing,scid_105,Manufacturing/OT adjacency with legacy auth scars and low endpoint enforcement.
212,Require LDAP server signing to ensure integrity of directory traffic,To address,1.62 / 8,8%,Device,Microsoft Intune,Yes,No,Wide World Manufacturing,scid_106,Manufacturing/OT adjacency with legacy auth scars and low endpoint enforcement.
213,Disable Remote Registry Service on Windows,To address,0.27 / 8,8%,Device,Microsoft Intune,Yes,No,Wide World Manufacturing,scid_108,Manufacturing/OT adjacency with legacy auth scars and low endpoint enforcement.
214,Disable NTLM authentication for Windows,To address,2.53 / 8,8%,Device,Microsoft Intune,Yes,Yes,Wide World Manufacturing,scid_109,Manufacturing/OT adjacency with legacy auth scars and low endpoint enforcement.
228,Ensure devices are updated to Secure Boot 2023 certificates and boot manager,To address,0.97 / 7,7%,Device,Microsoft Intune,Yes,No,Wide World Manufacturing,scid_112,Manufacturing/OT adjacency with legacy auth scars and low endpoint enforcement.
33,Enable Automatic Updates,To address,0.26 / 5,5%,Device,Microsoft Intune,Yes,No,Wide World Manufacturing,scid_15,Manufacturing/OT adjacency with legacy auth scars and low endpoint enforcement.
34,Enable 'Hide Option to Enable or Disable Updates',To address,0.29 / 5,5%,Device,Microsoft Intune,Yes,No,Wide World Manufacturing,scid_16,Manufacturing/OT adjacency with legacy auth scars and low endpoint enforcement.
35,Disable 'Allow running plugins that are outdated',Planned,3.13 / 8,8%,Device,Microsoft Intune,Yes,No,Wide World Manufacturing,scid_17,Manufacturing/OT adjacency with legacy auth scars and low endpoint enforcement.
37,Disable 'Continue running background apps when Google Chrome is closed',Planned,3.02 / 5,5%,Device,Microsoft Intune,Yes,No,Wide World Manufacturing,scid_19,Manufacturing/OT adjacency with legacy auth scars and low endpoint enforcement.
38,Disable 'AutoFill',Planned,4 / 5,5%,Device,Microsoft Intune,Yes,No,Wide World Manufacturing,scid_20,Manufacturing/OT adjacency with legacy auth scars and low endpoint enforcement.
99,Turn on Microsoft Defender for Endpoint sensor,To address,1.33 / 10,10%,Device,Microsoft Intune,Yes,No,Wide World Manufacturing,scid_2000,Manufacturing/OT adjacency with legacy auth scars and low endpoint enforcement.
100,Fix Microsoft Defender for Endpoint sensor data collection,To address,0.39 / 10,10%,Device,Microsoft Intune,Yes,No,Wide World Manufacturing,scid_2001,Manufacturing/OT adjacency with legacy auth scars and low endpoint enforcement.
101,Fix Microsoft Defender for Endpoint impaired communications,To address,0 / 10,10%,Device,Microsoft Intune,No,No,Wide World Manufacturing,scid_2002,Manufacturing/OT adjacency with legacy auth scars and low endpoint enforcement.
281,Turn on Tamper Protection,To address,0 / 8,8%,Device,Microsoft Intune,Yes,No,Wide World Manufacturing,scid_2003,Manufacturing/OT adjacency with legacy auth scars and low endpoint enforcement.
167,Enable EDR in block mode,To address,2.11 / 8,8%,Device,Microsoft Intune,Yes,No,Wide World Manufacturing,scid_2004,Manufacturing/OT adjacency with legacy auth scars and low endpoint enforcement.
102,Turn on Microsoft Defender Antivirus,Planned,4.17 / 10,10%,Device,Microsoft Intune,No,Yes,Wide World Manufacturing,scid_2010,Manufacturing/OT adjacency with legacy auth scars and low endpoint enforcement.
103,Update Microsoft Defender Antivirus definitions,Planned,4.13 / 9,9%,Device,Microsoft Intune,Yes,No,Wide World Manufacturing,scid_2011,Manufacturing/OT adjacency with legacy auth scars and low endpoint enforcement.
104,Turn on real-time protection,Planned,4.45 / 10,10%,Device,Microsoft Intune,No,No,Wide World Manufacturing,scid_2012,Manufacturing/OT adjacency with legacy auth scars and low endpoint enforcement.
105,Turn on PUA protection in block mode,Planned,3.48 / 9,9%,Device,Microsoft Intune,Yes,No,Wide World Manufacturing,scid_2013,Manufacturing/OT adjacency with legacy auth scars and low endpoint enforcement.
106,Fix Windows Defender Antivirus cloud service connectivity,To address,1.73 / 8,8%,Device,Microsoft Intune,Yes,No,Wide World Manufacturing,scid_2014,Manufacturing/OT adjacency with legacy auth scars and low endpoint enforcement.
288,Enable cloud-delivered protection,To address,1.99 / 8,8%,Device,Microsoft Intune,Yes,Yes,Wide World Manufacturing,scid_2016,Manufacturing/OT adjacency with legacy auth scars and low endpoint enforcement.
108,Turn on all system-level Exploit protection settings,To address,0 / 8,8%,Device,Microsoft Intune,No,No,Wide World Manufacturing,scid_2020,Manufacturing/OT adjacency with legacy auth scars and low endpoint enforcement.
109,Set controlled folder access to enabled or audit mode,To address,1.53 / 8,8%,Device,Microsoft Intune,Yes,No,Wide World Manufacturing,scid_2021,Manufacturing/OT adjacency with legacy auth scars and low endpoint enforcement.
207,Update Microsoft Defender for Endpoint core components,To address,0 / 10,10%,Device,Microsoft Intune,Yes,No,Wide World Manufacturing,scid_2030,Manufacturing/OT adjacency with legacy auth scars and low endpoint enforcement.
114,Set Microsoft Defender SmartScreen app and file checking to block or warn,To address,0.67 / 9,9%,Device,Microsoft Intune,Yes,No,Wide World Manufacturing,scid_2060,Manufacturing/OT adjacency with legacy auth scars and low endpoint enforcement.
115,Set Microsoft Defender SmartScreen Microsoft Edge site and download checking to block or warn,Planned,6.42 / 9,9%,Device,Microsoft Intune,Yes,No,Wide World Manufacturing,scid_2061,Manufacturing/OT adjacency with legacy auth scars and low endpoint enforcement.
117,Turn on Microsoft Defender Firewall,Planned,3.49 / 10,10%,Device,Microsoft Intune,Yes,No,Wide World Manufacturing,scid_2070,Manufacturing/OT adjacency with legacy auth scars and low endpoint enforcement.
118,Secure Microsoft Defender Firewall domain profile,Planned,6.7 / 9,9%,Device,Microsoft Intune,Yes,No,Wide World Manufacturing,scid_2071,Manufacturing/OT adjacency with legacy auth scars and low endpoint enforcement.
119,Secure Microsoft Defender firewall private profile,To address,0.13 / 9,9%,Device,Microsoft Intune,Yes,Yes,Wide World Manufacturing,scid_2072,Manufacturing/OT adjacency with legacy auth scars and low endpoint enforcement.
120,Secure Microsoft Defender Firewall public profile,To address,1.1 / 9,9%,Device,Microsoft Intune,Yes,No,Wide World Manufacturing,scid_2073,Manufacturing/OT adjacency with legacy auth scars and low endpoint enforcement.
122,Turn on Microsoft Defender Credential Guard,To address,0 / 8,8%,Device,Microsoft Intune,Yes,No,Wide World Manufacturing,scid_2080,Manufacturing/OT adjacency with legacy auth scars and low endpoint enforcement.
124,Encrypt all BitLocker-supported drives,To address,0.02 / 9,9%,Device,Microsoft Intune,Yes,Yes,Wide World Manufacturing,scid_2090,Manufacturing/OT adjacency with legacy auth scars and low endpoint enforcement.
125,Resume BitLocker protection on all drives,To address,1.1 / 9,9%,Device,Microsoft Intune,Yes,No,Wide World Manufacturing,scid_2091,Manufacturing/OT adjacency with legacy auth scars and low endpoint enforcement.
126,Ensure BitLocker drive compatibility,Planned,3.43 / 8,8%,Device,Microsoft Intune,Yes,No,Wide World Manufacturing,scid_2093,Manufacturing/OT adjacency with legacy auth scars and low endpoint enforcement.
39,Block webpages from automatically running Flash plugins,Planned,3.28 / 5,5%,Device,Microsoft Intune,Yes,No,Wide World Manufacturing,scid_21,Manufacturing/OT adjacency with legacy auth scars and low endpoint enforcement.
215,Enable UEFI Secure Boot mode,Planned,3.83 / 9,9%,Device,Microsoft Intune,Yes,No,Wide World Manufacturing,scid_2100,Manufacturing/OT adjacency with legacy auth scars and low endpoint enforcement.
40,Disable 'Password Manager',Planned,3.7 / 5,5%,Device,Microsoft Intune,Yes,No,Wide World Manufacturing,scid_22,Manufacturing/OT adjacency with legacy auth scars and low endpoint enforcement.
41,Enable 'Block third party cookies',Planned,0.88 / 2,2%,Device,Microsoft Intune,No,No,Wide World Manufacturing,scid_23,Manufacturing/OT adjacency with legacy auth scars and low endpoint enforcement.
42,Set 'Remote Desktop security level' to 'TLS',To address,0 / 8,8%,Device,Microsoft Intune,Yes,Yes,Wide World Manufacturing,scid_24,Manufacturing/OT adjacency with legacy auth scars and low endpoint enforcement.
43,Enable 'Local Security Authority (LSA) protection',To address,2.25 / 8,8%,Device,Microsoft Intune,Yes,No,Wide World Manufacturing,scid_25,Manufacturing/OT adjacency with legacy auth scars and low endpoint enforcement.
308,Block executable content from email client and webmail,To address,0.24 / 9,9%,Device,Exchange Online,Yes,No,Wide World Manufacturing,scid_2500,Manufacturing/OT adjacency with legacy auth scars and low endpoint enforcement.
309,Block all Office applications from creating child processes,Planned,3.77 / 9,9%,Device,Microsoft Intune,Yes,Yes,Wide World Manufacturing,scid_2501,Manufacturing/OT adjacency with legacy auth scars and low endpoint enforcement.
310,Block Office applications from creating executable content,To address,3.02 / 9,9%,Device,Microsoft Intune,Yes,No,Wide World Manufacturing,scid_2502,Manufacturing/OT adjacency with legacy auth scars and low endpoint enforcement.
311,Block Office applications from injecting code into other processes,Planned,4.32 / 9,9%,Device,Microsoft Intune,Yes,No,Wide World Manufacturing,scid_2503,Manufacturing/OT adjacency with legacy auth scars and low endpoint enforcement.
312,Block JavaScript or VBScript from launching downloaded executable content,To address,2.54 / 9,9%,Device,Microsoft Intune,Yes,No,Wide World Manufacturing,scid_2504,Manufacturing/OT adjacency with legacy auth scars and low endpoint enforcement.
313,Block execution of potentially obfuscated scripts,To address,2.47 / 9,9%,Device,Microsoft Intune,No,No,Wide World Manufacturing,scid_2505,Manufacturing/OT adjacency with legacy auth scars and low endpoint enforcement.
314,Block Win32 API calls from Office macros,To address,1.87 / 9,9%,Device,Microsoft Intune,No,No,Wide World Manufacturing,scid_2506,Manufacturing/OT adjacency with legacy auth scars and low endpoint enforcement.
315,"Block executable files from running unless they meet a prevalence, age, or trusted list criterion",To address,1.45 / 9,9%,Device,Microsoft Intune,No,No,Wide World Manufacturing,scid_2507,Manufacturing/OT adjacency with legacy auth scars and low endpoint enforcement.
316,Use advanced protection against ransomware,To address,0 / 9,9%,Device,Microsoft Intune,Yes,No,Wide World Manufacturing,scid_2508,Manufacturing/OT adjacency with legacy auth scars and low endpoint enforcement.
126,Block credential stealing from the Windows local security authority subsystem (lsass.exe),To address,0 / 9,9%,Device,Microsoft Intune,Yes,Yes,Wide World Manufacturing,scid_2509,Manufacturing/OT adjacency with legacy auth scars and low endpoint enforcement.
318,Block process creations originating from PSExec and WMI commands,To address,0.07 / 9,9%,Device,Microsoft Intune,No,No,Wide World Manufacturing,scid_2510,Manufacturing/OT adjacency with legacy auth scars and low endpoint enforcement.
319,Block untrusted and unsigned processes that run from USB,Planned,4.62 / 9,9%,Device,Microsoft Intune,Yes,Yes,Wide World Manufacturing,scid_2511,Manufacturing/OT adjacency with legacy auth scars and low endpoint enforcement.
320,Block Office communication application from creating child processes,Planned,4.43 / 9,9%,Device,Microsoft Intune,Yes,No,Wide World Manufacturing,scid_2512,Manufacturing/OT adjacency with legacy auth scars and low endpoint enforcement.
321,Block Adobe Reader from creating child processes,Planned,6.03 / 9,9%,Device,Microsoft Intune,Yes,No,Wide World Manufacturing,scid_2513,Manufacturing/OT adjacency with legacy auth scars and low endpoint enforcement.
322,Block persistence through WMI event subscription,Planned,5.96 / 9,9%,Device,Microsoft Intune,Yes,No,Wide World Manufacturing,scid_2514,Manufacturing/OT adjacency with legacy auth scars and low endpoint enforcement.
323,Block abuse of exploited vulnerable signed drivers,Planned,3.12 / 9,9%,Device,Microsoft Intune,Yes,No,Wide World Manufacturing,scid_2515,Manufacturing/OT adjacency with legacy auth scars and low endpoint enforcement.
216,Block Webshell creation for Servers,To address,1.53 / 9,9%,Device,Microsoft Intune,Yes,No,Wide World Manufacturing,scid_2516,Manufacturing/OT adjacency with legacy auth scars and low endpoint enforcement.
217,Block use of copied or impersonated system tools,To address,0.16 / 9,9%,Device,Microsoft Intune,Yes,No,Wide World Manufacturing,scid_2517,Manufacturing/OT adjacency with legacy auth scars and low endpoint enforcement.
218,Block rebooting machine in Safe Mode,To address,2.02 / 9,9%,Device,Microsoft Intune,Yes,No,Wide World Manufacturing,scid_2518,Manufacturing/OT adjacency with legacy auth scars and low endpoint enforcement.
44,Enable 'Safe DLL Search Mode',To address,1.59 / 8,8%,Device,Microsoft Intune,Yes,No,Wide World Manufacturing,scid_26,Manufacturing/OT adjacency with legacy auth scars and low endpoint enforcement.
45,Set User Account Control (UAC) to automatically deny elevation requests,To address,0.05 / 8,8%,Device,Microsoft Intune,No,No,Wide World Manufacturing,scid_27,Manufacturing/OT adjacency with legacy auth scars and low endpoint enforcement.
177,Set 'Interactive logon: Machine inactivity limit' to '1-900 seconds',Planned,2.02 / 5,5%,Device,Microsoft Intune,Yes,No,Wide World Manufacturing,scid_28,Manufacturing/OT adjacency with legacy auth scars and low endpoint enforcement.
46,Disable 'Enumerate administrator accounts on elevation',To address,0.36 / 8,8%,Device,Microsoft Intune,Yes,Yes,Wide World Manufacturing,scid_29,Manufacturing/OT adjacency with legacy auth scars and low endpoint enforcement.
47,Disable 'Insecure guest logons' in SMB,Planned,5.15 / 8,8%,Device,Microsoft Intune,Yes,No,Wide World Manufacturing,scid_30,Manufacturing/OT adjacency with legacy auth scars and low endpoint enforcement.
164,Fix unquoted service path for Windows services,To address,0.12 / 8,8%,Device,Microsoft Intune,Yes,No,Wide World Manufacturing,scid_3001,Manufacturing/OT adjacency with legacy auth scars and low endpoint enforcement.
165,Change service executable path to a common protected location,To address,1.2 / 8,8%,Device,Microsoft Intune,Yes,No,Wide World Manufacturing,scid_3002,Manufacturing/OT adjacency with legacy auth scars and low endpoint enforcement.
166,Change service account to avoid cached password in windows registry,To address,0.25 / 8,8%,Device,Microsoft Intune,Yes,No,Wide World Manufacturing,scid_3003,Manufacturing/OT adjacency with legacy auth scars and low endpoint enforcement.
168,Disable the built-in Administrator account,To address,0.35 / 8,8%,Device,Microsoft Intune,Yes,No,Wide World Manufacturing,scid_3010,Manufacturing/OT adjacency with legacy auth scars and low endpoint enforcement.
169,Disable the built-in Guest account,To address,0.66 / 8,8%,Device,Microsoft Intune,Yes,No,Wide World Manufacturing,scid_3011,Manufacturing/OT adjacency with legacy auth scars and low endpoint enforcement.
170,Set 'Minimum password length' to '14 or more characters',Planned,3.1 / 5,5%,Device,Microsoft Intune,Yes,No,Wide World Manufacturing,scid_32,Manufacturing/OT adjacency with legacy auth scars and low endpoint enforcement.
171,Set 'Enforce password history' to '24 or more password(s)',To address,1.55 / 5,5%,Device,Microsoft Intune,No,Yes,Wide World Manufacturing,scid_33,Manufacturing/OT adjacency with legacy auth scars and low endpoint enforcement.
172,"Set 'Maximum password age' to '60 or fewer days, but not 0'",To address,1.49 / 5,5%,Device,Microsoft Intune,Yes,No,Wide World Manufacturing,scid_34,Manufacturing/OT adjacency with legacy auth scars and low endpoint enforcement.
173,Set 'Minimum password age' to '1 or more day(s)',To address,1.12 / 5,5%,Device,Microsoft Intune,No,Yes,Wide World Manufacturing,scid_35,Manufacturing/OT adjacency with legacy auth scars and low endpoint enforcement.
49,Enable 'Domain member: Require strong (Windows 2000 or later) session key',To address,0.53 / 5,5%,Device,Microsoft Intune,Yes,No,Wide World Manufacturing,scid_36,Manufacturing/OT adjacency with legacy auth scars and low endpoint enforcement.
50,Enable 'Domain member: Digitally encrypt or sign secure channel data (always)',To address,1.38 / 5,5%,Device,Microsoft Intune,Yes,No,Wide World Manufacturing,scid_37,Manufacturing/OT adjacency with legacy auth scars and low endpoint enforcement.
51,Enable Set 'Domain member: Digitally encrypt secure channel data (when possible)',To address,0.5 / 5,5%,Device,Microsoft Intune,Yes,No,Wide World Manufacturing,scid_38,Manufacturing/OT adjacency with legacy auth scars and low endpoint enforcement.
52,Enable 'Domain member: Digitally sign secure channel data (when possible)',To address,1.14 / 5,5%,Device,Microsoft Intune,Yes,No,Wide World Manufacturing,scid_39,Manufacturing/OT adjacency with legacy auth scars and low endpoint enforcement.
53,Disable 'Domain member: Disable machine account password changes',To address,0.04 / 2,2%,Device,Microsoft Intune,Yes,No,Wide World Manufacturing,scid_40,Manufacturing/OT adjacency with legacy auth scars and low endpoint enforcement.
203,Disallow offline access to shares,Planned,6.22 / 8,8%,Device,Microsoft Intune,Yes,No,Wide World Manufacturing,scid_4000,Manufacturing/OT adjacency with legacy auth scars and low endpoint enforcement.
204,Remove share write permission set to ‘Everyone’,Planned,2.82 / 8,8%,Device,Microsoft Intune,Yes,Yes,Wide World Manufacturing,scid_4001,Manufacturing/OT adjacency with legacy auth scars and low endpoint enforcement.
205,Remove shares from the root folder,Planned,5.31 / 8,8%,Device,Microsoft Intune,Yes,No,Wide World Manufacturing,scid_4002,Manufacturing/OT adjacency with legacy auth scars and low endpoint enforcement.
206,Set folder access-based enumeration for shares,To address,1.22 / 8,8%,Device,Microsoft Intune,Yes,Yes,Wide World Manufacturing,scid_4003,Manufacturing/OT adjacency with legacy auth scars and low endpoint enforcement.
175,Set 'Account lockout duration' to 15 minutes or more,To address,1.37 / 6,6%,Device,Microsoft Intune,Yes,No,Wide World Manufacturing,scid_41,Manufacturing/OT adjacency with legacy auth scars and low endpoint enforcement.
178,Set 'Reset account lockout counter after' to 15 minutes or more,To address,0 / 6,6%,Device,Microsoft Intune,Yes,No,Wide World Manufacturing,scid_42,Manufacturing/OT adjacency with legacy auth scars and low endpoint enforcement.
54,Disable Microsoft Defender Firewall notifications when programs are blocked for Domain profile,To address,0 / 2,2%,Device,Microsoft Intune,Yes,No,Wide World Manufacturing,scid_43,Manufacturing/OT adjacency with legacy auth scars and low endpoint enforcement.
176,Set 'Account lockout threshold' to 1-10 invalid login attempts,To address,0 / 6,6%,Device,Microsoft Intune,No,No,Wide World Manufacturing,scid_44,Manufacturing/OT adjacency with legacy auth scars and low endpoint enforcement.
202,Set user authentication for remote connections by using Network Level Authentication to 'Enabled',To address,0.65 / 5,5%,Device,Microsoft Intune,Yes,No,Wide World Manufacturing,scid_45,Manufacturing/OT adjacency with legacy auth scars and low endpoint enforcement.
55,Disable Microsoft Defender Firewall notifications when programs are blocked for Private profile,Planned,0.74 / 2,2%,Device,Microsoft Intune,Yes,No,Wide World Manufacturing,scid_46,Manufacturing/OT adjacency with legacy auth scars and low endpoint enforcement.
56,Disable Microsoft Defender Firewall notifications when programs are blocked for Public profile,Planned,0.86 / 2,2%,Device,Microsoft Intune,Yes,No,Wide World Manufacturing,scid_49,Manufacturing/OT adjacency with legacy auth scars and low endpoint enforcement.
57,Disable merging of local Microsoft Defender Firewall rules with group policy firewall rules for the Public profile,Planned,1.73 / 5,5%,Device,Microsoft Intune,Yes,No,Wide World Manufacturing,scid_50,Manufacturing/OT adjacency with legacy auth scars and low endpoint enforcement.
179,Fix Microsoft Defender for Endpoint sensor data collection in macOS,To address,3.19 / 10,10%,Device,Microsoft Intune,Yes,No,Wide World Manufacturing,scid_5001,Manufacturing/OT adjacency with legacy auth scars and low endpoint enforcement.
180,Fix Microsoft Defender for Endpoint impaired communications in macOS,To address,0.51 / 10,10%,Device,Microsoft Intune,No,No,Wide World Manufacturing,scid_5002,Manufacturing/OT adjacency with legacy auth scars and low endpoint enforcement.
181,Set minimum password length to 15 or more characters in macOS,Planned,2.82 / 6,6%,Device,Microsoft Intune,Yes,No,Wide World Manufacturing,scid_5003,Manufacturing/OT adjacency with legacy auth scars and low endpoint enforcement.
182,Set 'Enforce password history' to '24 or more password(s)' in macOS,To address,1.22 / 5,5%,Device,Microsoft Intune,Yes,No,Wide World Manufacturing,scid_5004,Manufacturing/OT adjacency with legacy auth scars and low endpoint enforcement.
183,"Set 'Maximum password age' to '90 or fewer days, but not 0' in macOS",To address,0.36 / 5,5%,Device,Microsoft Intune,No,No,Wide World Manufacturing,scid_5005,Manufacturing/OT adjacency with legacy auth scars and low endpoint enforcement.
184,Set account lockout threshold to 5 or lower in macOS,To address,1.68 / 7,7%,Device,Microsoft Intune,No,No,Wide World Manufacturing,scid_5006,Manufacturing/OT adjacency with legacy auth scars and low endpoint enforcement.
185,Turn on Firewall in macOS,Planned,6.07 / 10,10%,Device,Microsoft Intune,Yes,No,Wide World Manufacturing,scid_5007,Manufacturing/OT adjacency with legacy auth scars and low endpoint enforcement.
186,Enable Gatekeeper in macOS,To address,0.79 / 8,8%,Device,Microsoft Intune,No,No,Wide World Manufacturing,scid_5009,Manufacturing/OT adjacency with legacy auth scars and low endpoint enforcement.
187,Enable System Integrity Protection (SIP) in macOS,Planned,3.6 / 7,7%,Device,Microsoft Intune,Yes,Yes,Wide World Manufacturing,scid_5010,Manufacturing/OT adjacency with legacy auth scars and low endpoint enforcement.
187,Enable FileVault Disk Encryption in macOS,To address,1.9 / 7,7%,Device,Microsoft Intune,Yes,No,Wide World Manufacturing,scid_5011,Manufacturing/OT adjacency with legacy auth scars and low endpoint enforcement.
189,Ensure screensaver is set to start in 20 minutes or less in macOS,To address,0 / 5,5%,Device,Microsoft Intune,No,No,Wide World Manufacturing,scid_5013,Manufacturing/OT adjacency with legacy auth scars and low endpoint enforcement.
190,Secure Home Folders in macOS,To address,0.74 / 6,6%,Device,Microsoft Intune,Yes,No,Wide World Manufacturing,scid_5014,Manufacturing/OT adjacency with legacy auth scars and low endpoint enforcement.
191,Turn on Microsoft Defender Antivirus real-time protection in macOS,To address,0 / 10,10%,Device,Microsoft Intune,Yes,No,Wide World Manufacturing,scid_5090,Manufacturing/OT adjacency with legacy auth scars and low endpoint enforcement.
192,Turn on Microsoft Defender Antivirus PUA protection in block mode in macOS,To address,0.32 / 9,9%,Device,Microsoft Intune,Yes,No,Wide World Manufacturing,scid_5091,Manufacturing/OT adjacency with legacy auth scars and low endpoint enforcement.
219,Turn on Tamper Protection for MacOS,Planned,3.88 / 8,8%,Device,Microsoft Intune,Yes,No,Wide World Manufacturing,scid_5092,Manufacturing/OT adjacency with legacy auth scars and low endpoint enforcement.
220,Enable Microsoft Defender Antivirus real-time behavior monitoring in macOS,To address,1.67 / 5,5%,Device,Microsoft Intune,Yes,Yes,Wide World Manufacturing,scid_5093,Manufacturing/OT adjacency with legacy auth scars and low endpoint enforcement.
193,Enable Microsoft Defender Antivirus cloud-delivered protection in macOS,Planned,3.01 / 8,8%,Device,Microsoft Intune,Yes,No,Wide World Manufacturing,scid_5094,Manufacturing/OT adjacency with legacy auth scars and low endpoint enforcement.
194,Update Microsoft Defender Antivirus definitions in macOS,To address,1.9 / 9,9%,Device,Microsoft Intune,Yes,No,Wide World Manufacturing,scid_5095,Manufacturing/OT adjacency with legacy auth scars and low endpoint enforcement.
58,Disable merging of local Microsoft Defender Firewall connection rules with group policy firewall rules for the Public profile,Planned,2.84 / 5,5%,Device,Microsoft Intune,Yes,No,Wide World Manufacturing,scid_51,Manufacturing/OT adjacency with legacy auth scars and low endpoint enforcement.
59,Enable 'Apply UAC restrictions to local accounts on network logons',To address,0.01 / 5,5%,Device,Microsoft Intune,Yes,No,Wide World Manufacturing,scid_52,Manufacturing/OT adjacency with legacy auth scars and low endpoint enforcement.
60,Disable SMBv1 client driver,To address,0 / 8,8%,Device,Microsoft Intune,Yes,No,Wide World Manufacturing,scid_53,Manufacturing/OT adjacency with legacy auth scars and low endpoint enforcement.
61,Disable SMBv1 server,To address,0.93 / 8,8%,Device,Microsoft Intune,No,Yes,Wide World Manufacturing,scid_54,Manufacturing/OT adjacency with legacy auth scars and low endpoint enforcement.
174,Disable 'Network access: Let Everyone permissions apply to anonymous users',To address,1.69 / 5,5%,Device,Microsoft Intune,Yes,No,Wide World Manufacturing,scid_55,Manufacturing/OT adjacency with legacy auth scars and low endpoint enforcement.
62,Disable 'WDigest Authentication',Planned,3.12 / 5,5%,Device,Microsoft Intune,No,No,Wide World Manufacturing,scid_57,Manufacturing/OT adjacency with legacy auth scars and low endpoint enforcement.
63,Disable 'Installation and configuration of Network Bridge on your DNS domain network',Planned,1.76 / 5,5%,Device,Microsoft Intune,Yes,No,Wide World Manufacturing,scid_58,Manufacturing/OT adjacency with legacy auth scars and low endpoint enforcement.
64,Enable 'Require domain users to elevate when setting a network's location',Planned,1.53 / 2,2%,Device,Microsoft Intune,Yes,No,Wide World Manufacturing,scid_59,Manufacturing/OT adjacency with legacy auth scars and low endpoint enforcement.
65,Prohibit use of Internet Connection Sharing on your DNS domain network,To address,0.34 / 5,5%,Device,Microsoft Intune,Yes,No,Wide World Manufacturing,scid_60,Manufacturing/OT adjacency with legacy auth scars and low endpoint enforcement.
195,Fix Microsoft Defender for Endpoint sensor data collection for Linux,To address,2.55 / 10,10%,Device,Microsoft Intune,Yes,No,Wide World Manufacturing,scid_6001,Manufacturing/OT adjacency with legacy auth scars and low endpoint enforcement.
196,Fix Microsoft Defender for Endpoint impaired communications for Linux,To address,0.02 / 10,10%,Device,Microsoft Intune,Yes,Yes,Wide World Manufacturing,scid_6002,Manufacturing/OT adjacency with legacy auth scars and low endpoint enforcement.
197,Unrestricted Access Accounts for Linux,To address,0 / 6,6%,Device,Microsoft Intune,Yes,No,Wide World Manufacturing,scid_6014,Manufacturing/OT adjacency with legacy auth scars and low endpoint enforcement.
198,Turn on Microsoft Defender Antivirus real-time protection for Linux,To address,2.16 / 10,10%,Device,Microsoft Intune,Yes,No,Wide World Manufacturing,scid_6090,Manufacturing/OT adjacency with legacy auth scars and low endpoint enforcement.
199,Turn on Microsoft Defender Antivirus PUA protection in block mode for Linux,To address,3.06 / 9,9%,Device,Microsoft Intune,Yes,No,Wide World Manufacturing,scid_6091,Manufacturing/OT adjacency with legacy auth scars and low endpoint enforcement.
221,Turn on Microsoft Defender Antivirus Tamper Protection for Linux,Planned,4.79 / 8,8%,Device,Microsoft Intune,Yes,No,Wide World Manufacturing,scid_6092,Manufacturing/OT adjacency with legacy auth scars and low endpoint enforcement.
222,Enable Microsoft Defender Antivirus real-time behavior monitoring for Linux,To address,1.01 / 5,5%,Device,Microsoft Intune,Yes,No,Wide World Manufacturing,scid_6093,Manufacturing/OT adjacency with legacy auth scars and low endpoint enforcement.
200,Enable Microsoft Defender Antivirus cloud-delivered protection for Linux,Planned,5.03 / 8,8%,Device,Microsoft Intune,Yes,No,Wide World Manufacturing,scid_6094,Manufacturing/OT adjacency with legacy auth scars and low endpoint enforcement.
201,Update Microsoft Defender Antivirus definitions for Linux,To address,0.25 / 9,9%,Device,Microsoft Intune,Yes,No,Wide World Manufacturing,scid_6095,Manufacturing/OT adjacency with legacy auth scars and low endpoint enforcement.
66,Set 'Minimum PIN length for startup' to '6 or more characters',To address,0.03 / 5,5%,Device,Microsoft Intune,Yes,No,Wide World Manufacturing,scid_61,Manufacturing/OT adjacency with legacy auth scars and low endpoint enforcement.
223,Enable 'Microsoft Defender for Endpoint Plug-in for WSL',To address,0 / 5,5%,Device,Microsoft Intune,Yes,No,Wide World Manufacturing,scid_6100,Manufacturing/OT adjacency with legacy auth scars and low endpoint enforcement.
67,Enable 'Require additional authentication at startup',To address,0.12 / 8,8%,Device,Microsoft Intune,Yes,No,Wide World Manufacturing,scid_62,Manufacturing/OT adjacency with legacy auth scars and low endpoint enforcement.
68,Disable 'Configure Offer Remote Assistance',To address,1.47 / 5,5%,Device,Microsoft Intune,Yes,Yes,Wide World Manufacturing,scid_63,Manufacturing/OT adjacency with legacy auth scars and low endpoint enforcement.
69,Restrict anonymous access to named pipes and Shares,To address,0.2 / 8,8%,Device,Microsoft Intune,Yes,No,Wide World Manufacturing,scid_64,Manufacturing/OT adjacency with legacy auth scars and low endpoint enforcement.
70,Disable 'Store LAN Manager hash value on next password change',Planned,5.1 / 8,8%,Device,Microsoft Intune,Yes,No,Wide World Manufacturing,scid_65,Manufacturing/OT adjacency with legacy auth scars and low endpoint enforcement.
71,Disable 'Always install with elevated privileges',Planned,2.77 / 8,8%,Device,Microsoft Intune,No,Yes,Wide World Manufacturing,scid_66,Manufacturing/OT adjacency with legacy auth scars and low endpoint enforcement.
72,Disable 'Autoplay for non-volume devices',Planned,2.02 / 5,5%,Device,Microsoft Intune,Yes,No,Wide World Manufacturing,scid_67,Manufacturing/OT adjacency with legacy auth scars and low endpoint enforcement.
73,Disable 'Anonymous enumeration of SAM accounts',Planned,4.49 / 8,8%,Device,Microsoft Intune,Yes,Yes,Wide World Manufacturing,scid_68,Manufacturing/OT adjacency with legacy auth scars and low endpoint enforcement.
74,Disable 'Autoplay' for all drives,To address,0.03 / 8,8%,Device,Microsoft Intune,Yes,No,Wide World Manufacturing,scid_69,Manufacturing/OT adjacency with legacy auth scars and low endpoint enforcement.
75,Set default behavior for 'AutoRun' to 'Enabled: Do not execute any autorun commands',To address,0 / 8,8%,Device,Microsoft Intune,No,No,Wide World Manufacturing,scid_70,Manufacturing/OT adjacency with legacy auth scars and low endpoint enforcement.
76,Enable 'Limit local account use of blank passwords to console logon only',To address,0 / 5,5%,Device,Microsoft Intune,Yes,No,Wide World Manufacturing,scid_71,Manufacturing/OT adjacency with legacy auth scars and low endpoint enforcement.
77,Set LAN Manager authentication level to 'Send NTLMv2 response only. Refuse LM & NTLM',To address,0 / 8,8%,Device,Microsoft Intune,Yes,No,Wide World Manufacturing,scid_72,Manufacturing/OT adjacency with legacy auth scars and low endpoint enforcement.
78,Disable 'Allow Basic authentication' for WinRM Client,Planned,4.15 / 8,8%,Device,Microsoft Intune,Yes,No,Wide World Manufacturing,scid_73,Manufacturing/OT adjacency with legacy auth scars and low endpoint enforcement.
79,Disable 'Allow Basic authentication' for WinRM Service,Completed,7.44 / 8,8%,Device,Microsoft Intune,Yes,No,Wide World Manufacturing,scid_74,Manufacturing/OT adjacency with legacy auth scars and low endpoint enforcement.
80,Disable Flash on Adobe Reader DC,Planned,3.32 / 5,5%,Device,Microsoft Intune,Yes,Yes,Wide World Manufacturing,scid_75,Manufacturing/OT adjacency with legacy auth scars and low endpoint enforcement.
81,Disable JavaScript on Adobe Reader DC,Planned,1.78 / 5,5%,Device,Microsoft Intune,Yes,No,Wide World Manufacturing,scid_76,Manufacturing/OT adjacency with legacy auth scars and low endpoint enforcement.
82,Disable Flash on Adobe Acrobat Pro XI,To address,0.53 / 5,5%,Device,Microsoft Intune,No,No,Wide World Manufacturing,scid_77,Manufacturing/OT adjacency with legacy auth scars and low endpoint enforcement.
83,Disable JavaScript on Adobe Acrobat Pro XI,To address,0.01 / 5,5%,Device,Microsoft Intune,Yes,Yes,Wide World Manufacturing,scid_78,Manufacturing/OT adjacency with legacy auth scars and low endpoint enforcement.
84,Disable running or installing downloaded software with invalid signature,To address,1.32 / 5,5%,Device,Microsoft Intune,Yes,No,Wide World Manufacturing,scid_79,Manufacturing/OT adjacency with legacy auth scars and low endpoint enforcement.
85,Block Flash activation in Office documents,To address,0.32 / 5,5%,Device,Microsoft Intune,Yes,No,Wide World Manufacturing,scid_80,Manufacturing/OT adjacency with legacy auth scars and low endpoint enforcement.
86,Set IPv6 source routing to highest protection,To address,0.25 / 5,5%,Device,Microsoft Intune,No,No,Wide World Manufacturing,scid_81,Manufacturing/OT adjacency with legacy auth scars and low endpoint enforcement.
87,Disable IP source routing,To address,1.56 / 5,5%,Device,Microsoft Intune,Yes,Yes,Wide World Manufacturing,scid_82,Manufacturing/OT adjacency with legacy auth scars and low endpoint enforcement.
88,Enable Explorer Data Execution Prevention (DEP),Planned,3.6 / 5,5%,Device,Microsoft Intune,Yes,No,Wide World Manufacturing,scid_83,Manufacturing/OT adjacency with legacy auth scars and low endpoint enforcement.
90,Block outdated ActiveX controls for Internet Explorer,To address,0.34 / 5,5%,Device,Microsoft Intune,Yes,No,Wide World Manufacturing,scid_85,Manufacturing/OT adjacency with legacy auth scars and low endpoint enforcement.
91,Disable Solicited Remote Assistance,Planned,4.42 / 8,8%,Device,Microsoft Intune,No,No,Wide World Manufacturing,scid_87,Manufacturing/OT adjacency with legacy auth scars and low endpoint enforcement.
92,Disable Anonymous enumeration of shares,Planned,3.76 / 8,8%,Device,Microsoft Intune,Yes,No,Wide World Manufacturing,scid_88,Manufacturing/OT adjacency with legacy auth scars and low endpoint enforcement.
92,Enable scanning of removable drives during a full scan,To address,1.19 / 8,8%,Device,Microsoft Intune,Yes,No,Wide World Manufacturing,scid_89,Manufacturing/OT adjacency with legacy auth scars and low endpoint enforcement.
422,Enable 'Local Machine Zone Lockdown Security',To address,1.23 / 5,5%,Device,Microsoft Intune,Yes,No,Wide World Manufacturing,scid_9,Manufacturing/OT adjacency with legacy auth scars and low endpoint enforcement.
93,Enable Microsoft Defender Antivirus email scanning,To address,0 / 9,9%,Device,Exchange Online,Yes,No,Wide World Manufacturing,scid_90,Manufacturing/OT adjacency with legacy auth scars and low endpoint enforcement.
94,Enable Microsoft Defender Antivirus real-time behavior monitoring,To address,0.44 / 5,5%,Device,Microsoft Intune,No,No,Wide World Manufacturing,scid_91,Manufacturing/OT adjacency with legacy auth scars and low endpoint enforcement.
95,Enable Microsoft Defender Antivirus scanning of downloaded files and attachments,Planned,5.56 / 10,10%,Device,Microsoft Intune,Yes,No,Wide World Manufacturing,scid_92,Manufacturing/OT adjacency with legacy auth scars and low endpoint enforcement.
96,Disable the local storage of passwords and credentials,To address,1.23 / 5,5%,Device,Microsoft Intune,No,No,Wide World Manufacturing,scid_93,Manufacturing/OT adjacency with legacy auth scars and low endpoint enforcement.
97,Disable sending unencrypted password to third-party SMB servers,Planned,3.38 / 5,5%,Device,Microsoft Intune,Yes,Yes,Wide World Manufacturing,scid_94,Manufacturing/OT adjacency with legacy auth scars and low endpoint enforcement.
98,Enable 'Microsoft network client: Digitally sign communications (always)',Planned,3.69 / 5,5%,Device,Microsoft Intune,No,No,Wide World Manufacturing,scid_95,Manufacturing/OT adjacency with legacy auth scars and low endpoint enforcement.
429,Enable 'Network Protection',Planned,4.52 / 8,8%,Device,Microsoft Intune,Yes,Yes,Wide World Manufacturing,scid_96,Manufacturing/OT adjacency with legacy auth scars and low endpoint enforcement.
159,Disable JavaScript on Adobe DC,Planned,1.88 / 5,5%,Device,Microsoft Intune,Yes,Yes,Wide World Manufacturing,scid_97,Manufacturing/OT adjacency with legacy auth scars and low endpoint enforcement.
160,Disable JavaScript on Adobe Reader 2017,To address,0 / 5,5%,Device,Microsoft Intune,Yes,No,Wide World Manufacturing,scid_98,Manufacturing/OT adjacency with legacy auth scars and low endpoint enforcement.
161,Disable JavaScript on Adobe Acrobat 2017,To address,0 / 5,5%,Device,Microsoft Intune,Yes,Yes,Wide World Manufacturing,scid_99,Manufacturing/OT adjacency with legacy auth scars and low endpoint enforcement.
20,Ensure 'Self service password reset enabled' is set to 'All',To address,0.17 / 1,1%,Identity,Microsoft Entra ID,Yes,No,Wide World Manufacturing,SelfServicePasswordReset,Manufacturing/OT adjacency with legacy auth scars and low endpoint enforcement.
58,Enable Microsoft Entra ID Identity Protection sign-in risk policies,Planned,3.38 / 7,7%,Identity,Microsoft Entra ID,Yes,Yes,Wide World Manufacturing,SigninRiskPolicy,Manufacturing/OT adjacency with legacy auth scars and low endpoint enforcement.
10,Block OneDrive for Business sync from unmanaged devices,Planned,2.04 / 3,3%,Apps,SharePoint Online,Yes,No,Wide World Manufacturing,spo_block_onedrive_sync_unmanaged_devices,Manufacturing/OT adjacency with legacy auth scars and low endpoint enforcement.
10,Ensure SharePoint external sharing is managed through domain whitelist/blacklists,Planned,2.31 / 3,3%,Apps,SharePoint Online,Yes,No,Wide World Manufacturing,spo_external_sharing_managed,Manufacturing/OT adjacency with legacy auth scars and low endpoint enforcement.
10,Ensure that SharePoint guest users cannot share items they don't own,Planned,1.83 / 3,3%,Identity,SharePoint Online,Yes,No,Wide World Manufacturing,spo_external_users_sharing,Manufacturing/OT adjacency with legacy auth scars and low endpoint enforcement.
128,Sign out inactive users in SharePoint Online,To address,0.13 / 1,1%,Identity,SharePoint Online,Yes,No,Wide World Manufacturing,spo_idle_session_timeout,Manufacturing/OT adjacency with legacy auth scars and low endpoint enforcement.
128,Ensure modern authentication for SharePoint applications is required,Planned,0.54 / 1,1%,Identity,SharePoint Online,Yes,No,Wide World Manufacturing,spo_legacy_auth,Manufacturing/OT adjacency with legacy auth scars and low endpoint enforcement.
10,Ensure that Sways cannot be shared with people outside of your organization,To address,0.67 / 3,3%,Apps,SWAY,Yes,No,Wide World Manufacturing,sway_block_sharing_with_outside_users,Manufacturing/OT adjacency with legacy auth scars and low endpoint enforcement.
59,Enable Microsoft Entra ID Identity Protection user risk policies,To address,1.92 / 7,7%,Identity,Microsoft Entra ID,Yes,No,Wide World Manufacturing,UserRiskPolicy,Manufacturing/OT adjacency with legacy auth scars and low endpoint enforcement.
