Rank,Recommended action,Status,Points achieved,Score impact,Category,Product,Have license?,Regressed,Tenant,Control ID,Notes
10,Ensure Administrative accounts are separate and cloud-only,Completed,2.46 / 3,3%,Identity,Microsoft Entra ID,Yes,No,Wingtip Retail,aad_admin_accounts_separate_unassigned_cloud_only,"Retail tenant with seasonal accounts, permissive sharing, and partial endpoint controls."
10,Ensure the admin consent workflow is enabled,Planned,3.32 / 5,5%,Identity,Microsoft Entra ID,Yes,No,Wingtip Retail,aad_admin_consent_workflow,"Retail tenant with seasonal accounts, permissive sharing, and partial endpoint controls."
10,Ensure custom banned passwords lists are used,Planned,2.33 / 5,5%,Identity,Microsoft Entra ID,Yes,No,Wingtip Retail,aad_custom_banned_passwords,"Retail tenant with seasonal accounts, permissive sharing, and partial endpoint controls."
10,Ensure 'Microsoft Azure Management' is limited to administrative roles,Planned,2.06 / 3,3%,Identity,Microsoft Entra ID,No,No,Wingtip Retail,aad_limited_administrative_roles,"Retail tenant with seasonal accounts, permissive sharing, and partial endpoint controls."
10,Ensure 'LinkedIn account connections' is disabled,Planned,1.73 / 3,3%,Identity,Microsoft Entra ID,Yes,No,Wingtip Retail,aad_linkedin_connection_disables,"Retail tenant with seasonal accounts, permissive sharing, and partial endpoint controls."
10,Ensure that only organizationally managed/approved public groups exist,To address,0.68 / 3,3%,Identity,Microsoft Entra ID,Yes,No,Wingtip Retail,aad_managed_approved_public_groups_only,"Retail tenant with seasonal accounts, permissive sharing, and partial endpoint controls."
10,Ensure password protection is enabled for on-prem Active Directory,To address,0.34 / 6,6%,Identity,Microsoft Entra ID,Yes,No,Wingtip Retail,aad_password_protection,"Retail tenant with seasonal accounts, permissive sharing, and partial endpoint controls."
10,Ensure 'Phishing-resistant MFA strength' is required for Administrators,Planned,3.25 / 7,7%,Identity,Microsoft Entra ID,Yes,No,Wingtip Retail,aad_phishing_MFA_strength,"Retail tenant with seasonal accounts, permissive sharing, and partial endpoint controls."
10,Ensure Sign-in frequency is enabled and browser sessions are not persistent for Administrative users,Planned,2.8 / 5,5%,Identity,Microsoft Entra ID,Yes,No,Wingtip Retail,aad_sign_in_freq_session_timeout,"Retail tenant with seasonal accounts, permissive sharing, and partial endpoint controls."
10,Ensure third party integrated applications are not allowed,To address,0.99 / 5,5%,Identity,Microsoft Entra ID,Yes,Yes,Wingtip Retail,aad_third_party_apps,"Retail tenant with seasonal accounts, permissive sharing, and partial endpoint controls."
65,Locate accounts in built-in Operator Groups,Planned,5.69 / 8,8%,Identity,Microsoft Entra ID,Yes,No,Wingtip Retail,AATP_AccountsInOperatorGroups,"Retail tenant with seasonal accounts, permissive sharing, and partial endpoint controls."
65,Accounts with non-default Primary Group ID,Planned,2.23 / 5,5%,Identity,Microsoft Entra ID,Yes,No,Wingtip Retail,AATP_AccountsWithNonDefaultPrimaryGroup,"Retail tenant with seasonal accounts, permissive sharing, and partial endpoint controls."
65,Change password for accounts with leaked credentials,Planned,3.62 / 5,5%,Identity,Microsoft Entra ID,Yes,No,Wingtip Retail,AATP_AccountWithLeakedCredentials,"Retail tenant with seasonal accounts, permissive sharing, and partial endpoint controls."
65,Change password for on-prem account with potentially leaked credentials,Planned,1.88 / 5,5%,Identity,Microsoft Entra ID,Yes,No,Wingtip Retail,AATP_AdAccountWithPotentiallyLeakedCredentials,"Retail tenant with seasonal accounts, permissive sharing, and partial endpoint controls."
65,Prevent Certificate Enrollment with arbitrary Application Policies (ESC15),To address,1.69 / 5,5%,Identity,Microsoft Entra ID,Yes,No,Wingtip Retail,AATP_ADCSCertificateTemplateArbitraryAppPolicies,"Retail tenant with seasonal accounts, permissive sharing, and partial endpoint controls."
65,Prevent users to request a certificate valid for arbitrary users based on the certificate template (ESC1),To address,0.55 / 5,5%,Identity,Microsoft Entra ID,Yes,No,Wingtip Retail,AATP_ADCSCertificateTemplateEnrolementSuppliesSubject,"Retail tenant with seasonal accounts, permissive sharing, and partial endpoint controls."
65,Install Defender for Identity Sensor on ADCS servers,Planned,2.06 / 4,4%,Identity,Microsoft Entra ID,Yes,No,Wingtip Retail,AATP_AdcsComputersWithNoMdiSensorInstalled,"Retail tenant with seasonal accounts, permissive sharing, and partial endpoint controls."
65,Edit insecure certificate enrollment IIS endpoints (ESC8),Planned,3.04 / 5,5%,Identity,Microsoft Intune,Yes,No,Wingtip Retail,AATP_ADCSInsecureCertificateEnrollmentIisEndpoints,"Retail tenant with seasonal accounts, permissive sharing, and partial endpoint controls."
65,Edit misconfigured Certificate Authority ACL (ESC7),Planned,2.43 / 5,5%,Identity,Microsoft Entra ID,No,No,Wingtip Retail,AATP_ADCSMisconfiguredCertificateAuthorityAcl,"Retail tenant with seasonal accounts, permissive sharing, and partial endpoint controls."
65,Edit misconfigured certificate templates ACL (ESC4),Planned,2.28 / 5,5%,Identity,Microsoft Entra ID,Yes,No,Wingtip Retail,AATP_ADCSMisconfiguredCertificateTemplateAcl,"Retail tenant with seasonal accounts, permissive sharing, and partial endpoint controls."
60,Edit overly permissive Certificate Template with privileged EKU (Any purpose EKU or No EKU) (ESC2),Planned,3.06 / 5,5%,Identity,Microsoft Entra ID,No,Yes,Wingtip Retail,AATP_ADCSMisconfiguredCertificateTemplateEku,"Retail tenant with seasonal accounts, permissive sharing, and partial endpoint controls."
65,Edit misconfigured enrollment agent certificate template (ESC3),To address,1.43 / 5,5%,Identity,Microsoft Entra ID,Yes,No,Wingtip Retail,AATP_ADCSMisconfiguredCertificateTemplateEnrollmentAgent,"Retail tenant with seasonal accounts, permissive sharing, and partial endpoint controls."
65,Edit misconfigured certificate templates owner (ESC4),Planned,2.64 / 5,5%,Identity,Microsoft Entra ID,Yes,No,Wingtip Retail,AATP_ADCSMisconfiguredCertificateTemplateOwner,"Retail tenant with seasonal accounts, permissive sharing, and partial endpoint controls."
65,Enforce encryption for RPC certificate enrollment interface (ESC8),Planned,1.73 / 5,5%,Identity,Microsoft Entra ID,No,No,Wingtip Retail,AATP_ADCSMisconfiguredRpcEnrollmentSigning,"Retail tenant with seasonal accounts, permissive sharing, and partial endpoint controls."
65,Edit vulnerable Certificate Authority setting (ESC6),To address,0.18 / 5,5%,Identity,Microsoft Entra ID,Yes,No,Wingtip Retail,AATP_ADCSSanSpecifiedByUserEnabled,"Retail tenant with seasonal accounts, permissive sharing, and partial endpoint controls."
65,Install Defender for Identity Sensor on ADFS servers,Planned,1.95 / 4,4%,Identity,Microsoft Entra ID,Yes,No,Wingtip Retail,AATP_AdfsComputersWithNoMdiSensorInstalled,"Retail tenant with seasonal accounts, permissive sharing, and partial endpoint controls."
67,Remove access rights on suspicious accounts with the Admin SDHolder permission,Completed,4.69 / 5,5%,Identity,Microsoft Entra ID,Yes,No,Wingtip Retail,AATP_AdminSDHolder,"Retail tenant with seasonal accounts, permissive sharing, and partial endpoint controls."
65,Change password for Entra seamless SSO account,Planned,2.78 / 5,5%,Identity,Microsoft Entra ID,Yes,Yes,Wingtip Retail,AATP_AzureSsoAccountOldPasswords,"Retail tenant with seasonal accounts, permissive sharing, and partial endpoint controls."
65,Change password of built-in domain Administrator account,Completed,4.82 / 5,5%,Identity,Microsoft Entra ID,Yes,No,Wingtip Retail,AATP_BuiltinAdministratorAccountWithOldPassword,"Retail tenant with seasonal accounts, permissive sharing, and partial endpoint controls."
65,Built-in Active Directory Guest account is enabled,Completed,4.78 / 5,5%,Identity,Microsoft Entra ID,No,No,Wingtip Retail,AATP_BuiltinGuestAccountIsEnabled,"Retail tenant with seasonal accounts, permissive sharing, and partial endpoint controls."
65,Change password for krbtgt account,Planned,2.06 / 5,5%,Identity,Microsoft Entra ID,Yes,No,Wingtip Retail,AATP_BuiltinKrbtgtAccountWithOldPassword,"Retail tenant with seasonal accounts, permissive sharing, and partial endpoint controls."
67,Stop clear text credentials exposure,Planned,1.8 / 5,5%,Identity,Microsoft Entra ID,Yes,Yes,Wingtip Retail,AATP_ClearText,"Retail tenant with seasonal accounts, permissive sharing, and partial endpoint controls."
65,Remove stale CyberArk Identity privileged accounts,To address,0.18 / 5,5%,Identity,Microsoft Entra ID,Yes,No,Wingtip Retail,AATP_CyberArk_DormantPriviledgedAccounts,"Retail tenant with seasonal accounts, permissive sharing, and partial endpoint controls."
65,High number of CyberArk Identity accounts with a privileged role assigned,Planned,2.32 / 5,5%,Identity,Microsoft Entra ID,Yes,No,Wingtip Retail,AATP_CyberArk_HighNumberOfPriviledgedIdentityAccounts,"Retail tenant with seasonal accounts, permissive sharing, and partial endpoint controls."
65,Limit the number of CyberArk Identity accounts with system admin role,To address,1.38 / 5,5%,Identity,Microsoft Entra ID,Yes,No,Wingtip Retail,AATP_CyberArk_HighNumberOfSystemAdmins,"Retail tenant with seasonal accounts, permissive sharing, and partial endpoint controls."
65,Change password for CyberArk Identity privileged User accounts,Completed,5.34 / 6,6%,Identity,Microsoft Entra ID,Yes,No,Wingtip Retail,AATP_CyberArk_PriviledgedUserAccountsWithOldPasswords,"Retail tenant with seasonal accounts, permissive sharing, and partial endpoint controls."
59,"Start your Defender for Identity deployment, installing Sensors on Domain Controllers and other eligible servers.",Planned,3.52 / 5,5%,Identity,Microsoft Entra ID,Yes,Yes,Wingtip Retail,AATP_DefenderForIdentityIsNotInstalled,"Retail tenant with seasonal accounts, permissive sharing, and partial endpoint controls."
65,Unsafe permissions on the DnsAdmins group,Planned,4.44 / 8,8%,Identity,Microsoft Entra ID,Yes,No,Wingtip Retail,AATP_DnsAdminsGroupWithUnsafePermissions,"Retail tenant with seasonal accounts, permissive sharing, and partial endpoint controls."
65,Remove local admins on identity assets,To address,0.66 / 5,5%,Identity,Microsoft Entra ID,Yes,No,Wingtip Retail,AATP_DomainControllerLocalUsers,"Retail tenant with seasonal accounts, permissive sharing, and partial endpoint controls."
65,Change Domain Controller computer account old password,Planned,2.38 / 5,5%,Identity,Microsoft Entra ID,Yes,Yes,Wingtip Retail,AATP_DomainControllersWithOldPassword,"Retail tenant with seasonal accounts, permissive sharing, and partial endpoint controls."
67,Remove dormant accounts from sensitive groups,To address,1.14 / 5,5%,Identity,Microsoft Entra ID,Yes,No,Wingtip Retail,AATP_DormantAccounts,"Retail tenant with seasonal accounts, permissive sharing, and partial endpoint controls."
65,Rotate password for Entra Connect AD DS Connector account,Planned,1.38 / 3,3%,Identity,Microsoft Entra ID,Yes,No,Wingtip Retail,AATP_EntraConnectAccountsOldPasswords,"Retail tenant with seasonal accounts, permissive sharing, and partial endpoint controls."
65,Replace Enterprise or Domain Admin account for Entra Connect AD DS Connector account,To address,0.76 / 3,3%,Identity,Microsoft Entra ID,Yes,No,Wingtip Retail,AATP_EntraConnectAccountsWithConnectorAccountAsDefaultAdmin,"Retail tenant with seasonal accounts, permissive sharing, and partial endpoint controls."
65,Remove unnecessary replication permissions for Entra Connect AD DS Connector Account,Planned,4.62 / 8,8%,Identity,Microsoft Entra ID,Yes,No,Wingtip Retail,AATP_EntraConnectAccountUnnecessaryReplicationPermission,"Retail tenant with seasonal accounts, permissive sharing, and partial endpoint controls."
65,Install Defender for Identity Sensor on Entra Connect servers,To address,0.43 / 4,4%,Identity,Microsoft Entra ID,Yes,No,Wingtip Retail,AATP_EntraConnectComputersWithNoMdiSensorInstalled,"Retail tenant with seasonal accounts, permissive sharing, and partial endpoint controls."
65,Remove unsafe permissions on sensitive Entra Connect accounts,Planned,4.76 / 9,9%,Identity,Microsoft Entra ID,Yes,No,Wingtip Retail,AATP_EntraConnectSensitiveAccountsWithUnsafePermissions,"Retail tenant with seasonal accounts, permissive sharing, and partial endpoint controls."
65,Remove discoverable passwords in Active Directory account attributes,To address,0.39 / 8,8%,Identity,Microsoft Entra ID,Yes,No,Wingtip Retail,AATP_ExposedPasswordsInADAttributes,"Retail tenant with seasonal accounts, permissive sharing, and partial endpoint controls."
65,Set a valid password rotation interval for gMSA,Planned,4.6 / 6,6%,Identity,Microsoft Entra ID,Yes,No,Wingtip Retail,AATP_GroupManagedServiceAccountWithUnrecommendedPasswordChangeInterval,"Retail tenant with seasonal accounts, permissive sharing, and partial endpoint controls."
65,GPO can be modified by unprivileged accounts,Planned,1.75 / 5,5%,Identity,Microsoft Entra ID,No,No,Wingtip Retail,AATP_GroupPolicyAbnormalModificationAssignment,"Retail tenant with seasonal accounts, permissive sharing, and partial endpoint controls."
65,GPO assigns unprivileged identities to local groups with elevated privileges,To address,2.2 / 7,7%,Identity,Microsoft Entra ID,Yes,No,Wingtip Retail,AATP_GroupPolicyAssignsUnprivilegedIdentitiesToElevatedLocalGroups,"Retail tenant with seasonal accounts, permissive sharing, and partial endpoint controls."
65,Reversible passwords found in GPOs,To address,0.01 / 8,8%,Identity,Microsoft Entra ID,Yes,No,Wingtip Retail,AATP_GroupPolicyPasswordInPreferences,"Retail tenant with seasonal accounts, permissive sharing, and partial endpoint controls."
61,Set a honeytoken account,To address,0.1 / 1,1%,Identity,Microsoft Entra ID,Yes,No,Wingtip Retail,AATP_HoneyToken,"Retail tenant with seasonal accounts, permissive sharing, and partial endpoint controls."
65,Remove stale service accounts,Planned,2.53 / 5,5%,Identity,Microsoft Entra ID,Yes,No,Wingtip Retail,AATP_InactiveServiceAccounts,"Retail tenant with seasonal accounts, permissive sharing, and partial endpoint controls."
67,Modify unsecure Kerberos delegations to prevent impersonation,Planned,4.02 / 5,5%,Identity,Microsoft Entra ID,Yes,No,Wingtip Retail,AATP_KerberosDelegations,"Retail tenant with seasonal accounts, permissive sharing, and partial endpoint controls."
66,Remove non-admin accounts with DCSync permissions,Planned,2.63 / 5,5%,Identity,Microsoft Entra ID,No,No,Wingtip Retail,AATP_NonAdminDCSyncAccounts,"Retail tenant with seasonal accounts, permissive sharing, and partial endpoint controls."
65,Remove dormant Okta privileged accounts,Planned,3.17 / 5,5%,Identity,Microsoft Entra ID,Yes,No,Wingtip Retail,AATP_Okta_Dormant,"Retail tenant with seasonal accounts, permissive sharing, and partial endpoint controls."
65,High number of Okta accounts with privileged role assigned,Planned,3.84 / 5,5%,Identity,Microsoft Entra ID,Yes,No,Wingtip Retail,AATP_Okta_HighNumberOfNonSuperAdminPrivilegedUserAccounts,"Retail tenant with seasonal accounts, permissive sharing, and partial endpoint controls."
65,Limit the Number of Okta Super Admins Accounts,Planned,2.43 / 5,5%,Identity,Microsoft Entra ID,Yes,Yes,Wingtip Retail,AATP_Okta_HighNumberOfSuperAdmins,"Retail tenant with seasonal accounts, permissive sharing, and partial endpoint controls."
65,Change password for Okta privileged User accounts,To address,1.61 / 6,6%,Identity,Microsoft Entra ID,No,No,Wingtip Retail,AATP_Okta_SensitiveAccountWithOldPassword,"Retail tenant with seasonal accounts, permissive sharing, and partial endpoint controls."
65,Assign multi-factor authentication for Okta privileged user accounts,To address,1.01 / 5,5%,Identity,Microsoft Entra ID,Yes,No,Wingtip Retail,AATP_Okta_SensitiveAccountWithoutFactorsAssigned,"Retail tenant with seasonal accounts, permissive sharing, and partial endpoint controls."
65,Highly Privileged Okta Api Token,To address,1.32 / 5,5%,Identity,Microsoft Entra ID,Yes,No,Wingtip Retail,AATP_Okta_SensitiveApiToken,"Retail tenant with seasonal accounts, permissive sharing, and partial endpoint controls."
67,Reduce lateral movement path risk to sensitive entities,To address,0.06 / 5,5%,Identity,Microsoft Entra ID,Yes,No,Wingtip Retail,AATP_PathRisk,"Retail tenant with seasonal accounts, permissive sharing, and partial endpoint controls."
65,Remove stale PingOne privileged accounts,Planned,3.28 / 5,5%,Identity,Microsoft Entra ID,Yes,No,Wingtip Retail,AATP_Ping_Dormant,"Retail tenant with seasonal accounts, permissive sharing, and partial endpoint controls."
65,High number of PingOne accounts with a privileged role assigned,Completed,4.17 / 5,5%,Identity,Microsoft Entra ID,Yes,No,Wingtip Retail,AATP_Ping_HighNumberOfNonSuperAdminPrivilegedUserAccounts,"Retail tenant with seasonal accounts, permissive sharing, and partial endpoint controls."
65,Limit the number of PingOne accounts with organization admin role,Planned,2.41 / 5,5%,Identity,Microsoft Entra ID,Yes,No,Wingtip Retail,AATP_Ping_HighNumberOfSuperAdmins,"Retail tenant with seasonal accounts, permissive sharing, and partial endpoint controls."
65,Change password for PingOne privileged User accounts,Planned,2.63 / 6,6%,Identity,Microsoft Entra ID,Yes,Yes,Wingtip Retail,AATP_Ping_SensitiveAccountWithOldPassword,"Retail tenant with seasonal accounts, permissive sharing, and partial endpoint controls."
65,Assign multi-factor authentication for PingOne privileged user accounts,To address,0.09 / 5,5%,Identity,Microsoft Entra ID,Yes,No,Wingtip Retail,AATP_Ping_SensitiveAccountWithoutFactorsAssigned,"Retail tenant with seasonal accounts, permissive sharing, and partial endpoint controls."
67,Disable Print spooler service on domain controllers,Planned,2.11 / 5,5%,Identity,Microsoft Entra ID,Yes,No,Wingtip Retail,AATP_PrintSpooler,"Retail tenant with seasonal accounts, permissive sharing, and partial endpoint controls."
65,Ensure privileged accounts are not delegated,To address,0.22 / 5,5%,Identity,Microsoft Entra ID,Yes,No,Wingtip Retail,AATP_PrivilegedAccountsWithDelegationAllowed,"Retail tenant with seasonal accounts, permissive sharing, and partial endpoint controls."
65,Identify Entra ID privileged accounts that are also privileged in Active Directory,To address,2.74 / 9,9%,Identity,Microsoft Entra ID,No,No,Wingtip Retail,AATP_PrivilegedEntraIdAndActiveDirectoryAccounts,"Retail tenant with seasonal accounts, permissive sharing, and partial endpoint controls."
67,Protect and manage local admin passwords with Microsoft LAPS,Planned,2.12 / 5,5%,Identity,Microsoft Entra ID,Yes,No,Wingtip Retail,AATP_PwdLAPS,"Retail tenant with seasonal accounts, permissive sharing, and partial endpoint controls."
65,Remove stale SailPoint privileged accounts,Planned,3.84 / 5,5%,Identity,Microsoft Entra ID,No,No,Wingtip Retail,AATP_SailPoint_DormantPriviledgedAccounts,"Retail tenant with seasonal accounts, permissive sharing, and partial endpoint controls."
65,High number of SailPoint accounts with a privileged role assigned,Completed,4.33 / 5,5%,Identity,Microsoft Entra ID,No,No,Wingtip Retail,AATP_SailPoint_HighNumberOfPriviledgedIdentityAccounts,"Retail tenant with seasonal accounts, permissive sharing, and partial endpoint controls."
65,Limit the number of SailPoint accounts with system admin role,To address,0.74 / 5,5%,Identity,Microsoft Entra ID,Yes,No,Wingtip Retail,AATP_SailPoint_HighNumberOfSystemAdmins,"Retail tenant with seasonal accounts, permissive sharing, and partial endpoint controls."
65,Assign multi-factor authentication for SailPoint privileged user accounts,Planned,1.88 / 5,5%,Identity,Microsoft Entra ID,Yes,No,Wingtip Retail,AATP_SailPoint_MFAforPriviledgedUserAccounts,"Retail tenant with seasonal accounts, permissive sharing, and partial endpoint controls."
65,Change password for SailPoint privileged User accounts,Planned,2.54 / 5,5%,Identity,Microsoft Entra ID,Yes,No,Wingtip Retail,AATP_SailPoint_PriviledgedUserAccountsWithOldPasswords,"Retail tenant with seasonal accounts, permissive sharing, and partial endpoint controls."
60,Install Defender for Identity Sensor on all Domain Controllers,To address,0.91 / 4,4%,Identity,Microsoft Entra ID,Yes,No,Wingtip Retail,AATP_Sensor,"Retail tenant with seasonal accounts, permissive sharing, and partial endpoint controls."
65,Identify service accounts in privileged groups,To address,0.92 / 7,7%,Identity,Microsoft Entra ID,No,No,Wingtip Retail,AATP_ServiceAccountsInPrivilegedGroup,"Retail tenant with seasonal accounts, permissive sharing, and partial endpoint controls."
67,Remove unsecure SID history attributes from entities,Planned,3.21 / 5,5%,Identity,Microsoft Entra ID,Yes,No,Wingtip Retail,AATP_SIDHistory,"Retail tenant with seasonal accounts, permissive sharing, and partial endpoint controls."
65,Rotate old password for sMSA and set up valid rotation interval in the GPO,Planned,4.19 / 6,6%,Identity,Microsoft Entra ID,Yes,Yes,Wingtip Retail,AATP_SingleManagedServiceAccountsWithOldPassword,"Retail tenant with seasonal accounts, permissive sharing, and partial endpoint controls."
65,Remove stale Active Directory accounts,Planned,2.99 / 5,5%,Identity,Microsoft Entra ID,Yes,No,Wingtip Retail,AATP_StaleAccounts,"Retail tenant with seasonal accounts, permissive sharing, and partial endpoint controls."
67,Resolve unsecure account attributes,To address,0.97 / 5,5%,Identity,Microsoft Entra ID,Yes,No,Wingtip Retail,AATP_UnsecureAccount,"Retail tenant with seasonal accounts, permissive sharing, and partial endpoint controls."
60,Resolve unsecure domain configurations,To address,0.39 / 5,5%,Identity,Microsoft Entra ID,Yes,No,Wingtip Retail,AATP_UnsecureDomain,"Retail tenant with seasonal accounts, permissive sharing, and partial endpoint controls."
63,Configure VPN integration,Planned,0.49 / 1,1%,Identity,Microsoft Entra ID,Yes,No,Wingtip Retail,AATP_Vpn,"Retail tenant with seasonal accounts, permissive sharing, and partial endpoint controls."
67,Stop weak cipher usage,To address,0.66 / 5,5%,Identity,Microsoft Entra ID,No,Yes,Wingtip Retail,AATP_WeakCipher,"Retail tenant with seasonal accounts, permissive sharing, and partial endpoint controls."
10,Ensure 'User owned apps and services' is restricted,To address,0.02 / 3,3%,Identity,Microsoft Entra ID,Yes,No,Wingtip Retail,admincenter_owned_apps_and_services,"Retail tenant with seasonal accounts, permissive sharing, and partial endpoint controls."
1,Ensure multifactor authentication is enabled for all users in administrative roles,To address,1.02 / 10,10%,Identity,Microsoft Entra ID,Yes,No,Wingtip Retail,AdminMFAV2,"Retail tenant with seasonal accounts, permissive sharing, and partial endpoint controls."
9,Regulate cloud app access to sensitive data,Planned,2.54 / 7,7%,Apps,AppG,Yes,No,Wingtip Retail,AppG_regulate_access_to_sensitive_data,"Retail tenant with seasonal accounts, permissive sharing, and partial endpoint controls."
10,Regulate apps with priority account consent,Planned,5.05 / 7,7%,Apps,AppG,Yes,No,Wingtip Retail,AppG_unusual_activity_with_priority_account,"Retail tenant with seasonal accounts, permissive sharing, and partial endpoint controls."
68,Enable Conditional Access policies to block legacy authentication,To address,1.93 / 8,8%,Identity,Microsoft Entra ID,Yes,No,Wingtip Retail,BlockLegacyAuthentication,"Retail tenant with seasonal accounts, permissive sharing, and partial endpoint controls."
127,Ensure the customer lockbox feature is enabled,Planned,0.71 / 1,1%,Apps,Exchange Online,Yes,No,Wingtip Retail,CustomerLockBoxEnabled,"Retail tenant with seasonal accounts, permissive sharing, and partial endpoint controls."
128,Ensure DLP policies are enabled,To address,0.15 / 5,5%,Data,MIP,Yes,Yes,Wingtip Retail,dlp_datalossprevention,"Retail tenant with seasonal accounts, permissive sharing, and partial endpoint controls."
128,Ensure 'External sharing' of calendars is not available,To address,0.12 / 5,5%,Apps,Exchange Online,Yes,No,Wingtip Retail,exo_individualsharing,"Retail tenant with seasonal accounts, permissive sharing, and partial endpoint controls."
10,Ensure mailbox auditing for all users is Enabled,Planned,1.46 / 3,3%,Apps,Exchange Online,Yes,No,Wingtip Retail,exo_mailboxaudit,"Retail tenant with seasonal accounts, permissive sharing, and partial endpoint controls."
10,Ensure MailTips are enabled for end users,To address,0 / 3,3%,Apps,Exchange Online,Yes,No,Wingtip Retail,exo_mailtipsenabled,"Retail tenant with seasonal accounts, permissive sharing, and partial endpoint controls."
10,Ensure modern authentication for Exchange Online is enabled,To address,0.83 / 3,3%,Identity,Exchange Online,Yes,No,Wingtip Retail,exo_oauth2clientprofileenabled,"Retail tenant with seasonal accounts, permissive sharing, and partial endpoint controls."
10,Ensure users installing Outlook add-ins is not allowed,To address,0.52 / 3,3%,Apps,Exchange Online,Yes,No,Wingtip Retail,exo_outlookaddins,"Retail tenant with seasonal accounts, permissive sharing, and partial endpoint controls."
10,Ensure that SPF records are published for all Exchange Domains,Planned,3.2 / 5,5%,Apps,Exchange Online,Yes,Yes,Wingtip Retail,exo_SPF_records_for_all_domains,"Retail tenant with seasonal accounts, permissive sharing, and partial endpoint controls."
10,Ensure additional storage providers are restricted in Outlook on the web,Completed,4.25 / 5,5%,Apps,Exchange Online,Yes,No,Wingtip Retail,exo_storageproviderrestricted,"Retail tenant with seasonal accounts, permissive sharing, and partial endpoint controls."
128,Ensure Spam confidence level (SCL) is configured in mail transport rules with specific domains,Completed,2.78 / 3,3%,Apps,Exchange Online,Yes,No,Wingtip Retail,exo_transportrulesallowlistdomains,"Retail tenant with seasonal accounts, permissive sharing, and partial endpoint controls."
10,Ensure internal phishing protection for Forms is enabled,Planned,3.49 / 6,6%,Apps,FORMS,Yes,No,Wingtip Retail,forms_phishing_protection,"Retail tenant with seasonal accounts, permissive sharing, and partial endpoint controls."
35,Ensure user consent to apps accessing company data on their behalf is not allowed,Planned,2.49 / 4,4%,Identity,Microsoft Entra ID,No,No,Wingtip Retail,IntegratedApps,"Retail tenant with seasonal accounts, permissive sharing, and partial endpoint controls."
10,Ensure Microsoft Defender for Cloud Apps is enabled and configured,To address,0.68 / 5,5%,Apps,Microsoft Defender,Yes,No,Wingtip Retail,mcas_mda_enabled,"Retail tenant with seasonal accounts, permissive sharing, and partial endpoint controls."
82,Deploy a log collector to discover shadow IT activity,Planned,0.41 / 1,1%,Apps,MCAS,Yes,No,Wingtip Retail,McasFirewallLogUpload,"Retail tenant with seasonal accounts, permissive sharing, and partial endpoint controls."
10,Enable multi-factor authentication (MFA),Planned,2.76 / 7,7%,Identity,Microsoft Entra ID,Yes,Yes,Wingtip Retail,MDA_Atlassian_EnableTwoFactorAuth,"Retail tenant with seasonal accounts, permissive sharing, and partial endpoint controls."
10,Enable Single Sing On (SSO),To address,0.19 / 7,7%,Identity,Microsoft Entra ID,Yes,No,Wingtip Retail,MDA_Atlassian_ForceSSO,"Retail tenant with seasonal accounts, permissive sharing, and partial endpoint controls."
10,Enable session timeout for web users,Planned,3.57 / 6,6%,Identity,Microsoft Entra ID,Yes,No,Wingtip Retail,MDA_Atlassian_InactiveTimeoutMins,"Retail tenant with seasonal accounts, permissive sharing, and partial endpoint controls."
10,Atlassian mobile app security - App access requirement,Planned,4.57 / 6,6%,Identity,Microsoft Entra ID,Yes,No,Wingtip Retail,MDA_Atlassian_mobile_access,"Retail tenant with seasonal accounts, permissive sharing, and partial endpoint controls."
10,Atlassian mobile app security - App data protection,Planned,3.31 / 6,6%,Apps,MDA_Atlassian,Yes,No,Wingtip Retail,MDA_Atlassian_mobile_dataprotection,"Retail tenant with seasonal accounts, permissive sharing, and partial endpoint controls."
10,Atlassian mobile app security - Users that are affected by policies,Planned,2 / 3,3%,Identity,Microsoft Entra ID,Yes,No,Wingtip Retail,MDA_Atlassian_mobile_UsersAffected,"Retail tenant with seasonal accounts, permissive sharing, and partial endpoint controls."
10,Enable Password expiration policies,Planned,3.12 / 6,6%,Identity,Microsoft Entra ID,Yes,No,Wingtip Retail,MDA_Atlassian_passwordExpiry,"Retail tenant with seasonal accounts, permissive sharing, and partial endpoint controls."
10,Enable multi-factor authentication (MFA),Planned,3.63 / 7,7%,Identity,Microsoft Entra ID,Yes,No,Wingtip Retail,MDA_CitrixSF_EnableTwoFactorAuth,"Retail tenant with seasonal accounts, permissive sharing, and partial endpoint controls."
10,Enable Single Sign on (SSO),To address,0.38 / 7,7%,Identity,Microsoft Entra ID,Yes,No,Wingtip Retail,MDA_CitrixSF_ForceSSO,"Retail tenant with seasonal accounts, permissive sharing, and partial endpoint controls."
10,Enable session timeout for web users,To address,1.07 / 6,6%,Identity,Microsoft Entra ID,Yes,No,Wingtip Retail,MDA_CitrixSF_InactiveTimeoutMins,"Retail tenant with seasonal accounts, permissive sharing, and partial endpoint controls."
10,Enhance 'login maximum attempts' - Lockout timer,Planned,2.3 / 6,6%,Identity,Microsoft Entra ID,Yes,No,Wingtip Retail,MDA_CitrixSF_LoginFailLockoutSecs,"Retail tenant with seasonal accounts, permissive sharing, and partial endpoint controls."
10,Enhance 'login maximum attempts' - Number of attempts,Planned,2.2 / 6,6%,Identity,Microsoft Entra ID,Yes,No,Wingtip Retail,MDA_CitrixSF_LoginFailMaxAttempts,"Retail tenant with seasonal accounts, permissive sharing, and partial endpoint controls."
10,Enable password minimum length,To address,0.82 / 4,4%,Identity,Microsoft Entra ID,Yes,No,Wingtip Retail,MDA_CitrixSF_MinimumLength,"Retail tenant with seasonal accounts, permissive sharing, and partial endpoint controls."
10,Enable password minimum numeric characters,Planned,2.04 / 4,4%,Identity,Microsoft Entra ID,Yes,No,Wingtip Retail,MDA_CitrixSF_MinimumNumeric,"Retail tenant with seasonal accounts, permissive sharing, and partial endpoint controls."
10,Enable password minimum special characters,Planned,3 / 4,4%,Identity,Microsoft Entra ID,Yes,No,Wingtip Retail,MDA_CitrixSF_MinimumSpecialCharacters,"Retail tenant with seasonal accounts, permissive sharing, and partial endpoint controls."
10,Enable password expiration policies,To address,0.23 / 4,4%,Identity,Microsoft Entra ID,Yes,No,Wingtip Retail,MDA_CitrixSF_PasswordMaxAgeDays,"Retail tenant with seasonal accounts, permissive sharing, and partial endpoint controls."
10,Enhance password requirements,To address,0.36 / 4,4%,Identity,Microsoft Entra ID,Yes,No,Wingtip Retail,MDA_DocuSign_EnhancedPassword,"Retail tenant with seasonal accounts, permissive sharing, and partial endpoint controls."
10,Password expiry requirements,Planned,1.37 / 4,4%,Identity,Microsoft Entra ID,Yes,No,Wingtip Retail,MDA_DocuSign_PasswordExpires,"Retail tenant with seasonal accounts, permissive sharing, and partial endpoint controls."
10,Enable session timeout for web users,To address,0.41 / 6,6%,Identity,Microsoft Entra ID,No,Yes,Wingtip Retail,MDA_DocuSign_SessionTimeout,"Retail tenant with seasonal accounts, permissive sharing, and partial endpoint controls."
10,Enable web session timeout for web users,Planned,2.08 / 6,6%,Identity,Microsoft Entra ID,Yes,No,Wingtip Retail,MDA_Dropbox_InactiveTimeoutMins,"Retail tenant with seasonal accounts, permissive sharing, and partial endpoint controls."
10,Disable 'Allow members to view dependency insights',Planned,1.69 / 4,4%,Identity,Microsoft Entra ID,Yes,No,Wingtip Retail,MDA_GitHub_DependencyInsights,"Retail tenant with seasonal accounts, permissive sharing, and partial endpoint controls."
10,Enabled 'email notification delivery for this enterprise is restricted to verified or approved domains',Planned,1.58 / 3,3%,Apps,Exchange Online,Yes,Yes,Wingtip Retail,MDA_GitHub_EmailNotificationRestrictedToVerifiedOrApprovedDomains,"Retail tenant with seasonal accounts, permissive sharing, and partial endpoint controls."
10,Enforce IP allow list configuration for org resources,Planned,1.99 / 4,4%,Identity,Microsoft Entra ID,Yes,No,Wingtip Retail,MDA_GitHub_IPallowListConfigurationForOrgResources,"Retail tenant with seasonal accounts, permissive sharing, and partial endpoint controls."
10,Disable 'Allow repository administrators to invite outside collaborators to repositories for this organization,Planned,3.01 / 4,4%,Identity,Microsoft Entra ID,Yes,No,Wingtip Retail,MDA_GitHub_OutsideCollabInvitation,"Retail tenant with seasonal accounts, permissive sharing, and partial endpoint controls."
10,Disable private repository forking,To address,2.15 / 7,7%,Apps,MDA_GitHub,Yes,No,Wingtip Retail,MDA_GitHub_PrivateRepositoryForkingSetting,"Retail tenant with seasonal accounts, permissive sharing, and partial endpoint controls."
10,"Disable 'Members will be able to create public repositories, visible to anyone'",To address,0.33 / 4,4%,Identity,Microsoft Entra ID,Yes,No,Wingtip Retail,MDA_GitHub_PublicRepoCreation,"Retail tenant with seasonal accounts, permissive sharing, and partial endpoint controls."
10,Disable 'members with admin permissions for repositories can delete or transfer repositories',To address,1.92 / 6,6%,Identity,Microsoft Entra ID,Yes,No,Wingtip Retail,MDA_GitHub_RepoTransferOrDeletion,"Retail tenant with seasonal accounts, permissive sharing, and partial endpoint controls."
10,Disable 'Allow members to change repository visibilities for this organization',Planned,2.59 / 6,6%,Apps,MDA_GitHub,Yes,No,Wingtip Retail,MDA_GitHub_RepoVisibility_change,"Retail tenant with seasonal accounts, permissive sharing, and partial endpoint controls."
10,Enable single sign on (SSO),Planned,2.05 / 3,3%,Identity,Microsoft Entra ID,Yes,No,Wingtip Retail,MDA_GitHub_SAML,"Retail tenant with seasonal accounts, permissive sharing, and partial endpoint controls."
10,Enable multi-factor authentication (MFA),Planned,5.29 / 7,7%,Identity,Microsoft Entra ID,Yes,No,Wingtip Retail,MDA_Google_EnableTwoFactorAuth,"Retail tenant with seasonal accounts, permissive sharing, and partial endpoint controls."
10,Adopt SSO (Single sign on) in netDocuments,Planned,5.36 / 7,7%,Identity,Microsoft Entra ID,Yes,No,Wingtip Retail,MDA_NetDocuments_SSO,"Retail tenant with seasonal accounts, permissive sharing, and partial endpoint controls."
10,Enhance password requirements,Planned,2.95 / 4,4%,Identity,Microsoft Entra ID,Yes,No,Wingtip Retail,MDA_Okta_EnhancedPassword,"Retail tenant with seasonal accounts, permissive sharing, and partial endpoint controls."
10,Enable multi-factor authentication,Planned,3.86 / 7,7%,Identity,Microsoft Entra ID,Yes,No,Wingtip Retail,MDA_Okta_MFA,"Retail tenant with seasonal accounts, permissive sharing, and partial endpoint controls."
10,Password expiry requirements,To address,0.38 / 4,4%,Identity,Microsoft Entra ID,Yes,Yes,Wingtip Retail,MDA_Okta_PasswordExpires,"Retail tenant with seasonal accounts, permissive sharing, and partial endpoint controls."
10,Enable session timeout for web users,To address,1.93 / 6,6%,Identity,Microsoft Entra ID,Yes,No,Wingtip Retail,MDA_Okta_SessionTimeout,"Retail tenant with seasonal accounts, permissive sharing, and partial endpoint controls."
10,Remote Site,To address,0.77 / 5,5%,Apps,MDA_SF,Yes,Yes,Wingtip Retail,MDA_SF_disableProtocolSecurity,"Retail tenant with seasonal accounts, permissive sharing, and partial endpoint controls."
10,Disable Administrators Can Log In As Any User,Planned,1.21 / 3,3%,Identity,Microsoft Entra ID,No,No,Wingtip Retail,MDA_SF_enableAdminLoginAsAnyUser,"Retail tenant with seasonal accounts, permissive sharing, and partial endpoint controls."
10,Disable Caching and Autocomplete on Login Page via Session settings,Planned,2.09 / 4,4%,Identity,Microsoft Entra ID,Yes,No,Wingtip Retail,MDA_SF_enableCacheAndAutocomplete,"Retail tenant with seasonal accounts, permissive sharing, and partial endpoint controls."
10,Enable clickjack protection for non-Setup for Salesforce pages,Planned,2.36 / 3,3%,Apps,MDA_SF,Yes,No,Wingtip Retail,MDA_SF_enableClickjackNonsetupSFDC,"Retail tenant with seasonal accounts, permissive sharing, and partial endpoint controls."
10,Enable clickjack protection for customer VisualForce pages with standard headers,Planned,2.26 / 3,3%,Apps,MDA_SF,Yes,Yes,Wingtip Retail,MDA_SF_enableClickjackNonsetupUser,"Retail tenant with seasonal accounts, permissive sharing, and partial endpoint controls."
10,Enable clickjack protection for customer VisualForce pages with headers disabled,Planned,2.21 / 3,3%,Apps,MDA_SF,Yes,No,Wingtip Retail,MDA_SF_enableClickjackNonsetupUserHeaderless,"Retail tenant with seasonal accounts, permissive sharing, and partial endpoint controls."
10,Enable clickjack protection for Setup pages,Planned,1.7 / 3,3%,Apps,MDA_SF,Yes,No,Wingtip Retail,MDA_SF_enableClickjackSetup,"Retail tenant with seasonal accounts, permissive sharing, and partial endpoint controls."
10,Enable Content Sniffing protection,To address,0.28 / 3,3%,Apps,MDA_SF,Yes,No,Wingtip Retail,MDA_SF_enableContentSniffingProtection,"Retail tenant with seasonal accounts, permissive sharing, and partial endpoint controls."
10,Enable Content Security Policy protection for email templates,To address,0.51 / 3,3%,Apps,Exchange Online,Yes,No,Wingtip Retail,MDA_SF_enableCSPOnEmail,"Retail tenant with seasonal accounts, permissive sharing, and partial endpoint controls."
10,Enable CSRF protection on GET requests on non-setup pages,Planned,1.23 / 3,3%,Apps,MDA_SF,Yes,No,Wingtip Retail,MDA_SF_enableCSRFOnGet,"Retail tenant with seasonal accounts, permissive sharing, and partial endpoint controls."
10,Enable CSRF protection on POST requests on non-setup pages,To address,0.07 / 3,3%,Apps,MDA_SF,Yes,No,Wingtip Retail,MDA_SF_enableCSRFOnPost,"Retail tenant with seasonal accounts, permissive sharing, and partial endpoint controls."
33,Require identity verification during multi-factor authentication (MFA) registration,Planned,3.24 / 7,7%,Identity,Microsoft Entra ID,Yes,No,Wingtip Retail,MDA_SF_enableMultipleSamlConfigs,"Retail tenant with seasonal accounts, permissive sharing, and partial endpoint controls."
10,Let users verify their identity by text (SMS),To address,2.06 / 7,7%,Identity,Microsoft Entra ID,Yes,No,Wingtip Retail,MDA_SF_enableSMSIdentity,"Retail tenant with seasonal accounts, permissive sharing, and partial endpoint controls."
10,Enforce login IP ranges on every request,Planned,3.67 / 5,5%,Identity,Microsoft Entra ID,Yes,No,Wingtip Retail,MDA_SF_enforceIpRangesEveryRequest,"Retail tenant with seasonal accounts, permissive sharing, and partial endpoint controls."
10,Force logout on session timeout,Planned,3.24 / 7,7%,Identity,Microsoft Entra ID,Yes,No,Wingtip Retail,MDA_SF_forceLogoutOnSessionTimeout,"Retail tenant with seasonal accounts, permissive sharing, and partial endpoint controls."
10,Force (admin) relogin after Login-As-User,To address,0.05 / 3,3%,Identity,Microsoft Entra ID,Yes,No,Wingtip Retail,MDA_SF_forceRelogin,"Retail tenant with seasonal accounts, permissive sharing, and partial endpoint controls."
10,Require identity verification for change of email address,To address,1.29 / 5,5%,Identity,Exchange Online,Yes,No,Wingtip Retail,MDA_SF_identityConfirmationOnEmailChange,"Retail tenant with seasonal accounts, permissive sharing, and partial endpoint controls."
10,Lock sessions to the domain in which they were first used,Planned,3.79 / 7,7%,Identity,Microsoft Entra ID,Yes,No,Wingtip Retail,MDA_SF_lockSessionsToDomain,"Retail tenant with seasonal accounts, permissive sharing, and partial endpoint controls."
10,Maximum invalid login attempts,Planned,2.45 / 5,5%,Identity,Microsoft Entra ID,Yes,No,Wingtip Retail,MDA_SF_maxLoginAttempts,"Retail tenant with seasonal accounts, permissive sharing, and partial endpoint controls."
10,Require a minimum 1 day password lifetime,Planned,2.46 / 5,5%,Identity,Microsoft Entra ID,Yes,No,Wingtip Retail,MDA_SF_minimumPasswordLifetime,"Retail tenant with seasonal accounts, permissive sharing, and partial endpoint controls."
10,Password complexity requirement,Planned,2.67 / 4,4%,Identity,Microsoft Entra ID,Yes,No,Wingtip Retail,MDA_SF_password_complexity,"Retail tenant with seasonal accounts, permissive sharing, and partial endpoint controls."
10,User passwords expire in 90 days or less,Completed,5 / 5,5%,Identity,Microsoft Entra ID,Yes,No,Wingtip Retail,MDA_SF_password_expiration,"Retail tenant with seasonal accounts, permissive sharing, and partial endpoint controls."
10,Enforce password history,Planned,2.57 / 4,4%,Identity,Microsoft Entra ID,Yes,No,Wingtip Retail,MDA_SF_password_historyRestriction,"Retail tenant with seasonal accounts, permissive sharing, and partial endpoint controls."
10,Lockout effective period,To address,0.62 / 7,7%,Identity,Microsoft Entra ID,Yes,Yes,Wingtip Retail,MDA_SF_password_lockoutInterval,"Retail tenant with seasonal accounts, permissive sharing, and partial endpoint controls."
10,Minimum password length,To address,1.36 / 4,4%,Identity,Microsoft Entra ID,Yes,No,Wingtip Retail,MDA_SF_password_minimumPasswordLength,"Retail tenant with seasonal accounts, permissive sharing, and partial endpoint controls."
10,Obscure secret answer for password resets,Planned,2.3 / 3,3%,Identity,Microsoft Entra ID,No,No,Wingtip Retail,MDA_SF_password_obscureSecretAnswer,"Retail tenant with seasonal accounts, permissive sharing, and partial endpoint controls."
10,Password question requirement,Planned,1.05 / 3,3%,Identity,Microsoft Entra ID,Yes,No,Wingtip Retail,MDA_SF_password_questionRestriction,"Retail tenant with seasonal accounts, permissive sharing, and partial endpoint controls."
10,Session timeout,To address,1.87 / 7,7%,Identity,Microsoft Entra ID,Yes,No,Wingtip Retail,MDA_SF_password_sessionTimeout,"Retail tenant with seasonal accounts, permissive sharing, and partial endpoint controls."
10,Require HttpOnly attribute,Planned,1.4 / 3,3%,Apps,MDA_SF,Yes,No,Wingtip Retail,MDA_SF_requireHttpOnly,"Retail tenant with seasonal accounts, permissive sharing, and partial endpoint controls."
10,Enable multi-factor authentication,Planned,3.13 / 6,6%,Identity,Microsoft Entra ID,Yes,No,Wingtip Retail,MDA_SNOW_authenticateMultifactor,"Retail tenant with seasonal accounts, permissive sharing, and partial endpoint controls."
10,Enable enforcing JSONv2 requests with basic authorization,Planned,3.56 / 5,5%,Identity,Microsoft Entra ID,Yes,No,Wingtip Retail,MDA_SNOW_authRequiredJson2,"Retail tenant with seasonal accounts, permissive sharing, and partial endpoint controls."
10,Enable enforcing SOAP requests with basic authorization,To address,1.03 / 5,5%,Identity,Microsoft Entra ID,Yes,No,Wingtip Retail,MDA_SNOW_authRequiredSOAP,"Retail tenant with seasonal accounts, permissive sharing, and partial endpoint controls."
10,Enable unload request authorization,Planned,4.37 / 6,6%,Identity,Microsoft Entra ID,Yes,No,Wingtip Retail,MDA_SNOW_authRequiredUnl,"Retail tenant with seasonal accounts, permissive sharing, and partial endpoint controls."
10,Enable script request authorization,To address,0.33 / 4,4%,Identity,Microsoft Entra ID,Yes,No,Wingtip Retail,MDA_SNOW_cauthRequiredScriptedProcessor,"Retail tenant with seasonal accounts, permissive sharing, and partial endpoint controls."
10,Enable URL allow list for cross-origin iframe communication,To address,0.44 / 6,6%,Apps,MDA_SNOW,Yes,Yes,Wingtip Retail,MDA_SNOW_concourseOnmessageEnforceSameOrigin,"Retail tenant with seasonal accounts, permissive sharing, and partial endpoint controls."
10,Enable Password Reset Policy Checks,Planned,1.65 / 4,4%,Identity,Microsoft Entra ID,Yes,No,Wingtip Retail,MDA_SNOW_enablePasswordPolicy,"Retail tenant with seasonal accounts, permissive sharing, and partial endpoint controls."
10,Enable high security plugin,Planned,3.12 / 7,7%,Apps,MDA_SNOW,Yes,No,Wingtip Retail,MDA_SNOW_highSecurity,"Retail tenant with seasonal accounts, permissive sharing, and partial endpoint controls."
10,Set default cache-control HTTP header value to private,To address,1.81 / 6,6%,Apps,MDA_SNOW,Yes,No,Wingtip Retail,MDA_SNOW_httpCacheControl,"Retail tenant with seasonal accounts, permissive sharing, and partial endpoint controls."
10,Disable password-less authentication,Planned,4.9 / 6,6%,Identity,Microsoft Entra ID,Yes,No,Wingtip Retail,MDA_SNOW_loginNoBlankPassword,"Retail tenant with seasonal accounts, permissive sharing, and partial endpoint controls."
10,Enable Contextual Security: Role Management plugin,To address,0.8 / 6,6%,Identity,Microsoft Entra ID,Yes,No,Wingtip Retail,MDA_SNOW_roleManagement,"Retail tenant with seasonal accounts, permissive sharing, and partial endpoint controls."
10,Set client-callable script includes to private,Planned,2.39 / 4,4%,Apps,MDA_SNOW,Yes,No,Wingtip Retail,MDA_SNOW_scriptCcsiIsPublic,"Retail tenant with seasonal accounts, permissive sharing, and partial endpoint controls."
10,Apply access control rule (ACL) validation when server-side records are accessed using GlideAjax APIs within a client script,Planned,2.98 / 4,4%,Apps,MDA_SNOW,Yes,No,Wingtip Retail,MDA_SNOW_scriptSecureAjaxgliderecord,"Retail tenant with seasonal accounts, permissive sharing, and partial endpoint controls."
10,Enable client generated scripts sandbox,To address,0.87 / 6,6%,Apps,MDA_SNOW,Yes,No,Wingtip Retail,MDA_SNOW_scriptUseSandbox,"Retail tenant with seasonal accounts, permissive sharing, and partial endpoint controls."
10,Enable default deny with new ACL rules,Planned,2.3 / 5,5%,Apps,MDA_SNOW,Yes,No,Wingtip Retail,MDA_SNOW_smDefaultMode,"Retail tenant with seasonal accounts, permissive sharing, and partial endpoint controls."
10,Enable managing failed login attempts,To address,0.41 / 4,4%,Identity,Microsoft Entra ID,Yes,No,Wingtip Retail,MDA_SNOW_sncUserLockoutCheck,"Retail tenant with seasonal accounts, permissive sharing, and partial endpoint controls."
10,Enable SOAP content type checking,Planned,2.28 / 6,6%,Apps,MDA_SNOW,Yes,No,Wingtip Retail,MDA_SNOW_soapRequireContentTypeXml,"Retail tenant with seasonal accounts, permissive sharing, and partial endpoint controls."
10,Enable SOAP request strict security,Planned,3.24 / 6,6%,Apps,MDA_SNOW,No,Yes,Wingtip Retail,MDA_SNOW_soapStrictSecurity,"Retail tenant with seasonal accounts, permissive sharing, and partial endpoint controls."
10,Activate security jump start (ACL rules) plugin,Planned,1.96 / 4,4%,Identity,Microsoft Entra ID,Yes,No,Wingtip Retail,MDA_SNOW_systemSecurity,"Retail tenant with seasonal accounts, permissive sharing, and partial endpoint controls."
10,Enable session activity timeout,Planned,2.31 / 4,4%,Identity,Microsoft Entra ID,No,No,Wingtip Retail,MDA_SNOW_uiSessionTimeout,"Retail tenant with seasonal accounts, permissive sharing, and partial endpoint controls."
10,Enable anti-CSRF token,Planned,3.58 / 6,6%,Identity,Microsoft Entra ID,Yes,No,Wingtip Retail,MDA_SNOW_useCsrfToken,"Retail tenant with seasonal accounts, permissive sharing, and partial endpoint controls."
10,Enable absolute session timeout,Planned,2.94 / 4,4%,Identity,Microsoft Entra ID,Yes,No,Wingtip Retail,MDA_SNOW_userCookieMaxLifeSpanInDays,"Retail tenant with seasonal accounts, permissive sharing, and partial endpoint controls."
10,Adopt SSO (Single sign on) in Workplace by Meta,Planned,2.41 / 7,7%,Identity,Microsoft Entra ID,Yes,No,Wingtip Retail,MDA_Workplace_SSO,"Retail tenant with seasonal accounts, permissive sharing, and partial endpoint controls."
10,Block admins to set passwords,To address,0.67 / 3,3%,Identity,Microsoft Entra ID,Yes,No,Wingtip Retail,MDA_Zendesk_AdminPassChange,"Retail tenant with seasonal accounts, permissive sharing, and partial endpoint controls."
10,Block account assumption,Planned,1.8 / 4,4%,Identity,Microsoft Entra ID,Yes,No,Wingtip Retail,MDA_Zendesk_BlockAccountAssumption,"Retail tenant with seasonal accounts, permissive sharing, and partial endpoint controls."
10,Block customers to bypass IP restrictions,Planned,1.14 / 3,3%,Identity,Microsoft Entra ID,Yes,No,Wingtip Retail,MDA_Zendesk_bypassIPrestrictions,"Retail tenant with seasonal accounts, permissive sharing, and partial endpoint controls."
10,"Send a notification on password change for admins, agents, and end users",Planned,2.2 / 3,3%,Identity,Microsoft Entra ID,Yes,No,Wingtip Retail,MDA_Zendesk_EmailNotificationsforPassChange,"Retail tenant with seasonal accounts, permissive sharing, and partial endpoint controls."
10,Admins and agents can use the Zendesk Support mobile app,To address,0.44 / 3,3%,Apps,MDA_Zendesk,Yes,No,Wingtip Retail,MDA_Zendesk_enableapp,"Retail tenant with seasonal accounts, permissive sharing, and partial endpoint controls."
10,Enable IP restrictions,Completed,2.53 / 3,3%,Identity,Microsoft Entra ID,Yes,No,Wingtip Retail,MDA_Zendesk_IPrestrictions,"Retail tenant with seasonal accounts, permissive sharing, and partial endpoint controls."
10,Enable and adopt two-factor authentication (2FA),To address,1.16 / 7,7%,Identity,Microsoft Entra ID,Yes,No,Wingtip Retail,MDA_Zendesk_MFA,"Retail tenant with seasonal accounts, permissive sharing, and partial endpoint controls."
10,Enable session timeout for users,To address,2.03 / 6,6%,Identity,Microsoft Entra ID,Yes,Yes,Wingtip Retail,MDA_Zendesk_sessionexpiry,"Retail tenant with seasonal accounts, permissive sharing, and partial endpoint controls."
10,Enable external Authentication (google or microsoft or SSO),Planned,4.58 / 7,7%,Identity,Microsoft Entra ID,Yes,No,Wingtip Retail,MDA_Zendesk_SSO,"Retail tenant with seasonal accounts, permissive sharing, and partial endpoint controls."
10,Enable Zendesk authentication,To address,0 / 7,7%,Identity,Microsoft Entra ID,Yes,No,Wingtip Retail,MDA_Zendesk_ZanAuth,"Retail tenant with seasonal accounts, permissive sharing, and partial endpoint controls."
10,Block users in specific domains from joining meetings and webinars,To address,0.89 / 3,3%,Apps,MDA_Zoom,Yes,No,Wingtip Retail,MDA_Zoom_BlockDomains,"Retail tenant with seasonal accounts, permissive sharing, and partial endpoint controls."
10,Enforce end to end encryption in all Zoom meetings,Planned,1.47 / 3,3%,Apps,MDA_Zoom,Yes,No,Wingtip Retail,MDA_Zoom_MeetingE2eEncryption,"Retail tenant with seasonal accounts, permissive sharing, and partial endpoint controls."
10,Enable multi-factor authentication,To address,0.33 / 7,7%,Apps,MDA_Zoom,No,No,Wingtip Retail,MDA_Zoom_MFA,"Retail tenant with seasonal accounts, permissive sharing, and partial endpoint controls."
10,Enhance password requirements,Planned,2.41 / 4,4%,Apps,MDA_Zoom,Yes,Yes,Wingtip Retail,MDA_Zoom_PasswordReq,"Retail tenant with seasonal accounts, permissive sharing, and partial endpoint controls."
10,Enable session timeout for client users,Planned,3.94 / 6,6%,Apps,MDA_Zoom,Yes,No,Wingtip Retail,MDA_Zoom_SessionTimeoutClient,"Retail tenant with seasonal accounts, permissive sharing, and partial endpoint controls."
10,Enable session timeout for web users,To address,0.24 / 6,6%,Apps,MDA_Zoom,Yes,No,Wingtip Retail,MDA_Zoom_SessionTimeoutWeb,"Retail tenant with seasonal accounts, permissive sharing, and partial endpoint controls."
128,Ensure that no sender domains are allowed for anti-spam policies,Planned,0.81 / 2,2%,Apps,MDO,Yes,No,Wingtip Retail,mdo_allowedsenderscombined,"Retail tenant with seasonal accounts, permissive sharing, and partial endpoint controls."
10,Ensure that an anti-phishing policy has been created,To address,0.32 / 3,3%,Apps,MDO,Yes,No,Wingtip Retail,mdo_antiphishingpolicies,"Retail tenant with seasonal accounts, permissive sharing, and partial endpoint controls."
128,"Turn on Microsoft Defender for Office 365 in SharePoint, OneDrive, and Microsoft Teams",To address,0.68 / 5,5%,Apps,Microsoft Teams,Yes,No,Wingtip Retail,mdo_atpprotection,"Retail tenant with seasonal accounts, permissive sharing, and partial endpoint controls."
128,Set automatic email forwarding rules to be system controlled,To address,0.26 / 1,1%,Apps,Exchange Online,Yes,No,Wingtip Retail,mdo_autoforwardingmode,"Retail tenant with seasonal accounts, permissive sharing, and partial endpoint controls."
10,Ensure all forms of mail forwarding are blocked and/or disabled,Planned,2.28 / 5,5%,Apps,Exchange Online,Yes,No,Wingtip Retail,mdo_blockmailforward,"Retail tenant with seasonal accounts, permissive sharing, and partial endpoint controls."
128,Set action to take on bulk spam detection,Planned,1.7 / 3,3%,Apps,MDO,Yes,Yes,Wingtip Retail,mdo_bulkspamaction,"Retail tenant with seasonal accounts, permissive sharing, and partial endpoint controls."
128,Set the email bulk complaint level (BCL) threshold to be 6 or lower,Planned,0.66 / 1,1%,Apps,Exchange Online,No,No,Wingtip Retail,mdo_bulkthreshold,"Retail tenant with seasonal accounts, permissive sharing, and partial endpoint controls."
128,Ensure the Common Attachment Types Filter is enabled,Planned,3.73 / 5,5%,Apps,MDO,Yes,No,Wingtip Retail,mdo_commonattachmentsfilter,"Retail tenant with seasonal accounts, permissive sharing, and partial endpoint controls."
128,Don't add allowed IP addresses in the connection filter policy,Planned,0.78 / 1,1%,Apps,MDO,Yes,No,Wingtip Retail,mdo_connectionfilter,"Retail tenant with seasonal accounts, permissive sharing, and partial endpoint controls."
128,Enable impersonated domain protection,Planned,4.14 / 8,8%,Apps,MDO,Yes,No,Wingtip Retail,mdo_enabledomainstoprotect,"Retail tenant with seasonal accounts, permissive sharing, and partial endpoint controls."
128,Ensure that mailbox intelligence is enabled,Planned,3.08 / 8,8%,Apps,Exchange Online,Yes,No,Wingtip Retail,mdo_enablemailboxintelligence,"Retail tenant with seasonal accounts, permissive sharing, and partial endpoint controls."
128,Set action to take on high confidence phishing detection,Planned,2.72 / 5,5%,Apps,MDO,Yes,Yes,Wingtip Retail,mdo_highconfidencephishaction,"Retail tenant with seasonal accounts, permissive sharing, and partial endpoint controls."
128,Set action to take on high confidence spam detection,Planned,2.26 / 5,5%,Apps,MDO,Yes,No,Wingtip Retail,mdo_highconfidencespamaction,"Retail tenant with seasonal accounts, permissive sharing, and partial endpoint controls."
128,Ensure that intelligence for impersonation protection is enabled,To address,1.58 / 8,8%,Apps,MDO,Yes,No,Wingtip Retail,mdo_mailboxintelligenceprotection,"Retail tenant with seasonal accounts, permissive sharing, and partial endpoint controls."
128,Move messages that are detected as impersonated users by mailbox intelligence,Planned,6.15 / 8,8%,Apps,Exchange Online,No,No,Wingtip Retail,mdo_mailboxintelligenceprotectionaction,"Retail tenant with seasonal accounts, permissive sharing, and partial endpoint controls."
128,Set the phishing email level threshold at 2 or higher,Planned,4.26 / 8,8%,Apps,Exchange Online,Yes,No,Wingtip Retail,mdo_phishthresholdlevel,"Retail tenant with seasonal accounts, permissive sharing, and partial endpoint controls."
128,Set action to take on phishing detection,Planned,3.72 / 5,5%,Apps,MDO,Yes,No,Wingtip Retail,mdo_phisspamacation,"Retail tenant with seasonal accounts, permissive sharing, and partial endpoint controls."
128,Retain spam in quarantine for 30 days,To address,0.06 / 1,1%,Apps,MDO,Yes,Yes,Wingtip Retail,mdo_quarantineretentionperiod,"Retail tenant with seasonal accounts, permissive sharing, and partial endpoint controls."
128,Set maximum number of external recipients that a user can email per hour,Planned,0.46 / 1,1%,Apps,Exchange Online,Yes,No,Wingtip Retail,mdo_recipientexternallimitperhour,"Retail tenant with seasonal accounts, permissive sharing, and partial endpoint controls."
128,Set maximum number of internal recipients that a user can send to within an hour,Planned,0.44 / 1,1%,Apps,MDO,Yes,No,Wingtip Retail,mdo_recipientinternallimitperhour,"Retail tenant with seasonal accounts, permissive sharing, and partial endpoint controls."
128,Set a daily message limit,To address,0.23 / 1,1%,Apps,MDO,Yes,Yes,Wingtip Retail,mdo_recipientlimitperday,"Retail tenant with seasonal accounts, permissive sharing, and partial endpoint controls."
10,Ensure Safe Attachments policy is enabled,To address,1.45 / 5,5%,Apps,MDO,No,No,Wingtip Retail,mdo_safeattachmentpolicy,"Retail tenant with seasonal accounts, permissive sharing, and partial endpoint controls."
128,Turn on Safe Attachments in block mode,Planned,5.02 / 8,8%,Apps,MDO,Yes,No,Wingtip Retail,mdo_safeattachments,"Retail tenant with seasonal accounts, permissive sharing, and partial endpoint controls."
128,Turn on Safe Documents for Office Clients,Planned,3.2 / 5,5%,Apps,MDO,Yes,No,Wingtip Retail,mdo_safedocuments,"Retail tenant with seasonal accounts, permissive sharing, and partial endpoint controls."
128,Create Safe Links policies for email messages,Planned,6.45 / 9,9%,Apps,Exchange Online,Yes,No,Wingtip Retail,mdo_safelinksforemail,"Retail tenant with seasonal accounts, permissive sharing, and partial endpoint controls."
10,Ensure Safe Links for Office Applications is Enabled,Planned,2.23 / 3,3%,Apps,MDO,Yes,Yes,Wingtip Retail,mdo_safelinksforOfficeApps,"Retail tenant with seasonal accounts, permissive sharing, and partial endpoint controls."
128,Enable the domain impersonation safety tip,Planned,1.44 / 3,3%,Apps,MDO,Yes,No,Wingtip Retail,mdo_similardomainssafetytips,"Retail tenant with seasonal accounts, permissive sharing, and partial endpoint controls."
128,Enable the user impersonation safety tip,Planned,1.32 / 3,3%,Apps,MDO,Yes,No,Wingtip Retail,mdo_similaruserssafetytips,"Retail tenant with seasonal accounts, permissive sharing, and partial endpoint controls."
10,Ensure Exchange Online Spam Policies are set to notify administrators,Planned,1.17 / 3,3%,Apps,Exchange Online,Yes,No,Wingtip Retail,mdo_spam_notifications_only_for_admins,"Retail tenant with seasonal accounts, permissive sharing, and partial endpoint controls."
128,Set action to take on spam detection,To address,0.84 / 5,5%,Apps,MDO,Yes,No,Wingtip Retail,mdo_spamaction,"Retail tenant with seasonal accounts, permissive sharing, and partial endpoint controls."
128,Quarantine messages that are detected from impersonated domains,To address,1.5 / 6,6%,Apps,MDO,Yes,No,Wingtip Retail,mdo_targeteddomainprotectionaction,"Retail tenant with seasonal accounts, permissive sharing, and partial endpoint controls."
128,Quarantine messages that are detected from impersonated users,Planned,3.09 / 6,6%,Apps,MDO,Yes,No,Wingtip Retail,mdo_targeteduserprotectionaction,"Retail tenant with seasonal accounts, permissive sharing, and partial endpoint controls."
128,Enable impersonated user protection,Planned,4.09 / 8,8%,Apps,MDO,Yes,No,Wingtip Retail,mdo_targetedusersprotection,"Retail tenant with seasonal accounts, permissive sharing, and partial endpoint controls."
128,Block users who reached the message limit,Planned,0.65 / 1,1%,Apps,MDO,Yes,No,Wingtip Retail,mdo_thresholdreachedaction,"Retail tenant with seasonal accounts, permissive sharing, and partial endpoint controls."
128,Enable the user impersonation unusual characters safety tip,Planned,1.7 / 3,3%,Apps,MDO,Yes,No,Wingtip Retail,mdo_unusualcharacterssafetytips,"Retail tenant with seasonal accounts, permissive sharing, and partial endpoint controls."
128,Create zero-hour auto purge policies for malware,Completed,5.02 / 6,6%,Apps,MDO,Yes,No,Wingtip Retail,mdo_zapmalware,"Retail tenant with seasonal accounts, permissive sharing, and partial endpoint controls."
128,Create zero-hour auto purge policies for phishing messages,To address,0.12 / 3,3%,Apps,MDO,No,No,Wingtip Retail,mdo_zapphish,"Retail tenant with seasonal accounts, permissive sharing, and partial endpoint controls."
128,Create zero-hour auto purge policies for spam messages,To address,0.08 / 1,1%,Apps,MDO,Yes,No,Wingtip Retail,mdo_zapspam,"Retail tenant with seasonal accounts, permissive sharing, and partial endpoint controls."
246,Restrict anonymous users from starting Teams meetings,Planned,0.34 / 1,1%,Apps,Microsoft Teams,Yes,No,Wingtip Retail,meeting_anonymousstartmeeting_v1,"Retail tenant with seasonal accounts, permissive sharing, and partial endpoint controls."
247,Only invited users should be automatically admitted to Teams meetings,To address,0.21 / 2,2%,Apps,Microsoft Teams,No,Yes,Wingtip Retail,meeting_autoadmitusers_v1,"Retail tenant with seasonal accounts, permissive sharing, and partial endpoint controls."
248,Configure which users are allowed to present in Teams meetings,To address,0.31 / 2,2%,Apps,Microsoft Teams,Yes,No,Wingtip Retail,meeting_designatedpresenter_v1,"Retail tenant with seasonal accounts, permissive sharing, and partial endpoint controls."
249,Limit external participants from having control in a Teams meeting,To address,0.07 / 1,1%,Apps,Microsoft Teams,Yes,No,Wingtip Retail,meeting_externalrequestcontrol_v1,"Retail tenant with seasonal accounts, permissive sharing, and partial endpoint controls."
250,Restrict dial-in users from bypassing a meeting lobby,Planned,0.61 / 1,1%,Apps,Microsoft Teams,Yes,No,Wingtip Retail,meeting_pstnusersbypasslobby_v1,"Retail tenant with seasonal accounts, permissive sharing, and partial endpoint controls."
251,Restrict anonymous users from joining meetings,Completed,0.86 / 1,1%,Apps,Microsoft Teams,Yes,No,Wingtip Retail,meeting_restrictanonymousjoin_v1,"Retail tenant with seasonal accounts, permissive sharing, and partial endpoint controls."
12,Ensure multifactor authentication is enabled for all users,Completed,8.19 / 9,9%,Identity,Microsoft Entra ID,No,No,Wingtip Retail,MFARegistrationV2,"Retail tenant with seasonal accounts, permissive sharing, and partial endpoint controls."
129,Ensure that Auto-labeling data classification policies are set up and used,Planned,0.41 / 1,1%,Data,MIP,Yes,No,Wingtip Retail,mip_autosensitivitylabelspolicies,"Retail tenant with seasonal accounts, permissive sharing, and partial endpoint controls."
10,Ensure DLP policies are enabled for Microsoft Teams,To address,0.66 / 3,3%,Apps,Microsoft Teams,No,No,Wingtip Retail,mip_DLP_policies_Teams,"Retail tenant with seasonal accounts, permissive sharing, and partial endpoint controls."
10,Ensure Office 365 Management Activity API is Enabled for some workloads (see description),To address,0.37 / 3,3%,Apps,MIP,Yes,Yes,Wingtip Retail,mip_management_API_enabled_four_workloads,"Retail tenant with seasonal accounts, permissive sharing, and partial endpoint controls."
129,Extend M365 sensitivity labeling to assets in Microsoft Purview data map,To address,0.2 / 1,1%,Data,MIP,Yes,Yes,Wingtip Retail,mip_purviewlabelconsent,"Retail tenant with seasonal accounts, permissive sharing, and partial endpoint controls."
10,Ensure Microsoft 365 audit log search is Enabled,Planned,1.26 / 3,3%,Apps,MIP,Yes,No,Wingtip Retail,mip_search_auditlog,"Retail tenant with seasonal accounts, permissive sharing, and partial endpoint controls."
129,Publish M365 sensitivity label data classification policies,Planned,1.62 / 2,2%,Data,MIP,Yes,No,Wingtip Retail,mip_sensitivitylabelspolicies,"Retail tenant with seasonal accounts, permissive sharing, and partial endpoint controls."
27,Designate more than one global admin,Planned,0.72 / 1,1%,Identity,Microsoft Entra ID,Yes,Yes,Wingtip Retail,OneAdmin,"Retail tenant with seasonal accounts, permissive sharing, and partial endpoint controls."
9,Ensure that password hash sync is enabled for hybrid deployments,Planned,3.04 / 5,5%,Identity,Microsoft Entra ID,Yes,No,Wingtip Retail,PasswordHashSync,"Retail tenant with seasonal accounts, permissive sharing, and partial endpoint controls."
33,Ensure the 'Password expiration policy' is set to 'Set passwords to never expire (recommended)',Planned,3.94 / 8,8%,Identity,Microsoft Entra ID,No,No,Wingtip Retail,PWAgePolicyNew,"Retail tenant with seasonal accounts, permissive sharing, and partial endpoint controls."
50,Use least privileged administrative roles,To address,0.06 / 1,1%,Identity,Microsoft Entra ID,Yes,No,Wingtip Retail,RoleOverlap,"Retail tenant with seasonal accounts, permissive sharing, and partial endpoint controls."
162,Disable JavaScript on Adobe Reader 2015,To address,0.6 / 5,5%,Device,Microsoft Intune,No,No,Wingtip Retail,scid_100,"Retail tenant with seasonal accounts, permissive sharing, and partial endpoint controls."
163,Disable JavaScript on Adobe 2015,Planned,2.34 / 5,5%,Device,Microsoft Intune,Yes,Yes,Wingtip Retail,scid_101,"Retail tenant with seasonal accounts, permissive sharing, and partial endpoint controls."
208,Enable 'Local Security Authority (LSA) protection' on Windows 11 22h2 and higher,Planned,3.49 / 8,8%,Device,Microsoft Intune,Yes,No,Wingtip Retail,scid_102,"Retail tenant with seasonal accounts, permissive sharing, and partial endpoint controls."
209,Require LDAP client signing to prevent tampering and protect directory authentication,To address,0.22 / 7,7%,Device,Microsoft Intune,Yes,No,Wingtip Retail,scid_103,"Retail tenant with seasonal accounts, permissive sharing, and partial endpoint controls."
210,Encrypt LDAP client traffic to protect sensitive data in transit,To address,1.14 / 7,7%,Device,Microsoft Intune,Yes,No,Wingtip Retail,scid_104,"Retail tenant with seasonal accounts, permissive sharing, and partial endpoint controls."
211,Enforce LDAP channel binding to protect authentication sessions from interception,Planned,4.23 / 7,7%,Device,Microsoft Intune,Yes,Yes,Wingtip Retail,scid_105,"Retail tenant with seasonal accounts, permissive sharing, and partial endpoint controls."
212,Require LDAP server signing to ensure integrity of directory traffic,Completed,6.57 / 8,8%,Device,Microsoft Intune,Yes,No,Wingtip Retail,scid_106,"Retail tenant with seasonal accounts, permissive sharing, and partial endpoint controls."
213,Disable Remote Registry Service on Windows,Planned,4.41 / 8,8%,Device,Microsoft Intune,No,No,Wingtip Retail,scid_108,"Retail tenant with seasonal accounts, permissive sharing, and partial endpoint controls."
214,Disable NTLM authentication for Windows,To address,0.08 / 8,8%,Device,Microsoft Intune,Yes,No,Wingtip Retail,scid_109,"Retail tenant with seasonal accounts, permissive sharing, and partial endpoint controls."
228,Ensure devices are updated to Secure Boot 2023 certificates and boot manager,To address,1.43 / 7,7%,Device,Microsoft Intune,Yes,No,Wingtip Retail,scid_112,"Retail tenant with seasonal accounts, permissive sharing, and partial endpoint controls."
33,Enable Automatic Updates,To address,0.55 / 5,5%,Device,Microsoft Intune,Yes,Yes,Wingtip Retail,scid_15,"Retail tenant with seasonal accounts, permissive sharing, and partial endpoint controls."
34,Enable 'Hide Option to Enable or Disable Updates',To address,1.25 / 5,5%,Device,Microsoft Intune,Yes,Yes,Wingtip Retail,scid_16,"Retail tenant with seasonal accounts, permissive sharing, and partial endpoint controls."
35,Disable 'Allow running plugins that are outdated',Planned,4.45 / 8,8%,Device,Microsoft Intune,Yes,No,Wingtip Retail,scid_17,"Retail tenant with seasonal accounts, permissive sharing, and partial endpoint controls."
37,Disable 'Continue running background apps when Google Chrome is closed',Completed,5 / 5,5%,Device,Microsoft Intune,Yes,No,Wingtip Retail,scid_19,"Retail tenant with seasonal accounts, permissive sharing, and partial endpoint controls."
38,Disable 'AutoFill',Planned,2.76 / 5,5%,Device,Microsoft Intune,Yes,No,Wingtip Retail,scid_20,"Retail tenant with seasonal accounts, permissive sharing, and partial endpoint controls."
99,Turn on Microsoft Defender for Endpoint sensor,Planned,6.79 / 10,10%,Device,Microsoft Intune,Yes,No,Wingtip Retail,scid_2000,"Retail tenant with seasonal accounts, permissive sharing, and partial endpoint controls."
100,Fix Microsoft Defender for Endpoint sensor data collection,To address,0.06 / 10,10%,Device,Microsoft Intune,Yes,No,Wingtip Retail,scid_2001,"Retail tenant with seasonal accounts, permissive sharing, and partial endpoint controls."
101,Fix Microsoft Defender for Endpoint impaired communications,Planned,4.19 / 10,10%,Device,Microsoft Intune,Yes,No,Wingtip Retail,scid_2002,"Retail tenant with seasonal accounts, permissive sharing, and partial endpoint controls."
281,Turn on Tamper Protection,To address,2.38 / 8,8%,Device,Microsoft Intune,Yes,No,Wingtip Retail,scid_2003,"Retail tenant with seasonal accounts, permissive sharing, and partial endpoint controls."
167,Enable EDR in block mode,To address,0.03 / 8,8%,Device,Microsoft Intune,Yes,No,Wingtip Retail,scid_2004,"Retail tenant with seasonal accounts, permissive sharing, and partial endpoint controls."
102,Turn on Microsoft Defender Antivirus,Planned,6.13 / 10,10%,Device,Microsoft Intune,Yes,No,Wingtip Retail,scid_2010,"Retail tenant with seasonal accounts, permissive sharing, and partial endpoint controls."
103,Update Microsoft Defender Antivirus definitions,To address,0.21 / 9,9%,Device,Microsoft Intune,Yes,No,Wingtip Retail,scid_2011,"Retail tenant with seasonal accounts, permissive sharing, and partial endpoint controls."
104,Turn on real-time protection,Completed,8.63 / 10,10%,Device,Microsoft Intune,Yes,No,Wingtip Retail,scid_2012,"Retail tenant with seasonal accounts, permissive sharing, and partial endpoint controls."
105,Turn on PUA protection in block mode,Planned,6.54 / 9,9%,Device,Microsoft Intune,Yes,No,Wingtip Retail,scid_2013,"Retail tenant with seasonal accounts, permissive sharing, and partial endpoint controls."
106,Fix Windows Defender Antivirus cloud service connectivity,To address,2.43 / 8,8%,Device,Microsoft Intune,Yes,No,Wingtip Retail,scid_2014,"Retail tenant with seasonal accounts, permissive sharing, and partial endpoint controls."
288,Enable cloud-delivered protection,To address,0.35 / 8,8%,Device,Microsoft Intune,Yes,No,Wingtip Retail,scid_2016,"Retail tenant with seasonal accounts, permissive sharing, and partial endpoint controls."
108,Turn on all system-level Exploit protection settings,To address,1.56 / 8,8%,Device,Microsoft Intune,No,No,Wingtip Retail,scid_2020,"Retail tenant with seasonal accounts, permissive sharing, and partial endpoint controls."
109,Set controlled folder access to enabled or audit mode,To address,0.53 / 8,8%,Device,Microsoft Intune,Yes,No,Wingtip Retail,scid_2021,"Retail tenant with seasonal accounts, permissive sharing, and partial endpoint controls."
207,Update Microsoft Defender for Endpoint core components,To address,2.03 / 10,10%,Device,Microsoft Intune,No,No,Wingtip Retail,scid_2030,"Retail tenant with seasonal accounts, permissive sharing, and partial endpoint controls."
114,Set Microsoft Defender SmartScreen app and file checking to block or warn,To address,2.68 / 9,9%,Device,Microsoft Intune,Yes,No,Wingtip Retail,scid_2060,"Retail tenant with seasonal accounts, permissive sharing, and partial endpoint controls."
115,Set Microsoft Defender SmartScreen Microsoft Edge site and download checking to block or warn,Planned,5.87 / 9,9%,Device,Microsoft Intune,Yes,No,Wingtip Retail,scid_2061,"Retail tenant with seasonal accounts, permissive sharing, and partial endpoint controls."
117,Turn on Microsoft Defender Firewall,To address,0.19 / 10,10%,Device,Microsoft Intune,Yes,No,Wingtip Retail,scid_2070,"Retail tenant with seasonal accounts, permissive sharing, and partial endpoint controls."
118,Secure Microsoft Defender Firewall domain profile,Planned,5.2 / 9,9%,Device,Microsoft Intune,Yes,No,Wingtip Retail,scid_2071,"Retail tenant with seasonal accounts, permissive sharing, and partial endpoint controls."
119,Secure Microsoft Defender firewall private profile,Planned,3.68 / 9,9%,Device,Microsoft Intune,Yes,No,Wingtip Retail,scid_2072,"Retail tenant with seasonal accounts, permissive sharing, and partial endpoint controls."
120,Secure Microsoft Defender Firewall public profile,Completed,7.51 / 9,9%,Device,Microsoft Intune,No,No,Wingtip Retail,scid_2073,"Retail tenant with seasonal accounts, permissive sharing, and partial endpoint controls."
122,Turn on Microsoft Defender Credential Guard,Planned,4.9 / 8,8%,Device,Microsoft Intune,Yes,No,Wingtip Retail,scid_2080,"Retail tenant with seasonal accounts, permissive sharing, and partial endpoint controls."
124,Encrypt all BitLocker-supported drives,To address,0.04 / 9,9%,Device,Microsoft Intune,Yes,Yes,Wingtip Retail,scid_2090,"Retail tenant with seasonal accounts, permissive sharing, and partial endpoint controls."
125,Resume BitLocker protection on all drives,Planned,4.49 / 9,9%,Device,Microsoft Intune,Yes,No,Wingtip Retail,scid_2091,"Retail tenant with seasonal accounts, permissive sharing, and partial endpoint controls."
126,Ensure BitLocker drive compatibility,Planned,3.92 / 8,8%,Device,Microsoft Intune,Yes,Yes,Wingtip Retail,scid_2093,"Retail tenant with seasonal accounts, permissive sharing, and partial endpoint controls."
39,Block webpages from automatically running Flash plugins,Planned,2.18 / 5,5%,Device,Microsoft Intune,Yes,No,Wingtip Retail,scid_21,"Retail tenant with seasonal accounts, permissive sharing, and partial endpoint controls."
215,Enable UEFI Secure Boot mode,Planned,6.45 / 9,9%,Device,Microsoft Intune,Yes,No,Wingtip Retail,scid_2100,"Retail tenant with seasonal accounts, permissive sharing, and partial endpoint controls."
40,Disable 'Password Manager',Planned,3.96 / 5,5%,Device,Microsoft Intune,Yes,No,Wingtip Retail,scid_22,"Retail tenant with seasonal accounts, permissive sharing, and partial endpoint controls."
41,Enable 'Block third party cookies',Planned,0.72 / 2,2%,Device,Microsoft Intune,Yes,No,Wingtip Retail,scid_23,"Retail tenant with seasonal accounts, permissive sharing, and partial endpoint controls."
42,Set 'Remote Desktop security level' to 'TLS',To address,1.06 / 8,8%,Device,Microsoft Intune,Yes,No,Wingtip Retail,scid_24,"Retail tenant with seasonal accounts, permissive sharing, and partial endpoint controls."
43,Enable 'Local Security Authority (LSA) protection',To address,0.51 / 8,8%,Device,Microsoft Intune,Yes,No,Wingtip Retail,scid_25,"Retail tenant with seasonal accounts, permissive sharing, and partial endpoint controls."
308,Block executable content from email client and webmail,To address,0.42 / 9,9%,Device,Exchange Online,Yes,No,Wingtip Retail,scid_2500,"Retail tenant with seasonal accounts, permissive sharing, and partial endpoint controls."
309,Block all Office applications from creating child processes,Planned,3.16 / 9,9%,Device,Microsoft Intune,Yes,No,Wingtip Retail,scid_2501,"Retail tenant with seasonal accounts, permissive sharing, and partial endpoint controls."
310,Block Office applications from creating executable content,Planned,4.11 / 9,9%,Device,Microsoft Intune,Yes,No,Wingtip Retail,scid_2502,"Retail tenant with seasonal accounts, permissive sharing, and partial endpoint controls."
311,Block Office applications from injecting code into other processes,Planned,4.97 / 9,9%,Device,Microsoft Intune,Yes,No,Wingtip Retail,scid_2503,"Retail tenant with seasonal accounts, permissive sharing, and partial endpoint controls."
312,Block JavaScript or VBScript from launching downloaded executable content,Completed,7.54 / 9,9%,Device,Microsoft Intune,Yes,No,Wingtip Retail,scid_2504,"Retail tenant with seasonal accounts, permissive sharing, and partial endpoint controls."
313,Block execution of potentially obfuscated scripts,To address,2.21 / 9,9%,Device,Microsoft Intune,Yes,No,Wingtip Retail,scid_2505,"Retail tenant with seasonal accounts, permissive sharing, and partial endpoint controls."
314,Block Win32 API calls from Office macros,Planned,4.54 / 9,9%,Device,Microsoft Intune,Yes,No,Wingtip Retail,scid_2506,"Retail tenant with seasonal accounts, permissive sharing, and partial endpoint controls."
315,"Block executable files from running unless they meet a prevalence, age, or trusted list criterion",To address,1.3 / 9,9%,Device,Microsoft Intune,Yes,No,Wingtip Retail,scid_2507,"Retail tenant with seasonal accounts, permissive sharing, and partial endpoint controls."
316,Use advanced protection against ransomware,To address,1.25 / 9,9%,Device,Microsoft Intune,Yes,No,Wingtip Retail,scid_2508,"Retail tenant with seasonal accounts, permissive sharing, and partial endpoint controls."
126,Block credential stealing from the Windows local security authority subsystem (lsass.exe),Planned,3.53 / 9,9%,Device,Microsoft Intune,Yes,Yes,Wingtip Retail,scid_2509,"Retail tenant with seasonal accounts, permissive sharing, and partial endpoint controls."
318,Block process creations originating from PSExec and WMI commands,To address,3.01 / 9,9%,Device,Microsoft Intune,Yes,No,Wingtip Retail,scid_2510,"Retail tenant with seasonal accounts, permissive sharing, and partial endpoint controls."
319,Block untrusted and unsigned processes that run from USB,Planned,6.66 / 9,9%,Device,Microsoft Intune,Yes,No,Wingtip Retail,scid_2511,"Retail tenant with seasonal accounts, permissive sharing, and partial endpoint controls."
320,Block Office communication application from creating child processes,To address,2.59 / 9,9%,Device,Microsoft Intune,Yes,No,Wingtip Retail,scid_2512,"Retail tenant with seasonal accounts, permissive sharing, and partial endpoint controls."
321,Block Adobe Reader from creating child processes,Planned,4.21 / 9,9%,Device,Microsoft Intune,Yes,No,Wingtip Retail,scid_2513,"Retail tenant with seasonal accounts, permissive sharing, and partial endpoint controls."
322,Block persistence through WMI event subscription,Planned,3.91 / 9,9%,Device,Microsoft Intune,Yes,No,Wingtip Retail,scid_2514,"Retail tenant with seasonal accounts, permissive sharing, and partial endpoint controls."
323,Block abuse of exploited vulnerable signed drivers,To address,1.22 / 9,9%,Device,Microsoft Intune,Yes,No,Wingtip Retail,scid_2515,"Retail tenant with seasonal accounts, permissive sharing, and partial endpoint controls."
216,Block Webshell creation for Servers,Planned,3.86 / 9,9%,Device,Microsoft Intune,No,No,Wingtip Retail,scid_2516,"Retail tenant with seasonal accounts, permissive sharing, and partial endpoint controls."
217,Block use of copied or impersonated system tools,To address,1.2 / 9,9%,Device,Microsoft Intune,Yes,No,Wingtip Retail,scid_2517,"Retail tenant with seasonal accounts, permissive sharing, and partial endpoint controls."
218,Block rebooting machine in Safe Mode,Planned,3.51 / 9,9%,Device,Microsoft Intune,Yes,No,Wingtip Retail,scid_2518,"Retail tenant with seasonal accounts, permissive sharing, and partial endpoint controls."
44,Enable 'Safe DLL Search Mode',To address,1.18 / 8,8%,Device,Microsoft Intune,Yes,No,Wingtip Retail,scid_26,"Retail tenant with seasonal accounts, permissive sharing, and partial endpoint controls."
45,Set User Account Control (UAC) to automatically deny elevation requests,Planned,3.84 / 8,8%,Device,Microsoft Intune,Yes,No,Wingtip Retail,scid_27,"Retail tenant with seasonal accounts, permissive sharing, and partial endpoint controls."
177,Set 'Interactive logon: Machine inactivity limit' to '1-900 seconds',Planned,2.5 / 5,5%,Device,Microsoft Intune,Yes,No,Wingtip Retail,scid_28,"Retail tenant with seasonal accounts, permissive sharing, and partial endpoint controls."
46,Disable 'Enumerate administrator accounts on elevation',Planned,5.4 / 8,8%,Device,Microsoft Intune,No,No,Wingtip Retail,scid_29,"Retail tenant with seasonal accounts, permissive sharing, and partial endpoint controls."
47,Disable 'Insecure guest logons' in SMB,Planned,3.52 / 8,8%,Device,Microsoft Intune,Yes,No,Wingtip Retail,scid_30,"Retail tenant with seasonal accounts, permissive sharing, and partial endpoint controls."
164,Fix unquoted service path for Windows services,Planned,3.71 / 8,8%,Device,Microsoft Intune,Yes,No,Wingtip Retail,scid_3001,"Retail tenant with seasonal accounts, permissive sharing, and partial endpoint controls."
165,Change service executable path to a common protected location,To address,2.02 / 8,8%,Device,Microsoft Intune,Yes,No,Wingtip Retail,scid_3002,"Retail tenant with seasonal accounts, permissive sharing, and partial endpoint controls."
166,Change service account to avoid cached password in windows registry,Planned,2.85 / 8,8%,Device,Microsoft Intune,Yes,No,Wingtip Retail,scid_3003,"Retail tenant with seasonal accounts, permissive sharing, and partial endpoint controls."
168,Disable the built-in Administrator account,To address,2.44 / 8,8%,Device,Microsoft Intune,Yes,No,Wingtip Retail,scid_3010,"Retail tenant with seasonal accounts, permissive sharing, and partial endpoint controls."
169,Disable the built-in Guest account,To address,0.57 / 8,8%,Device,Microsoft Intune,Yes,Yes,Wingtip Retail,scid_3011,"Retail tenant with seasonal accounts, permissive sharing, and partial endpoint controls."
170,Set 'Minimum password length' to '14 or more characters',Planned,1.72 / 5,5%,Device,Microsoft Intune,Yes,No,Wingtip Retail,scid_32,"Retail tenant with seasonal accounts, permissive sharing, and partial endpoint controls."
171,Set 'Enforce password history' to '24 or more password(s)',To address,0.45 / 5,5%,Device,Microsoft Intune,Yes,No,Wingtip Retail,scid_33,"Retail tenant with seasonal accounts, permissive sharing, and partial endpoint controls."
172,"Set 'Maximum password age' to '60 or fewer days, but not 0'",Completed,4.22 / 5,5%,Device,Microsoft Intune,No,No,Wingtip Retail,scid_34,"Retail tenant with seasonal accounts, permissive sharing, and partial endpoint controls."
173,Set 'Minimum password age' to '1 or more day(s)',Planned,2.28 / 5,5%,Device,Microsoft Intune,Yes,No,Wingtip Retail,scid_35,"Retail tenant with seasonal accounts, permissive sharing, and partial endpoint controls."
49,Enable 'Domain member: Require strong (Windows 2000 or later) session key',To address,1.33 / 5,5%,Device,Microsoft Intune,Yes,No,Wingtip Retail,scid_36,"Retail tenant with seasonal accounts, permissive sharing, and partial endpoint controls."
50,Enable 'Domain member: Digitally encrypt or sign secure channel data (always)',To address,0.71 / 5,5%,Device,Microsoft Intune,Yes,No,Wingtip Retail,scid_37,"Retail tenant with seasonal accounts, permissive sharing, and partial endpoint controls."
51,Enable Set 'Domain member: Digitally encrypt secure channel data (when possible)',To address,1.21 / 5,5%,Device,Microsoft Intune,Yes,No,Wingtip Retail,scid_38,"Retail tenant with seasonal accounts, permissive sharing, and partial endpoint controls."
52,Enable 'Domain member: Digitally sign secure channel data (when possible)',To address,1.13 / 5,5%,Device,Microsoft Intune,Yes,No,Wingtip Retail,scid_39,"Retail tenant with seasonal accounts, permissive sharing, and partial endpoint controls."
53,Disable 'Domain member: Disable machine account password changes',To address,0.65 / 2,2%,Device,Microsoft Intune,Yes,No,Wingtip Retail,scid_40,"Retail tenant with seasonal accounts, permissive sharing, and partial endpoint controls."
203,Disallow offline access to shares,Completed,7.1 / 8,8%,Device,Microsoft Intune,Yes,No,Wingtip Retail,scid_4000,"Retail tenant with seasonal accounts, permissive sharing, and partial endpoint controls."
204,Remove share write permission set to ‘Everyone’,Completed,6.68 / 8,8%,Device,Microsoft Intune,Yes,No,Wingtip Retail,scid_4001,"Retail tenant with seasonal accounts, permissive sharing, and partial endpoint controls."
205,Remove shares from the root folder,Planned,5.49 / 8,8%,Device,Microsoft Intune,Yes,Yes,Wingtip Retail,scid_4002,"Retail tenant with seasonal accounts, permissive sharing, and partial endpoint controls."
206,Set folder access-based enumeration for shares,Planned,4.28 / 8,8%,Device,Microsoft Intune,Yes,No,Wingtip Retail,scid_4003,"Retail tenant with seasonal accounts, permissive sharing, and partial endpoint controls."
175,Set 'Account lockout duration' to 15 minutes or more,To address,1.56 / 6,6%,Device,Microsoft Intune,Yes,Yes,Wingtip Retail,scid_41,"Retail tenant with seasonal accounts, permissive sharing, and partial endpoint controls."
178,Set 'Reset account lockout counter after' to 15 minutes or more,To address,0.03 / 6,6%,Device,Microsoft Intune,Yes,No,Wingtip Retail,scid_42,"Retail tenant with seasonal accounts, permissive sharing, and partial endpoint controls."
54,Disable Microsoft Defender Firewall notifications when programs are blocked for Domain profile,To address,0.05 / 2,2%,Device,Microsoft Intune,Yes,No,Wingtip Retail,scid_43,"Retail tenant with seasonal accounts, permissive sharing, and partial endpoint controls."
176,Set 'Account lockout threshold' to 1-10 invalid login attempts,To address,1.11 / 6,6%,Device,Microsoft Intune,Yes,No,Wingtip Retail,scid_44,"Retail tenant with seasonal accounts, permissive sharing, and partial endpoint controls."
202,Set user authentication for remote connections by using Network Level Authentication to 'Enabled',Planned,3.22 / 5,5%,Device,Microsoft Intune,Yes,No,Wingtip Retail,scid_45,"Retail tenant with seasonal accounts, permissive sharing, and partial endpoint controls."
55,Disable Microsoft Defender Firewall notifications when programs are blocked for Private profile,Planned,1.06 / 2,2%,Device,Microsoft Intune,No,No,Wingtip Retail,scid_46,"Retail tenant with seasonal accounts, permissive sharing, and partial endpoint controls."
56,Disable Microsoft Defender Firewall notifications when programs are blocked for Public profile,Planned,1.02 / 2,2%,Device,Microsoft Intune,Yes,No,Wingtip Retail,scid_49,"Retail tenant with seasonal accounts, permissive sharing, and partial endpoint controls."
57,Disable merging of local Microsoft Defender Firewall rules with group policy firewall rules for the Public profile,Planned,3.22 / 5,5%,Device,Microsoft Intune,Yes,No,Wingtip Retail,scid_50,"Retail tenant with seasonal accounts, permissive sharing, and partial endpoint controls."
179,Fix Microsoft Defender for Endpoint sensor data collection in macOS,Planned,4.65 / 10,10%,Device,Microsoft Intune,Yes,Yes,Wingtip Retail,scid_5001,"Retail tenant with seasonal accounts, permissive sharing, and partial endpoint controls."
180,Fix Microsoft Defender for Endpoint impaired communications in macOS,To address,1.59 / 10,10%,Device,Microsoft Intune,Yes,No,Wingtip Retail,scid_5002,"Retail tenant with seasonal accounts, permissive sharing, and partial endpoint controls."
181,Set minimum password length to 15 or more characters in macOS,To address,0.13 / 6,6%,Device,Microsoft Intune,Yes,No,Wingtip Retail,scid_5003,"Retail tenant with seasonal accounts, permissive sharing, and partial endpoint controls."
182,Set 'Enforce password history' to '24 or more password(s)' in macOS,To address,0.02 / 5,5%,Device,Microsoft Intune,Yes,No,Wingtip Retail,scid_5004,"Retail tenant with seasonal accounts, permissive sharing, and partial endpoint controls."
183,"Set 'Maximum password age' to '90 or fewer days, but not 0' in macOS",Planned,1.94 / 5,5%,Device,Microsoft Intune,Yes,No,Wingtip Retail,scid_5005,"Retail tenant with seasonal accounts, permissive sharing, and partial endpoint controls."
184,Set account lockout threshold to 5 or lower in macOS,To address,1.6 / 7,7%,Device,Microsoft Intune,Yes,Yes,Wingtip Retail,scid_5006,"Retail tenant with seasonal accounts, permissive sharing, and partial endpoint controls."
185,Turn on Firewall in macOS,To address,1.03 / 10,10%,Device,Microsoft Intune,Yes,No,Wingtip Retail,scid_5007,"Retail tenant with seasonal accounts, permissive sharing, and partial endpoint controls."
186,Enable Gatekeeper in macOS,To address,0.06 / 8,8%,Device,Microsoft Intune,No,No,Wingtip Retail,scid_5009,"Retail tenant with seasonal accounts, permissive sharing, and partial endpoint controls."
187,Enable System Integrity Protection (SIP) in macOS,Planned,4.73 / 7,7%,Device,Microsoft Intune,Yes,No,Wingtip Retail,scid_5010,"Retail tenant with seasonal accounts, permissive sharing, and partial endpoint controls."
187,Enable FileVault Disk Encryption in macOS,Planned,4.71 / 7,7%,Device,Microsoft Intune,No,Yes,Wingtip Retail,scid_5011,"Retail tenant with seasonal accounts, permissive sharing, and partial endpoint controls."
189,Ensure screensaver is set to start in 20 minutes or less in macOS,Planned,2.76 / 5,5%,Device,Microsoft Intune,No,Yes,Wingtip Retail,scid_5013,"Retail tenant with seasonal accounts, permissive sharing, and partial endpoint controls."
190,Secure Home Folders in macOS,To address,0.07 / 6,6%,Device,Microsoft Intune,Yes,No,Wingtip Retail,scid_5014,"Retail tenant with seasonal accounts, permissive sharing, and partial endpoint controls."
191,Turn on Microsoft Defender Antivirus real-time protection in macOS,To address,2.29 / 10,10%,Device,Microsoft Intune,Yes,No,Wingtip Retail,scid_5090,"Retail tenant with seasonal accounts, permissive sharing, and partial endpoint controls."
192,Turn on Microsoft Defender Antivirus PUA protection in block mode in macOS,Planned,4.78 / 9,9%,Device,Microsoft Intune,Yes,No,Wingtip Retail,scid_5091,"Retail tenant with seasonal accounts, permissive sharing, and partial endpoint controls."
219,Turn on Tamper Protection for MacOS,Planned,3.52 / 8,8%,Device,Microsoft Intune,Yes,Yes,Wingtip Retail,scid_5092,"Retail tenant with seasonal accounts, permissive sharing, and partial endpoint controls."
220,Enable Microsoft Defender Antivirus real-time behavior monitoring in macOS,Planned,3.33 / 5,5%,Device,Microsoft Intune,Yes,Yes,Wingtip Retail,scid_5093,"Retail tenant with seasonal accounts, permissive sharing, and partial endpoint controls."
193,Enable Microsoft Defender Antivirus cloud-delivered protection in macOS,Completed,7.19 / 8,8%,Device,Microsoft Intune,No,No,Wingtip Retail,scid_5094,"Retail tenant with seasonal accounts, permissive sharing, and partial endpoint controls."
194,Update Microsoft Defender Antivirus definitions in macOS,Planned,3.5 / 9,9%,Device,Microsoft Intune,Yes,No,Wingtip Retail,scid_5095,"Retail tenant with seasonal accounts, permissive sharing, and partial endpoint controls."
58,Disable merging of local Microsoft Defender Firewall connection rules with group policy firewall rules for the Public profile,Planned,1.95 / 5,5%,Device,Microsoft Intune,Yes,Yes,Wingtip Retail,scid_51,"Retail tenant with seasonal accounts, permissive sharing, and partial endpoint controls."
59,Enable 'Apply UAC restrictions to local accounts on network logons',Planned,2.02 / 5,5%,Device,Microsoft Intune,No,No,Wingtip Retail,scid_52,"Retail tenant with seasonal accounts, permissive sharing, and partial endpoint controls."
60,Disable SMBv1 client driver,Planned,2.73 / 8,8%,Device,Microsoft Intune,Yes,No,Wingtip Retail,scid_53,"Retail tenant with seasonal accounts, permissive sharing, and partial endpoint controls."
61,Disable SMBv1 server,Planned,3.37 / 8,8%,Device,Microsoft Intune,Yes,Yes,Wingtip Retail,scid_54,"Retail tenant with seasonal accounts, permissive sharing, and partial endpoint controls."
174,Disable 'Network access: Let Everyone permissions apply to anonymous users',To address,0.89 / 5,5%,Device,Microsoft Intune,Yes,No,Wingtip Retail,scid_55,"Retail tenant with seasonal accounts, permissive sharing, and partial endpoint controls."
62,Disable 'WDigest Authentication',Planned,3.33 / 5,5%,Device,Microsoft Intune,No,Yes,Wingtip Retail,scid_57,"Retail tenant with seasonal accounts, permissive sharing, and partial endpoint controls."
63,Disable 'Installation and configuration of Network Bridge on your DNS domain network',Planned,3.72 / 5,5%,Device,Microsoft Intune,Yes,No,Wingtip Retail,scid_58,"Retail tenant with seasonal accounts, permissive sharing, and partial endpoint controls."
64,Enable 'Require domain users to elevate when setting a network's location',Completed,1.82 / 2,2%,Device,Microsoft Intune,Yes,No,Wingtip Retail,scid_59,"Retail tenant with seasonal accounts, permissive sharing, and partial endpoint controls."
65,Prohibit use of Internet Connection Sharing on your DNS domain network,Planned,2.39 / 5,5%,Device,Microsoft Intune,Yes,No,Wingtip Retail,scid_60,"Retail tenant with seasonal accounts, permissive sharing, and partial endpoint controls."
195,Fix Microsoft Defender for Endpoint sensor data collection for Linux,Planned,4.07 / 10,10%,Device,Microsoft Intune,Yes,No,Wingtip Retail,scid_6001,"Retail tenant with seasonal accounts, permissive sharing, and partial endpoint controls."
196,Fix Microsoft Defender for Endpoint impaired communications for Linux,To address,1.14 / 10,10%,Device,Microsoft Intune,Yes,No,Wingtip Retail,scid_6002,"Retail tenant with seasonal accounts, permissive sharing, and partial endpoint controls."
197,Unrestricted Access Accounts for Linux,To address,1.33 / 6,6%,Device,Microsoft Intune,Yes,No,Wingtip Retail,scid_6014,"Retail tenant with seasonal accounts, permissive sharing, and partial endpoint controls."
198,Turn on Microsoft Defender Antivirus real-time protection for Linux,To address,1.99 / 10,10%,Device,Microsoft Intune,Yes,No,Wingtip Retail,scid_6090,"Retail tenant with seasonal accounts, permissive sharing, and partial endpoint controls."
199,Turn on Microsoft Defender Antivirus PUA protection in block mode for Linux,Planned,3.87 / 9,9%,Device,Microsoft Intune,Yes,No,Wingtip Retail,scid_6091,"Retail tenant with seasonal accounts, permissive sharing, and partial endpoint controls."
221,Turn on Microsoft Defender Antivirus Tamper Protection for Linux,To address,0.09 / 8,8%,Device,Microsoft Intune,No,No,Wingtip Retail,scid_6092,"Retail tenant with seasonal accounts, permissive sharing, and partial endpoint controls."
222,Enable Microsoft Defender Antivirus real-time behavior monitoring for Linux,Planned,2.6 / 5,5%,Device,Microsoft Intune,Yes,No,Wingtip Retail,scid_6093,"Retail tenant with seasonal accounts, permissive sharing, and partial endpoint controls."
200,Enable Microsoft Defender Antivirus cloud-delivered protection for Linux,Completed,8 / 8,8%,Device,Microsoft Intune,Yes,No,Wingtip Retail,scid_6094,"Retail tenant with seasonal accounts, permissive sharing, and partial endpoint controls."
201,Update Microsoft Defender Antivirus definitions for Linux,To address,3 / 9,9%,Device,Microsoft Intune,Yes,No,Wingtip Retail,scid_6095,"Retail tenant with seasonal accounts, permissive sharing, and partial endpoint controls."
66,Set 'Minimum PIN length for startup' to '6 or more characters',Planned,2.89 / 5,5%,Device,Microsoft Intune,Yes,No,Wingtip Retail,scid_61,"Retail tenant with seasonal accounts, permissive sharing, and partial endpoint controls."
223,Enable 'Microsoft Defender for Endpoint Plug-in for WSL',To address,0.38 / 5,5%,Device,Microsoft Intune,Yes,No,Wingtip Retail,scid_6100,"Retail tenant with seasonal accounts, permissive sharing, and partial endpoint controls."
67,Enable 'Require additional authentication at startup',To address,2.65 / 8,8%,Device,Microsoft Intune,Yes,No,Wingtip Retail,scid_62,"Retail tenant with seasonal accounts, permissive sharing, and partial endpoint controls."
68,Disable 'Configure Offer Remote Assistance',To address,0.01 / 5,5%,Device,Microsoft Intune,Yes,No,Wingtip Retail,scid_63,"Retail tenant with seasonal accounts, permissive sharing, and partial endpoint controls."
69,Restrict anonymous access to named pipes and Shares,Planned,4.84 / 8,8%,Device,Microsoft Intune,Yes,No,Wingtip Retail,scid_64,"Retail tenant with seasonal accounts, permissive sharing, and partial endpoint controls."
70,Disable 'Store LAN Manager hash value on next password change',Planned,4.42 / 8,8%,Device,Microsoft Intune,Yes,No,Wingtip Retail,scid_65,"Retail tenant with seasonal accounts, permissive sharing, and partial endpoint controls."
71,Disable 'Always install with elevated privileges',Planned,6.43 / 8,8%,Device,Microsoft Intune,No,No,Wingtip Retail,scid_66,"Retail tenant with seasonal accounts, permissive sharing, and partial endpoint controls."
72,Disable 'Autoplay for non-volume devices',Planned,2.53 / 5,5%,Device,Microsoft Intune,Yes,No,Wingtip Retail,scid_67,"Retail tenant with seasonal accounts, permissive sharing, and partial endpoint controls."
73,Disable 'Anonymous enumeration of SAM accounts',Planned,4.05 / 8,8%,Device,Microsoft Intune,Yes,Yes,Wingtip Retail,scid_68,"Retail tenant with seasonal accounts, permissive sharing, and partial endpoint controls."
74,Disable 'Autoplay' for all drives,Planned,3.77 / 8,8%,Device,Microsoft Intune,Yes,No,Wingtip Retail,scid_69,"Retail tenant with seasonal accounts, permissive sharing, and partial endpoint controls."
75,Set default behavior for 'AutoRun' to 'Enabled: Do not execute any autorun commands',To address,0.16 / 8,8%,Device,Microsoft Intune,Yes,No,Wingtip Retail,scid_70,"Retail tenant with seasonal accounts, permissive sharing, and partial endpoint controls."
76,Enable 'Limit local account use of blank passwords to console logon only',To address,0.9 / 5,5%,Device,Microsoft Intune,Yes,No,Wingtip Retail,scid_71,"Retail tenant with seasonal accounts, permissive sharing, and partial endpoint controls."
77,Set LAN Manager authentication level to 'Send NTLMv2 response only. Refuse LM & NTLM',Planned,3.69 / 8,8%,Device,Microsoft Intune,Yes,No,Wingtip Retail,scid_72,"Retail tenant with seasonal accounts, permissive sharing, and partial endpoint controls."
78,Disable 'Allow Basic authentication' for WinRM Client,Planned,4.28 / 8,8%,Device,Microsoft Intune,Yes,No,Wingtip Retail,scid_73,"Retail tenant with seasonal accounts, permissive sharing, and partial endpoint controls."
79,Disable 'Allow Basic authentication' for WinRM Service,Planned,5.4 / 8,8%,Device,Microsoft Intune,Yes,No,Wingtip Retail,scid_74,"Retail tenant with seasonal accounts, permissive sharing, and partial endpoint controls."
80,Disable Flash on Adobe Reader DC,Completed,4.3 / 5,5%,Device,Microsoft Intune,Yes,No,Wingtip Retail,scid_75,"Retail tenant with seasonal accounts, permissive sharing, and partial endpoint controls."
81,Disable JavaScript on Adobe Reader DC,Planned,3.97 / 5,5%,Device,Microsoft Intune,Yes,Yes,Wingtip Retail,scid_76,"Retail tenant with seasonal accounts, permissive sharing, and partial endpoint controls."
82,Disable Flash on Adobe Acrobat Pro XI,To address,0.32 / 5,5%,Device,Microsoft Intune,No,No,Wingtip Retail,scid_77,"Retail tenant with seasonal accounts, permissive sharing, and partial endpoint controls."
83,Disable JavaScript on Adobe Acrobat Pro XI,Planned,1.92 / 5,5%,Device,Microsoft Intune,Yes,No,Wingtip Retail,scid_78,"Retail tenant with seasonal accounts, permissive sharing, and partial endpoint controls."
84,Disable running or installing downloaded software with invalid signature,To address,1.41 / 5,5%,Device,Microsoft Intune,Yes,No,Wingtip Retail,scid_79,"Retail tenant with seasonal accounts, permissive sharing, and partial endpoint controls."
85,Block Flash activation in Office documents,Planned,1.81 / 5,5%,Device,Microsoft Intune,Yes,Yes,Wingtip Retail,scid_80,"Retail tenant with seasonal accounts, permissive sharing, and partial endpoint controls."
86,Set IPv6 source routing to highest protection,To address,0.86 / 5,5%,Device,Microsoft Intune,Yes,No,Wingtip Retail,scid_81,"Retail tenant with seasonal accounts, permissive sharing, and partial endpoint controls."
87,Disable IP source routing,Planned,2.53 / 5,5%,Device,Microsoft Intune,Yes,No,Wingtip Retail,scid_82,"Retail tenant with seasonal accounts, permissive sharing, and partial endpoint controls."
88,Enable Explorer Data Execution Prevention (DEP),To address,0.17 / 5,5%,Device,Microsoft Intune,No,No,Wingtip Retail,scid_83,"Retail tenant with seasonal accounts, permissive sharing, and partial endpoint controls."
90,Block outdated ActiveX controls for Internet Explorer,Planned,3.21 / 5,5%,Device,Microsoft Intune,Yes,No,Wingtip Retail,scid_85,"Retail tenant with seasonal accounts, permissive sharing, and partial endpoint controls."
91,Disable Solicited Remote Assistance,Planned,5.81 / 8,8%,Device,Microsoft Intune,Yes,No,Wingtip Retail,scid_87,"Retail tenant with seasonal accounts, permissive sharing, and partial endpoint controls."
92,Disable Anonymous enumeration of shares,Planned,4.4 / 8,8%,Device,Microsoft Intune,Yes,No,Wingtip Retail,scid_88,"Retail tenant with seasonal accounts, permissive sharing, and partial endpoint controls."
92,Enable scanning of removable drives during a full scan,Planned,3.25 / 8,8%,Device,Microsoft Intune,No,No,Wingtip Retail,scid_89,"Retail tenant with seasonal accounts, permissive sharing, and partial endpoint controls."
422,Enable 'Local Machine Zone Lockdown Security',To address,0.02 / 5,5%,Device,Microsoft Intune,Yes,No,Wingtip Retail,scid_9,"Retail tenant with seasonal accounts, permissive sharing, and partial endpoint controls."
93,Enable Microsoft Defender Antivirus email scanning,Planned,3.47 / 9,9%,Device,Exchange Online,Yes,No,Wingtip Retail,scid_90,"Retail tenant with seasonal accounts, permissive sharing, and partial endpoint controls."
94,Enable Microsoft Defender Antivirus real-time behavior monitoring,To address,0.77 / 5,5%,Device,Microsoft Intune,Yes,No,Wingtip Retail,scid_91,"Retail tenant with seasonal accounts, permissive sharing, and partial endpoint controls."
95,Enable Microsoft Defender Antivirus scanning of downloaded files and attachments,To address,1 / 10,10%,Device,Microsoft Intune,Yes,Yes,Wingtip Retail,scid_92,"Retail tenant with seasonal accounts, permissive sharing, and partial endpoint controls."
96,Disable the local storage of passwords and credentials,Planned,3.19 / 5,5%,Device,Microsoft Intune,Yes,No,Wingtip Retail,scid_93,"Retail tenant with seasonal accounts, permissive sharing, and partial endpoint controls."
97,Disable sending unencrypted password to third-party SMB servers,Planned,3.57 / 5,5%,Device,Microsoft Intune,Yes,Yes,Wingtip Retail,scid_94,"Retail tenant with seasonal accounts, permissive sharing, and partial endpoint controls."
98,Enable 'Microsoft network client: Digitally sign communications (always)',Planned,2.52 / 5,5%,Device,Microsoft Intune,Yes,No,Wingtip Retail,scid_95,"Retail tenant with seasonal accounts, permissive sharing, and partial endpoint controls."
429,Enable 'Network Protection',To address,2.09 / 8,8%,Device,Microsoft Intune,No,No,Wingtip Retail,scid_96,"Retail tenant with seasonal accounts, permissive sharing, and partial endpoint controls."
159,Disable JavaScript on Adobe DC,Planned,2.1 / 5,5%,Device,Microsoft Intune,Yes,No,Wingtip Retail,scid_97,"Retail tenant with seasonal accounts, permissive sharing, and partial endpoint controls."
160,Disable JavaScript on Adobe Reader 2017,Planned,2.07 / 5,5%,Device,Microsoft Intune,Yes,No,Wingtip Retail,scid_98,"Retail tenant with seasonal accounts, permissive sharing, and partial endpoint controls."
161,Disable JavaScript on Adobe Acrobat 2017,To address,1.66 / 5,5%,Device,Microsoft Intune,Yes,No,Wingtip Retail,scid_99,"Retail tenant with seasonal accounts, permissive sharing, and partial endpoint controls."
20,Ensure 'Self service password reset enabled' is set to 'All',To address,0.32 / 1,1%,Identity,Microsoft Entra ID,Yes,No,Wingtip Retail,SelfServicePasswordReset,"Retail tenant with seasonal accounts, permissive sharing, and partial endpoint controls."
58,Enable Microsoft Entra ID Identity Protection sign-in risk policies,Planned,3.89 / 7,7%,Identity,Microsoft Entra ID,Yes,No,Wingtip Retail,SigninRiskPolicy,"Retail tenant with seasonal accounts, permissive sharing, and partial endpoint controls."
10,Block OneDrive for Business sync from unmanaged devices,Planned,1.5 / 3,3%,Apps,SharePoint Online,No,No,Wingtip Retail,spo_block_onedrive_sync_unmanaged_devices,"Retail tenant with seasonal accounts, permissive sharing, and partial endpoint controls."
10,Ensure SharePoint external sharing is managed through domain whitelist/blacklists,Planned,2 / 3,3%,Apps,SharePoint Online,Yes,Yes,Wingtip Retail,spo_external_sharing_managed,"Retail tenant with seasonal accounts, permissive sharing, and partial endpoint controls."
10,Ensure that SharePoint guest users cannot share items they don't own,Planned,2.16 / 3,3%,Identity,SharePoint Online,Yes,No,Wingtip Retail,spo_external_users_sharing,"Retail tenant with seasonal accounts, permissive sharing, and partial endpoint controls."
128,Sign out inactive users in SharePoint Online,Planned,0.77 / 1,1%,Identity,SharePoint Online,Yes,No,Wingtip Retail,spo_idle_session_timeout,"Retail tenant with seasonal accounts, permissive sharing, and partial endpoint controls."
128,Ensure modern authentication for SharePoint applications is required,To address,0.06 / 1,1%,Identity,SharePoint Online,No,No,Wingtip Retail,spo_legacy_auth,"Retail tenant with seasonal accounts, permissive sharing, and partial endpoint controls."
10,Ensure that Sways cannot be shared with people outside of your organization,Planned,1.2 / 3,3%,Apps,SWAY,Yes,No,Wingtip Retail,sway_block_sharing_with_outside_users,"Retail tenant with seasonal accounts, permissive sharing, and partial endpoint controls."
59,Enable Microsoft Entra ID Identity Protection user risk policies,To address,1.54 / 7,7%,Identity,Microsoft Entra ID,Yes,Yes,Wingtip Retail,UserRiskPolicy,"Retail tenant with seasonal accounts, permissive sharing, and partial endpoint controls."
